event_id,A,announced,cusip,security_term,original_term,reopening,tenor,tenor_years,offering_amt,pre_entry,post_exit,n_prior,prior_mean,prior_sd,zS_post,zS_post_flag,S_pre,S_pre_source,zS_pre,zS_pre_flag,w_pre,w_post,week,window_complete,skipped,R_pre,R_post,dy_pre_bp,dy_post_bp,LS,LS_bp
2024-10-08_91282CLQ2,2024-10-08,2024-10-03,91282CLQ2,3-Year,3-Year,False,DGS3,3,5.8e+10,2024-10-01,2024-10-16,190,5.8e+10,0,0,sd0,5.8e+10,previous,0,sd0,1,1,2024-10-07/2024-10-13,True,False,-0.9681742,0.040669978,34,-2,1.0088442,36
2024-10-09_91282CLF6,2024-10-09,2024-10-03,91282CLF6,9-Year 10-Month,10-Year,True,DGS10,10,3.9e+10,2024-10-02,2024-10-17,338,4e+10,1.5491933e+09,-0.64549722,ok,3.9e+10,previous,-0.64549722,ok,0.35450278,0.35450278,2024-10-07/2024-10-13,True,False,-2.2050856,-0.25645982,27,3,1.9486258,24
2024-10-10_912810UC0,2024-10-10,2024-10-03,912810UC0,29-Year 10-Month,30-Year,True,DGS30,30,2.2e+10,2024-10-03,2024-10-18,197,2.3e+10,1.5491933e+09,-0.64549722,ok,2.2e+10,own,-0.64549722,ok,0.35450278,0.35450278,2024-10-07/2024-10-13,True,False,-3.3149977,-0.010125631,20,0,3.304872,20
2024-10-23_912810UD8,2024-10-23,2024-10-17,912810UD8,19-Year 10-Month,20-Year,True,DGS20,20,1.3e+10,2024-10-16,2024-10-30,54,1.4e+10,1.5491933e+09,-0.64549722,ok,1.3e+10,previous,-0.64549722,ok,0.35450278,0.35450278,2024-10-21/2024-10-27,True,False,-2.8541979,-0.2602704,22,2,2.5939275,20
2024-10-28_91282CLS8,2024-10-28,2024-10-24,91282CLS8,2-Year,2-Year,False,DGS2,2,6.9e+10,2024-10-21,2024-11-04,522,6.9e+10,0,0,sd0,6.9e+10,previous,0,sd0,1,1,2024-10-28/2024-11-03,True,False,-0.19897034,-0.101242,10,5,0.097728337,5
2024-10-28_91282CLR0,2024-10-28,2024-10-24,91282CLR0,5-Year,5-Year,False,DGS5,5,7e+10,2024-10-21,2024-11-04,460,7e+10,0,0,sd0,7e+10,previous,0,sd0,1,1,2024-10-28/2024-11-03,True,False,-0.59114015,-0.27470617,13,6,0.31643398,7
2024-10-29_91282CLU3,2024-10-29,2024-10-24,91282CLU3,7-Year,7-Year,False,DGS7,7,4.4e+10,2024-10-22,2024-11-05,198,4.4e+10,0,0,sd0,4.4e+10,previous,0,sd0,1,1,2024-10-28/2024-11-03,True,False,-0.48858541,-0.24574372,8,4,0.2428417,4
2024-11-04_91282CLX7,2024-11-04,2024-10-30,91282CLX7,3-Year,3-Year,False,DGS3,3,5.8e+10,2024-10-28,2024-11-12,191,5.8e+10,0,0,sd0,5.8e+10,previous,0,sd0,1,1,2024-11-04/2024-11-10,True,False,-0.035218823,-0.53511116,1,19,-0.49989233,-18
2024-11-05_91282CLW9,2024-11-05,2024-10-30,91282CLW9,10-Year,10-Year,False,DGS10,10,4.2e+10,2024-10-29,2024-11-13,339,4e+10,1.5491933e+09,1.2909944,ok,3.9e+10,previous,-0.64549722,ok,0.35450278,2,2024-11-04/2024-11-10,True,False,0.15632896,-1.4460068,-2,18,-1.6023357,-20
2024-11-06_912810UE6,2024-11-06,2024-10-30,912810UE6,30-Year,30-Year,False,DGS30,30,2.5e+10,2024-10-30,2024-11-14,198,2.3e+10,1.5491933e+09,1.2909944,ok,2.5e+10,own,1.2909944,ok,2,2,2024-11-04/2024-11-10,True,False,-1.7916685,0.31613193,11,-2,2.1078004,13
2024-11-20_912810UF3,2024-11-20,2024-11-14,912810UF3,20-Year,20-Year,False,DGS20,20,1.6e+10,2024-11-13,2024-11-27,55,1.4e+10,1.5491933e+09,1.2909944,ok,1.3e+10,previous,-0.64549722,ok,0.35450278,2,2024-11-18/2024-11-24,True,False,0.90918227,1.8321553,-7,-14,0.92297304,7
2024-11-25_91282CLY5,2024-11-25,2024-11-21,91282CLY5,2-Year,2-Year,False,DGS2,2,6.9e+10,2024-11-18,2024-12-03,523,6.9e+10,0,0,sd0,6.9e+10,previous,0,sd0,1,1,2024-11-25/2024-12-01,True,False,0.14812787,0.070030263,-8,-4,-0.07809761,-4
2024-11-26_91282CMA6,2024-11-26,2024-11-21,91282CMA6,5-Year,5-Year,False,DGS5,5,7e+10,2024-11-19,2024-12-04,461,7e+10,0,0,sd0,7e+10,previous,0,sd0,1,1,2024-11-25/2024-12-01,True,False,0.35269272,0.44061805,-8,-10,0.087925326,2
2024-11-27_91282CLZ2,2024-11-27,2024-11-21,91282CLZ2,7-Year,7-Year,False,DGS7,7,4.4e+10,2024-11-20,2024-12-05,199,4.4e+10,0,0,sd0,4.4e+10,previous,0,sd0,1,1,2024-11-25/2024-12-01,True,False,1.0192539,0.29437893,-17,-5,-0.72487497,-12
2024-12-10_91282CMB4,2024-12-10,2024-12-05,91282CMB4,3-Year,3-Year,False,DGS3,3,5.8e+10,2024-12-03,2024-12-17,192,5.8e+10,0,0,sd0,5.8e+10,previous,0,sd0,1,1,2024-12-09/2024-12-15,True,False,0.13436605,-0.3924244,-5,14,-0.52679044,-19
2024-12-11_91282CLW9,2024-12-11,2024-12-05,91282CLW9,9-Year 11-Month,10-Year,True,DGS10,10,3.9e+10,2024-12-04,2024-12-18,340,4e+10,1.5491933e+09,-0.64549722,ok,4.2e+10,previous,1.2909944,ok,2,0.35450278,2024-12-09/2024-12-15,True,False,-0.56842881,-1.9089537,7,24,-1.3405249,-17
2024-12-12_912810UE6,2024-12-12,2024-12-05,912810UE6,29-Year 11-Month,30-Year,True,DGS30,30,2.2e+10,2024-12-05,2024-12-19,199,2.3e+10,1.5491933e+09,-0.64549722,ok,2.2e+10,own,-0.64549722,ok,0.35450278,0.35450278,2024-12-09/2024-12-15,True,False,-3.5671042,-3.0121166,22,19,0.55498754,3
2024-12-17_912810UF3,2024-12-17,2024-12-12,912810UF3,19-Year 11-Month,20-Year,True,DGS20,20,1.3e+10,2024-12-10,2024-12-24,56,1.4e+10,1.5491933e+09,-0.64549722,ok,1.6e+10,previous,1.2909944,ok,2,0.35450278,2024-12-16/2024-12-22,True,False,-2.4374817,-2.0230762,19,16,0.41440557,3
2024-12-23_91282CME8,2024-12-23,2024-12-19,91282CME8,2-Year,2-Year,False,DGS2,2,6.9e+10,2024-12-16,2024-12-31,524,6.9e+10,0,0,sd0,6.9e+10,previous,0,sd0,1,1,2024-12-23/2024-12-29,True,False,-0.0945768,0.094856019,5,-5,0.18943282,10
2024-12-24_91282CMD0,2024-12-24,2024-12-19,91282CMD0,5-Year,5-Year,False,DGS5,5,7e+10,2024-12-17,2025-01-02,462,7e+10,0,0,sd0,7e+10,previous,0,sd0,1,1,2024-12-23/2024-12-29,True,False,-0.75259434,0.22515916,17,-5,0.9777535,22
2024-12-26_91282CMC2,2024-12-26,2024-12-19,91282CMC2,7-Year,7-Year,False,DGS7,7,4.4e+10,2024-12-18,2025-01-03,200,4.4e+10,0,0,sd0,4.4e+10,previous,0,sd0,1,1,2024-12-23/2024-12-29,True,False,-0.23441443,-0.11469696,4,2,0.11971747,2
2025-01-06_91282CMF5,2025-01-06,2025-01-02,91282CMF5,3-Year,3-Year,False,DGS3,3,5.8e+10,2024-12-27,2025-01-13,193,5.8e+10,0,0,sd0,5.8e+10,previous,0,sd0,1,1,2025-01-06/2025-01-12,True,False,0.16834386,-0.52481443,-6,19,-0.69315829,-25
2025-01-07_91282CLW9,2025-01-07,2025-01-02,91282CLW9,9-Year 10-Month,10-Year,True,DGS10,10,3.9e+10,2024-12-30,2025-01-14,341,4e+10,1.5491933e+09,-0.64549722,ok,3.9e+10,previous,-0.64549722,ok,0.35450278,0.35450278,2025-01-06/2025-01-12,True,False,-0.94165259,-0.85695585,12,11,0.084696745,1
2025-01-08_912810UE6,2025-01-08,2025-01-02,912810UE6,29-Year 10-Month,30-Year,True,DGS30,30,2.2e+10,2024-12-31,2025-01-15,200,2.3e+10,1.5491933e+09,-0.64549722,ok,2.2e+10,previous,-0.64549722,ok,0.35450278,0.35450278,2025-01-06/2025-01-12,True,False,-2.014044,0.47945201,13,-3,2.493496,16
2025-01-22_912810UF3,2025-01-22,2025-01-16,912810UF3,19-Year 10-Month,20-Year,True,DGS20,20,1.3e+10,2025-01-14,2025-01-29,57,1.4e+10,1.5491933e+09,-0.64549722,ok,1.3e+10,previous,-0.64549722,ok,0.35450278,0.35450278,2025-01-20/2025-01-26,True,False,2.171592,0.51794122,-17,-4,-1.6536508,-13
2025-01-27_91282CMH1,2025-01-27,2025-01-23,91282CMH1,2-Year,2-Year,False,DGS2,2,6.9e+10,2025-01-17,2025-02-03,525,6.9e+10,0,0,sd0,6.9e+10,previous,0,sd0,1,1,2025-01-27/2025-02-02,True,False,0.1900184,-0.17113917,-10,9,-0.36115757,-19
2025-01-27_91282CMG3,2025-01-27,2025-01-23,91282CMG3,5-Year,5-Year,False,DGS5,5,7e+10,2025-01-17,2025-02-03,463,7e+10,0,0,sd0,7e+10,previous,0,sd0,1,1,2025-01-27/2025-02-02,True,False,0.44902982,-0.13179178,-10,3,-0.5808216,-13
2025-01-28_91282CMK4,2025-01-28,2025-01-23,91282CMK4,7-Year,7-Year,False,DGS7,7,4.4e+10,2025-01-21,2025-02-04,201,4.4e+10,0,0,sd0,4.4e+10,previous,0,sd0,1,1,2025-01-27/2025-02-02,True,False,0.36135199,0.06293665,-6,-1,-0.29841534,-5
2025-02-11_91282CMN8,2025-02-11,2025-02-05,91282CMN8,3-Year,3-Year,False,DGS3,3,5.8e+10,2025-02-04,2025-02-19,194,5.8e+10,0,0,sd0,5.8e+10,previous,0,sd0,1,1,2025-02-10/2025-02-16,True,False,-0.083833623,-0.054992449,3,2,0.028841173,1
2025-02-12_91282CMM0,2025-02-12,2025-02-05,91282CMM0,10-Year,10-Year,False,DGS10,10,4.2e+10,2025-02-05,2025-02-20,342,4e+10,1.5491933e+09,1.2909944,ok,4.2e+10,own,1.2909944,ok,2,2,2025-02-10/2025-02-16,True,False,-1.5002808,0.96260131,19,-12,2.4628821,31
2025-02-13_912810UG1,2025-02-13,2025-02-05,912810UG1,30-Year,30-Year,False,DGS30,30,2.5e+10,2025-02-06,2025-02-21,201,2.3e+10,1.5491933e+09,1.2909944,ok,2.5e+10,own,1.2909944,ok,2,2,2025-02-10/2025-02-16,True,False,-1.1147178,0.80901861,7,-5,1.9237364,12
2025-02-19_912810UJ5,2025-02-19,2025-02-13,912810UJ5,20-Year,20-Year,False,DGS20,20,1.6e+10,2025-02-11,2025-02-26,58,1.4e+10,1.5491933e+09,1.2909944,ok,1.3e+10,previous,-0.64549722,ok,0.35450278,2,2025-02-17/2025-02-23,True,False,0.13066748,3.1494607,-1,-24,3.0187932,23
2025-02-24_91282CMP3,2025-02-24,2025-02-20,91282CMP3,2-Year,2-Year,False,DGS2,2,6.9e+10,2025-02-14,2025-03-03,526,6.9e+10,0,0,sd0,6.9e+10,previous,0,sd0,1,1,2025-02-24/2025-03-02,True,False,0.24633978,0.31959521,-13,-17,0.073255427,4
2025-02-25_91282CGQ8,2025-02-25,2025-02-20,91282CGQ8,5-Year,7-Year,True,DGS7,7,7e+10,2025-02-18,2025-03-04,202,4.4e+10,0,3,sd0,4.4e+10,previous,0,sd0,1,2,2025-02-24/2025-03-02,True,False,1.6281534,0.60028307,-27,-10,-1.0278703,-17
2025-02-26_91282CMR9,2025-02-26,2025-02-20,91282CMR9,7-Year,7-Year,False,DGS7,7,4.4e+10,2025-02-19,2025-03-05,203,4.8333333e+10,1.0614456e+10,-0.40824829,ok,4.4e+10,previous,0,sd0,1,0.59175171,2025-02-24/2025-03-02,True,False,1.8120409,-0.12393477,-30,2,-1.9359757,-32
2025-03-11_91282CMS7,2025-03-11,2025-03-06,91282CMS7,3-Year,3-Year,False,DGS3,3,5.8e+10,2025-03-04,2025-03-18,195,5.8e+10,0,0,sd0,5.8e+10,previous,0,sd0,1,1,2025-03-10/2025-03-16,True,False,0.050377016,-0.25670917,-2,9,-0.30708619,-11
2025-03-12_91282CMM0,2025-03-12,2025-03-06,91282CMM0,9-Year 11-Month,10-Year,True,DGS10,10,3.9e+10,2025-03-05,2025-03-19,343,4e+10,1.5491933e+09,-0.64549722,ok,4.2e+10,previous,1.2909944,ok,2,0.35450278,2025-03-10/2025-03-16,True,False,-0.32337324,0.56625853,4,-7,0.88963177,11
2025-03-13_912810UG1,2025-03-13,2025-03-06,912810UG1,29-Year 11-Month,30-Year,True,DGS30,30,2.2e+10,2025-03-06,2025-03-20,202,2.3e+10,1.5491933e+09,-0.64549722,ok,2.2e+10,own,-0.64549722,ok,0.35450278,0.35450278,2025-03-10/2025-03-16,True,False,-0.1604586,0.65756685,1,-4,0.81802546,5
2025-03-18_912810UJ5,2025-03-18,2025-03-13,912810UJ5,19-Year 11-Month,20-Year,True,DGS20,20,1.3e+10,2025-03-11,2025-03-25,59,1.4e+10,1.5491933e+09,-0.64549722,ok,1.6e+10,previous,1.2909944,ok,2,0.35450278,2025-03-17/2025-03-23,True,False,0.26576478,-0.76868243,-2,6,-1.0344472,-8
2025-03-25_91282CMV0,2025-03-25,2025-03-20,91282CMV0,2-Year,2-Year,False,DGS2,2,6.9e+10,2025-03-18,2025-04-01,527,6.9e+10,0,0,sd0,6.9e+10,previous,0,sd0,1,1,2025-03-24/2025-03-30,True,False,0.14770117,0.16538239,-8,-9,0.017681224,1
2025-03-26_91282CMU2,2025-03-26,2025-03-20,91282CMU2,5-Year,5-Year,False,DGS5,5,7e+10,2025-03-19,2025-04-02,464,7e+10,0,0,sd0,7e+10,previous,0,sd0,1,1,2025-03-24/2025-03-30,True,False,-0.22774892,0.57957602,5,-13,0.80732494,18
2025-03-27_91282CMT5,2025-03-27,2025-03-20,91282CMT5,7-Year,7-Year,False,DGS7,7,4.4e+10,2025-03-20,2025-04-03,204,4.8333333e+10,1.0614456e+10,-0.40824829,ok,4.4e+10,own,-0.40824829,ok,0.59175171,0.59175171,2025-03-24/2025-03-30,True,False,-0.6612877,2.129194,11,-35,2.7904817,46
2025-04-08_91282CMW8,2025-04-08,2025-04-03,91282CMW8,3-Year,3-Year,False,DGS3,3,5.8e+10,2025-04-01,2025-04-15,196,5.8e+10,0,0,sd0,5.8e+10,previous,0,sd0,1,1,2025-04-07/2025-04-13,True,False,0.38412852,-0.40104752,-14,14,-0.78517604,-28
2025-04-09_91282CMM0,2025-04-09,2025-04-03,91282CMM0,9-Year 10-Month,10-Year,True,DGS10,10,3.9e+10,2025-04-02,2025-04-16,344,4e+10,1.5491933e+09,-0.64549722,ok,3.9e+10,previous,-0.64549722,ok,0.35450278,0.35450278,2025-04-07/2025-04-13,True,False,-1.1331004,0.40253795,14,-5,1.5356384,19
2025-04-10_912810UG1,2025-04-10,2025-04-03,912810UG1,29-Year 10-Month,30-Year,True,DGS30,30,2.2e+10,2025-04-03,2025-04-17,203,2.3e+10,1.5491933e+09,-0.64549722,ok,2.2e+10,own,-0.64549722,ok,0.35450278,0.35450278,2025-04-07/2025-04-13,True,False,-5.7828451,0.95727666,37,-6,6.7401217,43
2025-04-16_912810UJ5,2025-04-16,2025-04-10,912810UJ5,19-Year 10-Month,20-Year,True,DGS20,20,1.3e+10,2025-04-09,2025-04-24,60,1.4e+10,1.5491933e+09,-0.64549722,ok,1.3e+10,previous,-0.64549722,ok,0.35450278,0.35450278,2025-04-14/2025-04-20,True,False,0.13296259,-0.24936936,-1,2,-0.38233196,-3
2025-04-22_91282CMY4,2025-04-22,2025-04-17,91282CMY4,2-Year,2-Year,False,DGS2,2,6.9e+10,2025-04-14,2025-04-29,528,6.9e+10,0,0,sd0,6.9e+10,previous,0,sd0,1,1,2025-04-21/2025-04-27,True,False,0.14212095,0.20012933,-8,-11,0.058008378,3
2025-04-23_91282CMZ1,2025-04-23,2025-04-17,91282CMZ1,5-Year,5-Year,False,DGS5,5,7e+10,2025-04-15,2025-04-30,465,7e+10,0,0,sd0,7e+10,previous,0,sd0,1,1,2025-04-21/2025-04-27,True,False,-0.096666532,1.2613112,2,-28,1.3579777,30
2025-04-24_91282CNA5,2025-04-24,2025-04-17,91282CNA5,7-Year,7-Year,False,DGS7,7,4.4e+10,2025-04-16,2025-05-01,205,4.8333333e+10,1.0614456e+10,-0.40824829,ok,4.4e+10,previous,-0.40824829,ok,0.59175171,0.59175171,2025-04-21/2025-04-27,True,False,-0.18407047,0.53915757,3,-9,0.72322805,12
2025-05-05_91282CND9,2025-05-05,2025-04-30,91282CND9,3-Year,3-Year,False,DGS3,3,5.8e+10,2025-04-28,2025-05-12,197,5.8e+10,0,0,sd0,5.8e+10,previous,0,sd0,1,1,2025-05-05/2025-05-11,True,False,-0.31949082,-0.53999308,11,19,-0.22050226,-8
2025-05-06_91282CNC1,2025-05-06,2025-04-30,91282CNC1,10-Year,10-Year,False,DGS10,10,4.2e+10,2025-04-29,2025-05-13,345,4e+10,1.5491933e+09,1.2909944,ok,3.9e+10,previous,-0.64549722,ok,0.35450278,2,2025-05-05/2025-05-11,True,False,-0.88642262,-1.51341,11,19,-0.62698743,-8
2025-05-08_912810UK2,2025-05-08,2025-04-30,912810UK2,30-Year,30-Year,False,DGS30,30,2.5e+10,2025-05-01,2025-05-15,204,2.3e+10,1.5491933e+09,1.2909944,ok,2.5e+10,own,1.2909944,ok,2,2,2025-05-05/2025-05-11,True,False,-1.4088642,-1.2396228,9,8,0.16924141,1
2025-05-21_912810UL0,2025-05-21,2025-05-15,912810UL0,20-Year,20-Year,False,DGS20,20,1.6e+10,2025-05-14,2025-05-29,61,1.4e+10,1.5491933e+09,1.2909944,ok,1.3e+10,previous,-0.64549722,ok,0.35450278,2,2025-05-19/2025-05-25,True,False,-0.98775766,1.7837355,8,-14,2.7714931,22
2025-05-27_91282CNE7,2025-05-27,2025-05-22,91282CNE7,2-Year,2-Year,False,DGS2,2,6.9e+10,2025-05-19,2025-06-03,529,6.9e+10,0,0,sd0,6.9e+10,previous,0,sd0,1,1,2025-05-26/2025-06-01,True,False,0.088066429,-0.082950933,-5,4,-0.17101736,-9
2025-05-28_91282CNG2,2025-05-28,2025-05-22,91282CNG2,5-Year,5-Year,False,DGS5,5,7e+10,2025-05-20,2025-06-04,466,7e+10,0,0,sd0,7e+10,previous,0,sd0,1,1,2025-05-26/2025-06-01,True,False,0.08463213,0.53410663,-2,-12,0.4494745,10
2025-05-29_91282CNF4,2025-05-29,2025-05-22,91282CNF4,7-Year,7-Year,False,DGS7,7,4.4e+10,2025-05-21,2025-06-05,206,4.8333333e+10,1.0614456e+10,-0.40824829,ok,4.4e+10,previous,-0.40824829,ok,0.59175171,0.59175171,2025-05-26/2025-06-01,True,False,1.0221913,0.11761204,-17,-2,-0.90457922,-15
2025-06-10_91282CNH0,2025-06-10,2025-06-05,91282CNH0,3-Year,3-Year,False,DGS3,3,5.8e+10,2025-06-03,2025-06-17,198,5.8e+10,0,0,sd0,5.8e+10,previous,0,sd0,1,1,2025-06-09/2025-06-15,True,False,-0.062861942,0.13264056,2,-5,0.1955025,7
2025-06-11_91282CNC1,2025-06-11,2025-06-05,91282CNC1,9-Year 11-Month,10-Year,True,DGS10,10,3.9e+10,2025-06-04,2025-06-18,346,4e+10,1.5491933e+09,-0.64549722,ok,4.2e+10,previous,1.2909944,ok,2,0.35450278,2025-06-09/2025-06-15,True,False,-0.31951653,0.24147706,4,-3,0.56099359,7
2025-06-12_912810UK2,2025-06-12,2025-06-05,912810UK2,29-Year 11-Month,30-Year,True,DGS30,30,2.2e+10,2025-06-05,2025-06-20,205,2.3e+10,1.5491933e+09,-0.64549722,ok,2.2e+10,own,-0.64549722,ok,0.35450278,0.35450278,2025-06-09/2025-06-15,True,False,0.63752785,-0.7731782,-4,5,-1.4107061,-9
2025-06-16_912810UL0,2025-06-16,2025-06-12,912810UL0,19-Year 11-Month,20-Year,True,DGS20,20,1.3e+10,2025-06-09,2025-06-24,62,1.4e+10,1.5491933e+09,-0.64549722,ok,1.6e+10,previous,1.2909944,ok,2,0.35450278,2025-06-16/2025-06-22,True,False,0.13432047,1.7991584,-1,-14,1.6648379,13
2025-06-24_91282CNL1,2025-06-24,2025-06-18,91282CNL1,2-Year,2-Year,False,DGS2,2,6.9e+10,2025-06-16,2025-07-01,530,6.9e+10,0,0,sd0,6.9e+10,previous,0,sd0,1,1,2025-06-23/2025-06-29,True,False,0.41192748,-0.067048683,-22,3,-0.47897616,-25
2025-06-25_91282CNK3,2025-06-25,2025-06-18,91282CNK3,5-Year,5-Year,False,DGS5,5,7e+10,2025-06-17,2025-07-02,467,7e+10,0,0,sd0,7e+10,previous,0,sd0,1,1,2025-06-23/2025-06-29,True,False,0.71538338,-0.18880801,-16,4,-0.90419139,-20
2025-06-26_91282CNJ6,2025-06-26,2025-06-18,91282CNJ6,7-Year,7-Year,False,DGS7,7,4.4e+10,2025-06-18,2025-07-03,207,4.8333333e+10,1.0614456e+10,-0.40824829,ok,4.4e+10,own,-0.40824829,ok,0.59175171,0.59175171,2025-06-23/2025-06-29,True,False,1.0273695,-0.72745331,-17,12,-1.7548228,-29
2025-07-08_91282CNM9,2025-07-08,2025-07-03,91282CNM9,3-Year,3-Year,False,DGS3,3,5.8e+10,2025-06-30,2025-07-15,199,5.8e+10,0,0,sd0,5.8e+10,previous,0,sd0,1,1,2025-07-07/2025-07-13,True,False,-0.51508993,-0.20471609,18,7,0.31037384,11
2025-07-09_91282CNC1,2025-07-09,2025-07-03,91282CNC1,9-Year 10-Month,10-Year,True,DGS10,10,3.9e+10,2025-07-01,2025-07-16,347,4e+10,1.5491933e+09,-0.64549722,ok,3.9e+10,previous,-0.64549722,ok,0.35450278,0.35450278,2025-07-07/2025-07-13,True,False,-0.6429393,-0.95706684,8,12,-0.31412754,-4
2025-07-10_912810UK2,2025-07-10,2025-07-03,912810UK2,29-Year 10-Month,30-Year,True,DGS30,30,2.2e+10,2025-07-02,2025-07-17,206,2.3e+10,1.5491933e+09,-0.64549722,ok,2.2e+10,previous,-0.64549722,ok,0.35450278,0.35450278,2025-07-07/2025-07-13,True,False,-0.61871878,-2.2997576,4,15,-1.6810388,-11
2025-07-23_912810UL0,2025-07-23,2025-07-17,912810UL0,19-Year 10-Month,20-Year,True,DGS20,20,1.3e+10,2025-07-16,2025-07-30,63,1.4e+10,1.5491933e+09,-0.64549722,ok,1.3e+10,previous,-0.64549722,ok,0.35450278,0.35450278,2025-07-21/2025-07-27,True,False,1.023015,0.38868787,-8,-3,-0.63432712,-5
2025-07-28_91282CNP2,2025-07-28,2025-07-24,91282CNP2,2-Year,2-Year,False,DGS2,2,6.9e+10,2025-07-21,2025-08-04,531,6.9e+10,0,0,sd0,6.9e+10,previous,0,sd0,1,1,2025-07-28/2025-08-03,True,False,-0.12183989,0.41128902,6,-22,0.53312892,28
2025-07-28_91282CNN7,2025-07-28,2025-07-24,91282CNN7,5-Year,5-Year,False,DGS5,5,7e+10,2025-07-21,2025-08-04,468,7e+10,0,0,sd0,7e+10,previous,0,sd0,1,1,2025-07-28/2025-08-03,True,False,-0.23149905,0.9413564,5,-21,1.1728554,26
2025-07-29_91282CNR8,2025-07-29,2025-07-24,91282CNR8,7-Year,7-Year,False,DGS7,7,4.4e+10,2025-07-22,2025-08-05,208,4.8333333e+10,1.0614456e+10,-0.40824829,ok,4.4e+10,previous,-0.40824829,ok,0.59175171,0.59175171,2025-07-28/2025-08-03,True,False,-0.063799947,0.78211092,1,-13,0.84591086,14
2025-08-05_91282CNU1,2025-08-05,2025-07-30,91282CNU1,3-Year,3-Year,False,DGS3,3,5.8e+10,2025-07-29,2025-08-12,200,5.8e+10,0,0,sd0,5.8e+10,previous,0,sd0,1,1,2025-08-04/2025-08-10,True,False,0.52523904,-0.17832947,-19,6,-0.70356851,-25
2025-08-06_91282CNT4,2025-08-06,2025-07-30,91282CNT4,10-Year,10-Year,False,DGS10,10,4.2e+10,2025-07-30,2025-08-13,348,4e+10,1.5491933e+09,1.2909944,ok,4.2e+10,own,1.2909944,ok,2,2,2025-08-04/2025-08-10,True,False,1.2953061,-0.16073258,-16,2,-1.4560387,-18
2025-08-07_912810UM8,2025-08-07,2025-07-30,912810UM8,30-Year,30-Year,False,DGS30,30,2.5e+10,2025-07-31,2025-08-14,207,2.3e+10,1.5491933e+09,1.2909944,ok,2.5e+10,own,1.2909944,ok,2,2,2025-08-04/2025-08-10,True,False,1.2742094,-1.0854842,-8,7,-2.3596936,-15
2025-08-20_912810UN6,2025-08-20,2025-08-14,912810UN6,20-Year,20-Year,False,DGS20,20,1.6e+10,2025-08-13,2025-08-27,64,1.4e+10,1.5491933e+09,1.2909944,ok,1.3e+10,previous,-0.64549722,ok,0.35450278,2,2025-08-18/2025-08-24,True,False,-0.62262979,-0.1146423,5,1,0.50798748,4
2025-08-26_91282CNV9,2025-08-26,2025-08-21,91282CNV9,2-Year,2-Year,False,DGS2,2,6.9e+10,2025-08-19,2025-09-03,532,6.9e+10,0,0,sd0,6.9e+10,previous,0,sd0,1,1,2025-08-25/2025-08-31,True,False,0.25947839,-0.010291563,-14,0,-0.26976995,-14
2025-08-27_91282CNX5,2025-08-27,2025-08-21,91282CNX5,5-Year,5-Year,False,DGS5,5,7e+10,2025-08-20,2025-09-04,469,7e+10,0,0,sd0,7e+10,previous,0,sd0,1,1,2025-08-25/2025-08-31,True,False,0.53611636,0.17263205,-12,-4,-0.36348432,-8
2025-08-28_91282CNW7,2025-08-28,2025-08-21,91282CNW7,7-Year,7-Year,False,DGS7,7,4.4e+10,2025-08-21,2025-09-05,209,4.4e+10,0,0,sd0,4.4e+10,own,0,sd0,1,1,2025-08-25/2025-08-31,True,False,0.90829882,0.72803492,-15,-12,-0.1802639,-3
2025-09-09_91282CNY3,2025-09-09,2025-09-04,91282CNY3,3-Year,3-Year,False,DGS3,3,5.8e+10,2025-09-02,2025-09-16,201,5.8e+10,0,0,sd0,5.8e+10,previous,0,sd0,1,1,2025-09-08/2025-09-14,True,False,0.41443886,0.019065279,-15,-1,-0.39537358,-14
2025-09-10_91282CNT4,2025-09-10,2025-09-04,91282CNT4,9-Year 11-Month,10-Year,True,DGS10,10,3.9e+10,2025-09-03,2025-09-17,349,4e+10,1.5491933e+09,-0.64549722,ok,4.2e+10,previous,1.2909944,ok,2,0.35450278,2025-09-08/2025-09-14,True,False,1.4732954,-0.1620817,-18,2,-1.6353771,-20
2025-09-11_912810UM8,2025-09-11,2025-09-04,912810UM8,29-Year 11-Month,30-Year,True,DGS30,30,2.2e+10,2025-09-04,2025-09-18,208,2.3e+10,1.5491933e+09,-0.64549722,ok,2.2e+10,own,-0.64549722,ok,0.35450278,0.35450278,2025-09-08/2025-09-14,True,False,3.4027076,-1.1041015,-21,7,-4.5068091,-28
2025-09-16_912810UN6,2025-09-16,2025-09-11,912810UN6,19-Year 11-Month,20-Year,True,DGS20,20,1.3e+10,2025-09-09,2025-09-23,65,1.4e+10,1.5491933e+09,-0.64549722,ok,1.6e+10,previous,1.2909944,ok,2,0.35450278,2025-09-15/2025-09-21,True,False,0.92071317,-1.1438359,-7,9,-2.0645491,-16
2025-09-23_91282CPB1,2025-09-23,2025-09-18,91282CPB1,2-Year,2-Year,False,DGS2,2,6.9e+10,2025-09-16,2025-09-30,533,6.9e+10,0,0,sd0,6.9e+10,previous,0,sd0,1,1,2025-09-22/2025-09-28,True,False,-0.044952806,-0.1393796,2,7,-0.094426796,-5
2025-09-24_91282CPA3,2025-09-24,2025-09-18,91282CPA3,5-Year,5-Year,False,DGS5,5,7e+10,2025-09-17,2025-10-01,470,7e+10,0,0,sd0,7e+10,previous,0,sd0,1,1,2025-09-22/2025-09-28,True,False,-0.36632389,0.08711264,8,-2,0.45343653,10
2025-09-25_91282CNZ0,2025-09-25,2025-09-18,91282CNZ0,7-Year,7-Year,False,DGS7,7,4.4e+10,2025-09-18,2025-10-02,210,4.4e+10,0,0,sd0,4.4e+10,own,0,sd0,1,1,2025-09-22/2025-09-28,True,False,-0.48548097,0.4870171,8,-8,0.97249807,16
2025-10-07_91282CPC9,2025-10-07,2025-10-02,91282CPC9,3-Year,3-Year,False,DGS3,3,5.8e+10,2025-09-30,2025-10-15,202,5.8e+10,0,0,sd0,5.8e+10,previous,0,sd0,1,1,2025-10-06/2025-10-12,True,False,0.13519047,0.13286367,-5,-5,-0.0023268064,4.4408921e-14
2025-10-08_91282CNT4,2025-10-08,2025-10-02,91282CNT4,9-Year 10-Month,10-Year,True,DGS10,10,3.9e+10,2025-10-01,2025-10-16,350,4e+10,1.5491933e+09,-0.64549722,ok,3.9e+10,previous,-0.64549722,ok,0.35450278,0.35450278,2025-10-06/2025-10-12,True,False,-0.077368944,1.1494757,1,-14,1.2268447,15
2025-10-09_912810UM8,2025-10-09,2025-10-02,912810UM8,29-Year 10-Month,30-Year,True,DGS30,30,2.2e+10,2025-10-02,2025-10-17,209,2.3e+10,1.5491933e+09,-0.64549722,ok,2.2e+10,own,-0.64549722,ok,0.35450278,0.35450278,2025-10-06/2025-10-12,True,False,-0.46436974,1.958666,3,-12,2.4230357,15
2025-10-22_912810UN6,2025-10-22,2025-10-16,912810UN6,19-Year 10-Month,20-Year,True,DGS20,20,1.3e+10,2025-10-15,2025-10-29,66,1.4e+10,1.5491933e+09,-0.64549722,ok,1.3e+10,previous,-0.64549722,ok,0.35450278,0.35450278,2025-10-20/2025-10-26,True,False,1.1908833,-0.89584796,-9,7,-2.0867312,-16
2025-10-27_91282CPE5,2025-10-27,2025-10-23,91282CPE5,2-Year,2-Year,False,DGS2,2,6.9e+10,2025-10-20,2025-11-03,534,6.9e+10,0,0,sd0,6.9e+10,previous,0,sd0,1,1,2025-10-27/2025-11-02,True,False,-0.044971282,-0.23323854,2,12,-0.18826726,-10
2025-10-27_91282CPD7,2025-10-27,2025-10-23,91282CPD7,5-Year,5-Year,False,DGS5,5,7e+10,2025-10-20,2025-11-03,471,7e+10,0,0,sd0,7e+10,previous,0,sd0,1,1,2025-10-27/2025-11-02,True,False,-0.14052351,-0.49910933,3,11,-0.35858582,-8
2025-10-28_91282CPF2,2025-10-28,2025-10-23,91282CPF2,7-Year,7-Year,False,DGS7,7,4.4e+10,2025-10-21,2025-11-04,211,4.4e+10,0,0,sd0,4.4e+10,previous,0,sd0,1,1,2025-10-27/2025-11-02,True,False,-0.18386159,-0.66676179,3,11,-0.4829002,-8
2025-11-10_91282CPK1,2025-11-10,2025-11-05,91282CPK1,3-Year,3-Year,False,DGS3,3,5.8e+10,2025-11-03,2025-11-18,203,5.8e+10,0,0,sd0,5.8e+10,previous,0,sd0,1,1,2025-11-10/2025-11-16,True,False,0.13647184,-0.061814195,-5,2,-0.19828604,-7
2025-11-12_91282CPJ4,2025-11-12,2025-11-05,91282CPJ4,10-Year,10-Year,False,DGS10,10,4.2e+10,2025-11-04,2025-11-19,351,4e+10,1.5491933e+09,1.2909944,ok,3.9e+10,previous,-0.64549722,ok,0.35450278,2,2025-11-10/2025-11-16,True,False,0.16787434,-0.4006674,-2,5,-0.56854174,-7
2025-11-13_912810UP1,2025-11-13,2025-11-05,912810UP1,30-Year,30-Year,False,DGS30,30,2.5e+10,2025-11-05,2025-11-20,210,2.3e+10,1.5491933e+09,1.2909944,ok,2.5e+10,own,1.2909944,ok,2,2,2025-11-10/2025-11-16,True,False,0.65766311,-0.46183418,-4,3,-1.1194973,-7
2025-11-19_912810UQ9,2025-11-19,2025-11-13,912810UQ9,20-Year,20-Year,False,DGS20,20,1.6e+10,2025-11-12,2025-11-26,67,1.4e+10,1.5491933e+09,1.2909944,ok,1.3e+10,previous,-0.64549722,ok,0.35450278,2,2025-11-17/2025-11-23,True,False,-0.75549077,1.4474113,6,-11,2.2029021,17
2025-11-24_91282CPL9,2025-11-24,2025-11-20,91282CPL9,2-Year,2-Year,False,DGS2,2,6.9e+10,2025-11-17,2025-12-02,535,6.9e+10,0,0,sd0,6.9e+10,previous,0,sd0,1,1,2025-11-24/2025-11-30,True,False,0.26291412,-0.10185433,-14,5,-0.36476844,-19
2025-11-25_91282CPN5,2025-11-25,2025-11-20,91282CPN5,5-Year,5-Year,False,DGS5,5,7e+10,2025-11-18,2025-12-03,472,7e+10,0,0,sd0,7e+10,previous,0,sd0,1,1,2025-11-24/2025-11-30,True,False,0.67912158,-0.32075547,-15,7,-0.99987705,-22
2025-11-26_91282CPM7,2025-11-26,2025-11-20,91282CPM7,7-Year,7-Year,False,DGS7,7,4.4e+10,2025-11-19,2025-12-04,212,4.4e+10,0,0,sd0,4.4e+10,previous,0,sd0,1,1,2025-11-24/2025-11-30,True,False,0.91763868,-0.7278434,-15,12,-1.6454821,-27
2025-12-08_91282CPP0,2025-12-08,2025-12-04,91282CPP0,3-Year,3-Year,False,DGS3,3,5.8e+10,2025-12-01,2025-12-15,204,5.8e+10,0,0,sd0,5.8e+10,previous,0,sd0,1,1,2025-12-08/2025-12-14,True,False,-0.11504045,0.083744125,4,-3,0.19878458,7
2025-12-09_91282CPJ4,2025-12-09,2025-12-04,91282CPJ4,9-Year 11-Month,10-Year,True,DGS10,10,3.9e+10,2025-12-02,2025-12-16,352,4e+10,1.5491933e+09,-0.64549722,ok,4.2e+10,previous,1.2909944,ok,2,0.35450278,2025-12-08/2025-12-14,True,False,-0.72035243,0.25343137,9,-3,0.9737838,12
2025-12-11_912810UP1,2025-12-11,2025-12-04,912810UP1,29-Year 11-Month,30-Year,True,DGS30,30,2.2e+10,2025-12-04,2025-12-18,211,2.3e+10,1.5491933e+09,-0.64549722,ok,2.2e+10,own,-0.64549722,ok,0.35450278,0.35450278,2025-12-08/2025-12-14,True,False,-0.45402933,-0.13639673,3,1,0.31763259,2
2025-12-17_912810UQ9,2025-12-17,2025-12-11,912810UQ9,19-Year 11-Month,20-Year,True,DGS20,20,1.3e+10,2025-12-10,2025-12-24,68,1.4e+10,1.5491933e+09,-0.64549722,ok,1.6e+10,previous,1.2909944,ok,2,0.35450278,2025-12-15/2025-12-21,True,False,-0.49041787,0.40636492,4,-3,0.89678279,7
2025-12-22_91282CPS4,2025-12-22,2025-12-18,91282CPS4,2-Year,2-Year,False,DGS2,2,6.9e+10,2025-12-15,2025-12-30,536,6.9e+10,0,0,sd0,6.9e+10,previous,0,sd0,1,1,2025-12-22/2025-12-28,True,False,0.13203473,-0.022280304,-7,1,-0.15431504,-8
2025-12-23_91282CPR6,2025-12-23,2025-12-18,91282CPR6,5-Year,5-Year,False,DGS5,5,7e+10,2025-12-16,2025-12-31,473,7e+10,0,0,sd0,7e+10,previous,0,sd0,1,1,2025-12-22/2025-12-28,True,False,-0.13352374,-0.043571473,3,1,0.089952264,2
2025-12-24_91282CPQ8,2025-12-24,2025-12-18,91282CPQ8,7-Year,7-Year,False,DGS7,7,4.4e+10,2025-12-17,2026-01-02,213,4.4e+10,0,0,sd0,4.4e+10,previous,0,sd0,1,1,2025-12-22/2025-12-28,True,False,0.0060252835,-0.23536901,0,4,-0.24139429,-4
2026-01-12_91282CPJ4,2026-01-12,2026-01-08,91282CPJ4,9-Year 10-Month,10-Year,True,DGS10,10,3.9e+10,2026-01-05,2026-01-20,353,4e+10,1.5491933e+09,-0.64549722,ok,3.9e+10,previous,-0.64549722,ok,0.35450278,0.35450278,2026-01-12/2026-01-18,True,False,-0.15061121,-0.87269865,2,11,-0.72208744,-9
2026-01-12_91282CPT2,2026-01-12,2026-01-08,91282CPT2,3-Year,3-Year,False,DGS3,3,5.8e+10,2026-01-05,2026-01-20,205,5.8e+10,0,0,sd0,5.8e+10,previous,0,sd0,1,1,2026-01-12/2026-01-18,True,False,-0.16892381,-0.25253616,6,9,-0.083612354,-3
2026-01-13_912810UP1,2026-01-13,2026-01-08,912810UP1,29-Year 10-Month,30-Year,True,DGS30,30,2.2e+10,2026-01-06,2026-01-21,212,2.3e+10,1.5491933e+09,-0.64549722,ok,2.2e+10,previous,-0.64549722,ok,0.35450278,0.35450278,2026-01-12/2026-01-18,True,False,0.49589784,-0.60412803,-3,4,-1.1000259,-7
2026-01-21_912810UQ9,2026-01-21,2026-01-15,912810UQ9,19-Year 10-Month,20-Year,True,DGS20,20,1.3e+10,2026-01-13,2026-01-28,69,1.4e+10,1.5491933e+09,-0.64549722,ok,1.3e+10,previous,-0.64549722,ok,0.35450278,0.35450278,2026-01-19/2026-01-25,True,False,-0.61447754,0.14826681,5,-1,0.76274434,6
2026-01-26_91282CGH8,2026-01-26,2026-01-22,91282CGH8,2-Year,5-Year,True,DGS5,5,6.9e+10,2026-01-16,2026-02-02,474,7e+10,0,-3,sd0,7e+10,previous,0,sd0,1,0,2026-01-26/2026-02-01,True,False,0.0059334605,-0.041499618,0,1,-0.047433078,-1
2026-01-27_91282CPW5,2026-01-27,2026-01-22,91282CPW5,5-Year,5-Year,False,DGS5,5,7e+10,2026-01-20,2026-02-03,475,6.9833333e+10,4.0824829e+08,0.40824829,ok,7e+10,previous,0,sd0,1,1.4082483,2026-01-26/2026-02-01,True,False,0.22959393,-0.086575612,-5,2,-0.31616955,-7
2026-01-29_91282CPY1,2026-01-29,2026-01-22,91282CPY1,7-Year,7-Year,False,DGS7,7,4.4e+10,2026-01-22,2026-02-05,214,4.4e+10,0,0,sd0,4.4e+10,own,0,sd0,1,1,2026-01-26/2026-02-01,True,False,0.24961531,0.24957522,-4,-4,-4.0086151e-05,-4.4408921e-14
2026-02-10_91282CQA2,2026-02-10,2026-02-04,91282CQA2,3-Year,3-Year,False,DGS3,3,5.8e+10,2026-02-03,2026-02-18,206,5.8e+10,0,0,sd0,5.8e+10,previous,0,sd0,1,1,2026-02-09/2026-02-15,True,False,0.39430754,-0.0035603728,-14,0,-0.39786791,-14
2026-02-11_91282CPZ8,2026-02-11,2026-02-04,91282CPZ8,10-Year,10-Year,False,DGS10,10,4.2e+10,2026-02-04,2026-02-19,354,4e+10,1.5491933e+09,1.2909944,ok,4.2e+10,own,1.2909944,ok,2,2,2026-02-09/2026-02-15,True,False,0.90275102,0.82337251,-11,-10,-0.07937851,-1
2026-02-12_912810UR7,2026-02-12,2026-02-04,912810UR7,30-Year,30-Year,False,DGS30,30,2.5e+10,2026-02-05,2026-02-20,213,2.3e+10,1.5491933e+09,1.2909944,ok,2.5e+10,own,1.2909944,ok,2,2,2026-02-09/2026-02-15,True,False,2.0978011,0.021869721,-13,0,-2.0759314,-13
2026-02-18_912810UT3,2026-02-18,2026-02-12,912810UT3,20-Year,20-Year,False,DGS20,20,1.6e+10,2026-02-10,2026-02-25,70,1.4e+10,1.5491933e+09,1.2909944,ok,1.3e+10,previous,-0.64549722,ok,0.35450278,2,2026-02-16/2026-02-22,True,False,1.0558081,0.277705,-8,-2,-0.77810308,-6
2026-02-24_91282CQB0,2026-02-24,2026-02-19,91282CQB0,2-Year,2-Year,False,DGS2,2,6.9e+10,2026-02-17,2026-03-03,537,6.9e+10,0,0,sd0,6.9e+10,previous,0,sd0,1,1,2026-02-23/2026-03-01,True,False,-0.0035530204,-0.15663109,0,8,-0.15307807,-8
2026-02-25_91282CQD6,2026-02-25,2026-02-19,91282CQD6,5-Year,5-Year,False,DGS5,5,7e+10,2026-02-18,2026-03-04,476,6.9833333e+10,4.0824829e+08,0.40824829,ok,7e+10,previous,0.40824829,ok,1.4082483,1.4082483,2026-02-23/2026-03-01,True,False,0.22645907,-0.27305682,-5,6,-0.49951589,-11
2026-02-26_91282CQC8,2026-02-26,2026-02-19,91282CQC8,7-Year,7-Year,False,DGS7,7,4.4e+10,2026-02-19,2026-03-05,215,4.4e+10,0,0,sd0,4.4e+10,own,0,sd0,1,1,2026-02-23/2026-03-01,True,False,0.43029544,-0.84617739,-7,14,-1.2764728,-21
2026-03-10_91282CQE4,2026-03-10,2026-03-05,91282CQE4,3-Year,3-Year,False,DGS3,3,5.8e+10,2026-03-03,2026-03-17,207,5.8e+10,0,0,sd0,5.8e+10,previous,0,sd0,1,1,2026-03-09/2026-03-15,True,False,-0.22648053,-0.28066727,8,10,-0.054186746,-2
2026-03-11_91282CPZ8,2026-03-11,2026-03-05,91282CPZ8,9-Year 11-Month,10-Year,True,DGS10,10,3.9e+10,2026-03-04,2026-03-18,355,4e+10,1.5491933e+09,-0.64549722,ok,4.2e+10,previous,1.2909944,ok,2,0.35450278,2026-03-09/2026-03-15,True,False,-0.96065097,-0.39349831,12,5,0.56715266,7
2026-03-12_912810UR7,2026-03-12,2026-03-05,912810UR7,29-Year 11-Month,30-Year,True,DGS30,30,2.2e+10,2026-03-05,2026-03-19,214,2.3e+10,1.5491933e+09,-0.64549722,ok,2.2e+10,own,-0.64549722,ok,0.35450278,0.35450278,2026-03-09/2026-03-15,True,False,-2.1704584,0.81019182,14,-5,2.9806502,19
2026-03-17_912810UT3,2026-03-17,2026-03-12,912810UT3,19-Year 11-Month,20-Year,True,DGS20,20,1.3e+10,2026-03-10,2026-03-24,71,1.4e+10,1.5491933e+09,-0.64549722,ok,1.6e+10,previous,1.2909944,ok,2,0.35450278,2026-03-16/2026-03-22,True,False,-0.87260595,-1.7431819,7,14,-0.87057599,-7
2026-03-24_91282CQH7,2026-03-24,2026-03-19,91282CQH7,2-Year,2-Year,False,DGS2,2,6.9e+10,2026-03-17,2026-03-31,538,6.9e+10,0,0,sd0,6.9e+10,previous,0,sd0,1,1,2026-03-23/2026-03-29,True,False,-0.41594114,0.21348097,22,-11,0.6294221,33
2026-03-25_91282CQG9,2026-03-25,2026-03-19,91282CQG9,5-Year,5-Year,False,DGS5,5,7e+10,2026-03-18,2026-04-01,477,6.9833333e+10,4.0824829e+08,0.40824829,ok,7e+10,previous,0.40824829,ok,1.4082483,1.4082483,2026-03-23/2026-03-29,True,False,-0.39997387,-0.039696139,9,1,0.36027773,8
2026-03-26_91282CQF1,2026-03-26,2026-03-19,91282CQF1,7-Year,7-Year,False,DGS7,7,4.4e+10,2026-03-19,2026-04-02,216,4.4e+10,0,0,sd0,4.4e+10,own,0,sd0,1,1,2026-03-23/2026-03-29,True,False,-1.1306794,0.793687,19,-13,1.9243664,32
2026-04-07_91282CQJ3,2026-04-07,2026-04-02,91282CQJ3,3-Year,3-Year,False,DGS3,3,5.8e+10,2026-03-31,2026-04-14,208,5.8e+10,0,0,sd0,5.8e+10,previous,0,sd0,1,1,2026-04-06/2026-04-12,True,False,-0.024349335,0.17145218,1,-6,0.19580152,7
2026-04-08_91282CPZ8,2026-04-08,2026-04-02,91282CPZ8,9-Year 10-Month,10-Year,True,DGS10,10,3.9e+10,2026-04-01,2026-04-15,356,4e+10,1.5491933e+09,-0.64549722,ok,3.9e+10,previous,-0.64549722,ok,0.35450278,0.35450278,2026-04-06/2026-04-12,True,False,0.33501163,0.011909857,-4,0,-0.32310177,-4
2026-04-09_912810UR7,2026-04-09,2026-04-02,912810UR7,29-Year 10-Month,30-Year,True,DGS30,30,2.2e+10,2026-04-02,2026-04-16,215,2.3e+10,1.5491933e+09,-0.64549722,ok,2.2e+10,own,-0.64549722,ok,0.35450278,0.35450278,2026-04-06/2026-04-12,True,False,-0.28972215,-0.44454388,2,3,-0.15482174,-1
2026-04-22_912810UT3,2026-04-22,2026-04-16,912810UT3,19-Year 10-Month,20-Year,True,DGS20,20,1.3e+10,2026-04-15,2026-04-29,72,1.4e+10,1.5491933e+09,-0.64549722,ok,1.3e+10,previous,-0.64549722,ok,0.35450278,0.35450278,2026-04-20/2026-04-26,True,False,0.021854044,-1.2334713,0,10,-1.2553253,-10
2026-04-27_91282CQL8,2026-04-27,2026-04-23,91282CQL8,2-Year,2-Year,False,DGS2,2,6.9e+10,2026-04-20,2026-05-04,539,6.9e+10,0,0,sd0,6.9e+10,previous,0,sd0,1,1,2026-04-27/2026-05-03,True,False,-0.1116906,-0.31850833,6,17,-0.20681773,-11
2026-04-27_91282CQK0,2026-04-27,2026-04-23,91282CQK0,5-Year,5-Year,False,DGS5,5,7e+10,2026-04-20,2026-05-04,478,6.9833333e+10,4.0824829e+08,0.40824829,ok,7e+10,previous,0.40824829,ok,1.4082483,1.4082483,2026-04-27/2026-05-03,True,False,-0.35438845,-0.61946492,8,14,-0.26507647,-6
2026-04-28_91282CQN4,2026-04-28,2026-04-23,91282CQN4,7-Year,7-Year,False,DGS7,7,4.4e+10,2026-04-21,2026-05-05,217,4.4e+10,0,0,sd0,4.4e+10,previous,0,sd0,1,1,2026-04-27/2026-05-03,True,False,-0.41202893,-0.52884687,7,9,-0.11681793,-2
2026-05-11_91282CQR5,2026-05-11,2026-05-06,91282CQR5,3-Year,3-Year,False,DGS3,3,5.8e+10,2026-05-04,2026-05-18,209,5.8e+10,0,0,sd0,5.8e+10,previous,0,sd0,1,1,2026-05-11/2026-05-17,True,False,0.06161085,-0.4942711,-2,18,-0.55588195,-20
2026-05-12_91282CQQ7,2026-05-12,2026-05-06,91282CQQ7,10-Year,10-Year,False,DGS10,10,4.2e+10,2026-05-05,2026-05-19,357,4e+10,1.5491933e+09,1.2909944,ok,3.9e+10,previous,-0.64549722,ok,0.35450278,2,2026-05-11/2026-05-17,True,False,-0.22689215,-1.6422802,3,21,-1.4153881,-18
2026-05-13_912810UU0,2026-05-13,2026-05-06,912810UU0,30-Year,30-Year,False,DGS30,30,2.5e+10,2026-05-06,2026-05-20,216,2.3e+10,1.5491933e+09,1.2909944,ok,2.5e+10,own,1.2909944,ok,2,2,2026-05-11/2026-05-17,True,False,-1.3603005,-1.1967146,9,8,0.16358596,1
2026-05-20_912810UV8,2026-05-20,2026-05-14,912810UV8,20-Year,20-Year,False,DGS20,20,1.6e+10,2026-05-13,2026-05-28,73,1.4e+10,1.5491933e+09,1.2909944,ok,1.3e+10,previous,-0.64549722,ok,0.35450278,2,2026-05-18/2026-05-24,True,False,-0.84935275,1.5426272,7,-12,2.3919799,19
2026-05-26_91282CQS3,2026-05-26,2026-05-21,91282CQS3,2-Year,2-Year,False,DGS2,2,6.9e+10,2026-05-18,2026-06-02,540,6.9e+10,0,0,sd0,6.9e+10,previous,0,sd0,1,1,2026-05-25/2026-05-31,True,False,0.12342255,-0.068847305,-6,4,-0.19226985,-10
2026-05-27_91282CQU8,2026-05-27,2026-05-21,91282CQU8,5-Year,5-Year,False,DGS5,5,7e+10,2026-05-19,2026-06-03,479,6.9833333e+10,4.0824829e+08,0.40824829,ok,7e+10,previous,0.40824829,ok,1.4082483,1.4082483,2026-05-25/2026-05-31,True,False,0.68379319,-0.16888192,-15,4,-0.85267511,-19
2026-05-28_91282CQT1,2026-05-28,2026-05-21,91282CQT1,7-Year,7-Year,False,DGS7,7,4.4e+10,2026-05-20,2026-06-04,218,4.4e+10,0,0,sd0,4.4e+10,previous,0,sd0,1,1,2026-05-25/2026-05-31,True,False,0.61518374,-0.16733585,-10,3,-0.78251959,-13
2026-06-09_91282CQV6,2026-06-09,2026-06-04,91282CQV6,3-Year,3-Year,False,DGS3,3,5.8e+10,2026-06-02,2026-06-16,210,5.8e+10,0,0,sd0,5.8e+10,previous,0,sd0,1,1,2026-06-08/2026-06-14,True,False,-0.1861559,0.23208567,7,-8,0.41824157,15
2026-06-10_91282CQQ7,2026-06-10,2026-06-04,91282CQQ7,9-Year 11-Month,10-Year,True,DGS10,10,3.9e+10,2026-06-03,2026-06-17,358,4e+10,1.5491933e+09,-0.64549722,ok,4.2e+10,previous,1.2909944,ok,2,0.35450278,2026-06-08/2026-06-14,True,False,-0.46209078,0.4926649,6,-6,0.95475568,12
2026-06-11_912810UU0,2026-06-11,2026-06-04,912810UU0,29-Year 11-Month,30-Year,True,DGS30,30,2.2e+10,2026-06-04,2026-06-18,217,2.3e+10,1.5491933e+09,-0.64549722,ok,2.2e+10,own,-0.64549722,ok,0.35450278,0.35450278,2026-06-08/2026-06-14,True,False,0.33337109,0.80569194,-2,-5,0.47232085,3
2026-06-16_912810UV8,2026-06-16,2026-06-11,912810UV8,19-Year 11-Month,20-Year,True,DGS20,20,1.3e+10,2026-06-09,2026-06-24,74,1.4e+10,1.5491933e+09,-0.64549722,ok,1.6e+10,previous,1.2909944,ok,2,0.35450278,2026-06-15/2026-06-21,True,False,1.2886764,0.65793245,-10,-5,-0.63074398,-5
2026-06-23_91282CQY0,2026-06-23,2026-06-18,91282CQY0,2-Year,2-Year,False,DGS2,2,6.9e+10,2026-06-15,2026-06-30,541,6.9e+10,0,0,sd0,6.9e+10,previous,0,sd0,1,1,2026-06-22/2026-06-28,True,False,-0.16061072,0.045048336,9,-2,0.20565906,11
2026-06-24_91282CQX2,2026-06-24,2026-06-18,91282CQX2,5-Year,5-Year,False,DGS5,5,7e+10,2026-06-16,2026-07-01,480,6.9833333e+10,4.0824829e+08,0.40824829,ok,7e+10,previous,0.40824829,ok,1.4082483,1.4082483,2026-06-22/2026-06-28,True,False,-0.034038393,-0.30450882,1,7,-0.27047043,-6
2026-06-25_91282CQW4,2026-06-25,2026-06-18,91282CQW4,7-Year,7-Year,False,DGS7,7,4.4e+10,2026-06-17,2026-07-02,219,4.4e+10,0,0,sd0,4.4e+10,previous,0,sd0,1,1,2026-06-22/2026-06-28,True,False,0.67340182,-0.52791256,-11,9,-1.2013144,-20
2026-07-07_91282CQZ7,2026-07-07,2026-07-02,91282CQZ7,3-Year,3-Year,False,DGS3,3,5.8e+10,2026-06-29,2026-07-14,211,5.8e+10,0,0,sd0,5.8e+10,previous,0,sd0,1,1,2026-07-06/2026-07-12,True,False,-0.21449756,-0.13046116,8,5,0.084036397,3
2026-07-08_91282CQQ7,2026-07-08,2026-07-02,91282CQQ7,9-Year 10-Month,10-Year,True,DGS10,10,3.9e+10,2026-06-30,2026-07-15,359,4e+10,1.5491933e+09,-0.64549722,ok,3.9e+10,previous,-0.64549722,ok,0.35450278,0.35450278,2026-07-06/2026-07-12,True,False,-0.93799772,0.09433901,12,-1,1.0323367,13
2026-07-09_912810UU0,2026-07-09,2026-07-02,912810UU0,29-Year 10-Month,30-Year,True,DGS30,30,2.2e+10,2026-07-01,2026-07-16,218,2.3e+10,1.5491933e+09,-0.64549722,ok,2.2e+10,previous,-0.64549722,ok,0.35450278,0.35450278,2026-07-06/2026-07-12,True,False,-1.2017407,-0.5872533,8,4,0.61448741,4
2026-07-22_912810UV8,2026-07-22,2026-07-16,912810UV8,19-Year 10-Month,20-Year,True,DGS20,20,1.3e+10,2026-07-15,2026-07-29,75,1.4e+10,1.5491933e+09,-0.64549722,ok,1.3e+10,previous,-0.64549722,ok,0.35450278,0.35450278,2026-07-20/2026-07-26,True,False,-1.2108727,-0.47144545,10,4,0.73942724,6
2026-07-27_91282CRB9,2026-07-27,2026-07-23,91282CRB9,2-Year,2-Year,False,DGS2,2,6.9e+10,2026-07-20,2026-08-03,542,6.9e+10,0,0,sd0,6.9e+10,previous,0,sd0,1,1,2026-07-27/2026-08-02,True,False,-0.18032891,0.12316007,10,-6,0.30348898,16
2026-07-27_91282CRA1,2026-07-27,2026-07-23,91282CRA1,5-Year,5-Year,False,DGS5,5,7e+10,2026-07-20,2026-08-03,481,7e+10,0,0,sd0,7e+10,previous,0,sd0,1,1,2026-07-27/2026-08-02,True,False,-0.30009618,0.011594966,7,0,0.31169115,7
2026-07-28_91282CRC7,2026-07-28,2026-07-23,91282CRC7,7-Year,7-Year,False,DGS7,7,4.4e+10,2026-07-21,2026-08-04,220,4.4e+10,0,0,sd0,4.4e+10,previous,0,sd0,1,1,2026-07-27/2026-08-02,True,False,0.19133531,0.01378043,-3,0,-0.17755488,-3
2026-08-11_91282CRG8,2026-08-11,2026-08-05,91282CRG8,3-Year,3-Year,False,DGS3,3,5.8e+10,2026-08-04,2026-08-18,212,5.8e+10,0,0,sd0,5.8e+10,previous,0,sd0,1,1,2026-08-10/2026-08-16,True,False,-0.046240116,0.037054058,2,-1,0.083294174,3
2026-08-12_91282CRF0,2026-08-12,2026-08-05,91282CRF0,10-Year,10-Year,False,DGS10,10,4.2e+10,2026-08-05,2026-08-19,360,4e+10,1.5491933e+09,1.2909944,ok,4.2e+10,own,1.2909944,ok,2,2,2026-08-10/2026-08-16,True,False,-0.37946304,0.25428637,5,-3,0.63374941,8
2026-08-13_912810UW6,2026-08-13,2026-08-05,912810UW6,30-Year,30-Year,False,DGS30,30,2.5e+10,2026-08-06,2026-08-20,219,2.3e+10,1.5491933e+09,1.2909944,ok,2.5e+10,own,1.2909944,ok,2,2,2026-08-10/2026-08-16,True,False,0.17679332,-0.27727111,-1,2,-0.45406443,-3
2026-08-19_912810UX4,2026-08-19,2026-08-13,912810UX4,20-Year,20-Year,False,DGS20,20,1.6e+10,2026-08-12,2026-08-26,76,1.4e+10,1.5491933e+09,1.2909944,ok,1.3e+10,previous,-0.64549722,ok,0.35450278,2,2026-08-17/2026-08-23,True,False,0.89120679,0.02546584,-7,0,-0.86574095,-7
2026-08-25_91282CRH6,2026-08-25,2026-08-20,91282CRH6,2-Year,2-Year,False,DGS2,2,6.9e+10,2026-08-18,2026-09-01,543,6.9e+10,0,0,sd0,6.9e+10,previous,0,sd0,1,1,2026-08-24/2026-08-30,True,False,0.046718485,-0.40659133,-2,22,-0.45330982,-24
2026-08-26_91282CRK9,2026-08-26,2026-08-20,91282CRK9,5-Year,5-Year,False,DGS5,5,7e+10,2026-08-19,2026-09-02,482,7e+10,0,0,sd0,7e+10,previous,0,sd0,1,1,2026-08-24/2026-08-30,True,False,-0.077120547,-0.7389801,2,17,-0.66185955,-15
2026-08-27_91282CRJ2,2026-08-27,2026-08-20,91282CRJ2,7-Year,7-Year,False,DGS7,7,4.4e+10,2026-08-20,2026-09-03,221,4.4e+10,0,0,sd0,4.4e+10,own,0,sd0,1,1,2026-08-24/2026-08-30,True,False,0.073647889,-0.63539739,-1,11,-0.70904527,-12
2026-09-08_91282CRL7,2026-09-08,2026-09-03,91282CRL7,3-Year,3-Year,False,DGS3,3,5.8e+10,2026-08-31,2026-09-15,213,5.8e+10,0,0,sd0,5.8e+10,previous,0,sd0,1,1,2026-09-07/2026-09-13,True,False,-0.097666431,-0.86975991,4,32,-0.77209348,-28
2026-09-09_91282CRF0,2026-09-09,2026-09-03,91282CRF0,9-Year 11-Month,10-Year,True,DGS10,10,3.9e+10,2026-09-01,2026-09-16,361,4e+10,1.5491933e+09,-0.64549722,ok,4.2e+10,previous,1.2909944,ok,2,0.35450278,2026-09-07/2026-09-13,True,False,-0.29328447,-1.3814986,4,18,-1.0882142,-14
2026-09-10_912810UW6,2026-09-10,2026-09-03,912810UW6,29-Year 11-Month,30-Year,True,DGS30,30,2.2e+10,2026-09-02,2026-09-17,220,2.3e+10,1.5491933e+09,-0.64549722,ok,2.5e+10,previous,1.2909944,ok,2,0.35450278,2026-09-07/2026-09-13,True,False,-1.4517214,1.2230684,10,-8,2.6747898,18
2026-09-15_912810UX4,2026-09-15,2026-09-10,912810UX4,19-Year 11-Month,20-Year,True,DGS20,20,1.3e+10,2026-09-08,2026-09-22,77,1.4e+10,1.5491933e+09,-0.64549722,ok,1.6e+10,previous,1.2909944,ok,2,0.35450278,2026-09-14/2026-09-20,True,False,-1.6716022,0.8783023,14,-7,2.5499045,21
2026-09-22_91282CRP8,2026-09-22,2026-09-17,91282CRP8,2-Year,2-Year,False,DGS2,2,6.9e+10,2026-09-15,2026-09-29,544,6.9e+10,0,0,sd0,6.9e+10,previous,0,sd0,1,1,2026-09-21/2026-09-27,True,False,-0.062332901,-0.32465498,4,18,-0.26232208,-14
2026-09-23_91282CRN3,2026-09-23,2026-09-17,91282CRN3,5-Year,5-Year,False,DGS5,5,7e+10,2026-09-16,2026-09-30,483,7e+10,0,0,sd0,7e+10,previous,0,sd0,1,1,2026-09-21/2026-09-27,True,False,-0.55472342,-0.41937582,13,10,0.1353476,3
