date,nav_total_forecast_sized,nav_excess_forecast_sized,nav_total_calendar_only,nav_excess_calendar_only,nav_total_curve_allocated,nav_excess_curve_allocated
2024-10-01,1.0001238,1,1.0001238,1,1.0001238,1
2024-10-02,1.0002471,1,1.0002471,1,1.0002471,1
2024-10-03,1.0003699,1,1.0003699,1,1.0003699,1
2024-10-04,1.0004927,1,1.0004927,1,1.0004927,1
2024-10-07,1.0008652,1,1.0008652,1,1.0008652,1
2024-10-08,1.00099,1,1.00099,1,1.00099,1
2024-10-09,1.0011142,1,1.0011142,1,1.0011142,1
2024-10-10,1.0012387,1,1.0012387,1,1.0012387,1
2024-10-11,1.0013633,1,1.0013633,1,1.0013633,1
2024-10-15,1.0018604,1,1.0018604,1,1.0018604,1
2024-10-16,1.0019844,1,1.0019844,1,1.0019844,1
2024-10-17,1.0021083,1,1.0021083,1,1.0021083,1
2024-10-18,1.0022329,1,1.0022329,1,1.0022329,1
2024-10-21,1.0026061,1,1.0026061,1,1.0026061,1
2024-10-22,1.0027299,1,1.0027299,1,1.0027299,1
2024-10-23,1.0028538,1,1.0028538,1,1.0028538,1
2024-10-24,1.002978,1,1.002978,1,1.002978,1
2024-10-25,1.002972,0.99987071,1.0028755,0.99977453,1.0028755,0.99977453
2024-10-28,1.0017753,0.99830622,1.0005115,0.99704636,1.0006094,0.99714395
2024-10-29,1.001894,0.99830176,1.0006268,0.99703858,1.0008974,0.99730826
2024-10-30,1.0014958,0.99778213,0.99984153,0.99613352,1.0001474,0.99643829
2024-10-31,1.0020021,0.99816433,1.0006319,0.99679897,1.0006808,0.99684767
2024-11-01,1.0021239,0.99816433,1.0007536,0.99679897,1.0008025,0.99684767
2024-11-04,1.0024872,0.99816433,1.0011164,0.99679897,1.0011652,0.99684767
2024-11-05,1.0026091,0.99816433,1.0012381,0.99679897,1.001287,0.99684767
2024-11-06,1.0027308,0.99816433,1.0013597,0.99679897,1.0014086,0.99684767
2024-11-07,1.0028528,0.99816433,1.0014815,0.99679897,1.0015304,0.99684767
2024-11-08,1.0029745,0.99816433,1.001603,0.99679897,1.0016519,0.99684767
2024-11-12,1.0034614,0.99816433,1.0020893,0.99679897,1.0021382,0.99684767
2024-11-13,1.0035832,0.99816433,1.0022109,0.99679897,1.0022598,0.99684767
2024-11-14,1.0037042,0.99816433,1.0023317,0.99679897,1.0023807,0.99684767
2024-11-15,1.0038255,0.99816433,1.0024528,0.99679897,1.0025018,0.99684767
2024-11-18,1.0041893,0.99816433,1.0028162,0.99679897,1.0028651,0.99684767
2024-11-19,1.0043109,0.99816433,1.0029376,0.99679897,1.0029866,0.99684767
2024-11-20,1.0044323,0.99816433,1.0030588,0.99679897,1.0031078,0.99684767
2024-11-21,1.0045539,0.99816433,1.0031803,0.99679897,1.0032292,0.99684767
2024-11-22,1.0043097,0.99780059,1.0030557,0.99655421,1.0031047,0.9966029
2024-11-25,1.025285,1.0182766,1.0172906,1.010334,1.0175017,1.0105437
2024-11-26,1.020893,1.0137913,1.0143944,1.0073353,1.0152603,1.0081953
2024-11-27,1.0285048,1.021228,1.0195306,1.0123143,1.0201265,1.0129061
2024-11-29,1.0389643,1.0313672,1.0265971,1.0190867,1.0272478,1.0197328
2024-12-02,1.0393392,1.0313672,1.0269675,1.0190867,1.0276185,1.0197328
2024-12-03,1.0394639,1.0313672,1.0270907,1.0190867,1.0277418,1.0197328
2024-12-04,1.0395881,1.0313672,1.0272134,1.0190867,1.0278646,1.0197328
2024-12-05,1.039712,1.0313672,1.0273358,1.0190867,1.0279871,1.0197328
2024-12-06,1.0398356,1.0313672,1.027458,1.0190867,1.0281093,1.0197328
2024-12-09,1.040204,1.0313672,1.0278219,1.0190867,1.0284735,1.0197328
2024-12-10,1.0403265,1.0313672,1.027943,1.0190867,1.0285947,1.0197328
2024-12-11,1.0404488,1.0313672,1.0280639,1.0190867,1.0287156,1.0197328
2024-12-12,1.0405702,1.0313672,1.0281838,1.0190867,1.0288356,1.0197328
2024-12-13,1.0406908,1.0313672,1.028303,1.0190867,1.0289548,1.0197328
2024-12-16,1.0410526,1.0313672,1.0286605,1.0190867,1.0293126,1.0197328
2024-12-17,1.0411738,1.0313672,1.0287803,1.0190867,1.0294324,1.0197328
2024-12-18,1.0412953,1.0313672,1.0289004,1.0190867,1.0295526,1.0197328
2024-12-19,1.0414166,1.0313672,1.0290202,1.0190867,1.0296725,1.0197328
2024-12-20,1.0415373,1.0313672,1.0291394,1.0190867,1.0297918,1.0197328
2024-12-23,1.0418994,1.0313672,1.0294972,1.0190867,1.0301498,1.0197328
2024-12-24,1.0418792,1.0312274,1.0293911,1.0188632,1.0300436,1.0195092
2024-12-26,1.0426987,1.0317967,1.0305515,1.0197728,1.0309684,1.0201855
2024-12-27,1.0405672,1.0295676,1.0270706,1.0162098,1.0274685,1.0166036
2024-12-30,1.0449029,1.0335029,1.0337734,1.0224918,1.0339884,1.0227046
2024-12-31,1.0431871,1.0316861,1.0309541,1.0195848,1.0318309,1.020452
2025-01-02,1.0434289,1.0316861,1.031193,1.0195848,1.03207,1.020452
2025-01-03,1.0435495,1.0316861,1.0313122,1.0195848,1.0321893,1.020452
2025-01-06,1.0439098,1.0316861,1.0316683,1.0195848,1.0325457,1.020452
2025-01-07,1.0440302,1.0316861,1.0317873,1.0195848,1.0326648,1.020452
2025-01-08,1.0441506,1.0316861,1.0319063,1.0195848,1.0327839,1.020452
2025-01-09,1.044271,1.0316861,1.0320253,1.0195848,1.032903,1.020452
2025-01-10,1.0443915,1.0316861,1.0321443,1.0195848,1.0330221,1.020452
2025-01-13,1.0447537,1.0316861,1.0325023,1.0195848,1.0333804,1.020452
2025-01-14,1.0448748,1.0316861,1.032622,1.0195848,1.0335002,1.020452
2025-01-15,1.0449956,1.0316861,1.0327414,1.0195848,1.0336197,1.020452
2025-01-16,1.0451162,1.0316861,1.0328605,1.0195848,1.0337389,1.020452
2025-01-17,1.0452367,1.0316861,1.0329796,1.0195848,1.0338581,1.020452
2025-01-21,1.0457178,1.0316861,1.0334551,1.0195848,1.034334,1.020452
2025-01-22,1.0458387,1.0316861,1.0335746,1.0195848,1.0344536,1.020452
2025-01-23,1.0459596,1.0316861,1.033694,1.0195848,1.0345732,1.020452
2025-01-24,1.0460805,1.0316861,1.0338136,1.0195848,1.0346928,1.020452
2025-01-27,1.0463626,1.0316072,1.0340548,1.0194698,1.0349342,1.020337
2025-01-28,1.045847,1.0309802,1.0332469,1.018556,1.0342005,1.0194963
2025-01-29,1.0459706,1.0309835,1.0333705,1.0185607,1.034031,1.0192118
2025-01-30,1.0470539,1.0319326,1.0348924,1.0199436,1.0356492,1.0206896
2025-01-31,1.0451814,1.0299687,1.0321066,1.017081,1.0328939,1.0178568
2025-02-03,1.0455422,1.0299687,1.0324629,1.017081,1.0332504,1.0178568
2025-02-04,1.0456631,1.0299687,1.0325823,1.017081,1.0333699,1.0178568
2025-02-05,1.045784,1.0299687,1.0327017,1.017081,1.0334893,1.0178568
2025-02-06,1.0459049,1.0299687,1.0328211,1.017081,1.0336088,1.0178568
2025-02-07,1.0460258,1.0299687,1.0329405,1.017081,1.0337283,1.0178568
2025-02-10,1.0463903,1.0299687,1.0333005,1.017081,1.0340886,1.0178568
2025-02-11,1.0465116,1.0299687,1.0334202,1.017081,1.0342084,1.0178568
2025-02-12,1.0466329,1.0299687,1.03354,1.017081,1.0343283,1.0178568
2025-02-13,1.0467542,1.0299687,1.0336598,1.017081,1.0344481,1.0178568
2025-02-14,1.0468752,1.0299687,1.0337793,1.017081,1.0345677,1.0178568
2025-02-18,1.0473593,1.0299687,1.0342574,1.017081,1.0350462,1.0178568
2025-02-19,1.0474807,1.0299687,1.0343772,1.017081,1.0351662,1.0178568
2025-02-20,1.0476018,1.0299687,1.0344968,1.017081,1.0352858,1.0178568
2025-02-21,1.0477227,1.0299687,1.0346161,1.017081,1.0354052,1.0178568
2025-02-24,1.0477044,1.0295944,1.0347351,1.016846,1.0355243,1.0176217
2025-02-25,1.0631329,1.044638,1.0444657,1.0262917,1.0455921,1.0273986
2025-02-26,1.0710395,1.0522871,1.0494478,1.0310693,1.0503229,1.0319291
2025-02-27,1.0649039,1.0461378,1.0456697,1.0272386,1.0465342,1.0280881
2025-02-28,1.0724397,1.0534204,1.0504179,1.031785,1.0514452,1.0327941
2025-03-03,1.0728099,1.0534204,1.0507805,1.031785,1.0518081,1.0327941
2025-03-04,1.0729336,1.0534204,1.0509017,1.031785,1.0519295,1.0327941
2025-03-05,1.0730571,1.0534204,1.0510226,1.031785,1.0520505,1.0327941
2025-03-06,1.0731808,1.0534204,1.0511439,1.031785,1.0521718,1.0327941
2025-03-07,1.0733043,1.0534204,1.0512648,1.031785,1.0522929,1.0327941
2025-03-10,1.0736748,1.0534204,1.0516277,1.031785,1.0526562,1.0327941
2025-03-11,1.0737981,1.0534204,1.0517484,1.031785,1.052777,1.0327941
2025-03-12,1.0739217,1.0534204,1.0518695,1.031785,1.0528982,1.0327941
2025-03-13,1.0740455,1.0534204,1.0519908,1.031785,1.0530196,1.0327941
2025-03-14,1.0741691,1.0534204,1.0521118,1.031785,1.0531408,1.0327941
2025-03-17,1.0745399,1.0534204,1.052475,1.031785,1.0535043,1.0327941
2025-03-18,1.0746636,1.0534204,1.0525961,1.031785,1.0536255,1.0327941
2025-03-19,1.0747872,1.0534204,1.0527173,1.031785,1.0537468,1.0327941
2025-03-20,1.0749109,1.0534204,1.0528384,1.031785,1.053868,1.0327941
2025-03-21,1.0750343,1.0534204,1.0529593,1.031785,1.053989,1.0327941
2025-03-24,1.0754045,1.0534204,1.0533219,1.031785,1.054352,1.0327941
2025-03-25,1.0753488,1.0532449,1.053193,1.0315402,1.0542229,1.0325492
2025-03-26,1.0726136,1.050445,1.0493279,1.0276363,1.0509277,1.0292031
2025-03-27,1.0706027,1.0483548,1.0464761,1.0247251,1.0483676,1.0265775
2025-03-28,1.0785908,1.0560563,1.0575412,1.0354423,1.0589301,1.0368023
2025-03-31,1.0816697,1.0587063,1.0616843,1.0391414,1.0626778,1.0401138
2025-04-01,1.0817945,1.0587063,1.0618068,1.0391414,1.0628004,1.0401138
2025-04-02,1.081919,1.0587063,1.0619289,1.0391414,1.0629226,1.0401138
2025-04-03,1.0820438,1.0587063,1.0620514,1.0391414,1.0630452,1.0401138
2025-04-04,1.0821683,1.0587063,1.0621736,1.0391414,1.0631676,1.0401138
2025-04-07,1.0825392,1.0587063,1.0625377,1.0391414,1.063532,1.0401138
2025-04-08,1.0826628,1.0587063,1.0626591,1.0391414,1.0636535,1.0401138
2025-04-09,1.0827871,1.0587063,1.0627811,1.0391414,1.0637756,1.0401138
2025-04-10,1.0829129,1.0587063,1.0629045,1.0391414,1.0638991,1.0401138
2025-04-11,1.0830381,1.0587063,1.0630274,1.0391414,1.0640221,1.0401138
2025-04-14,1.0834147,1.0587063,1.063397,1.0391414,1.0643921,1.0401138
2025-04-15,1.0835399,1.0587063,1.0635199,1.0391414,1.0645151,1.0401138
2025-04-16,1.0836652,1.0587063,1.0636429,1.0391414,1.0646382,1.0401138
2025-04-17,1.0837902,1.0587063,1.0637656,1.0391414,1.064761,1.0401138
2025-04-21,1.0842926,1.0587063,1.0642587,1.0391414,1.0652546,1.0401138
2025-04-22,1.0844179,1.0587063,1.0643817,1.0391414,1.0653778,1.0401138
2025-04-23,1.0845433,1.0587063,1.0645048,1.0391414,1.0655009,1.0401138
2025-04-24,1.0845207,1.0585618,1.0644137,1.0389323,1.0654097,1.0399045
2025-04-25,1.0864258,1.0602992,1.067112,1.0414462,1.068144,1.0424534
2025-04-28,1.0903764,1.0637879,1.0726574,1.0464978,1.0736492,1.0474655
2025-04-29,1.0928975,1.0661252,1.0762552,1.0498875,1.0773382,1.050944
2025-04-30,1.0940749,1.067151,1.0779058,1.0513768,1.0788264,1.0522748
2025-05-01,1.0942008,1.067151,1.0780298,1.0513768,1.0789506,1.0522748
2025-05-02,1.0943267,1.067151,1.0781538,1.0513768,1.0790747,1.0522748
2025-05-05,1.0947063,1.067151,1.0785278,1.0513768,1.079449,1.0522748
2025-05-06,1.0948329,1.067151,1.0786525,1.0513768,1.0795738,1.0522748
2025-05-07,1.0949594,1.067151,1.0787772,1.0513768,1.0796986,1.0522748
2025-05-08,1.095086,1.067151,1.0789019,1.0513768,1.0798234,1.0522748
2025-05-09,1.0952129,1.067151,1.079027,1.0513768,1.0799486,1.0522748
2025-05-12,1.0955928,1.067151,1.0794012,1.0513768,1.0803232,1.0522748
2025-05-13,1.0957222,1.067151,1.0795287,1.0513768,1.0804507,1.0522748
2025-05-14,1.095851,1.067151,1.0796556,1.0513768,1.0805777,1.0522748
2025-05-15,1.0959798,1.067151,1.0797825,1.0513768,1.0807047,1.0522748
2025-05-16,1.096108,1.067151,1.0799088,1.0513768,1.0808311,1.0522748
2025-05-19,1.0964909,1.067151,1.080286,1.0513768,1.0812087,1.0522748
2025-05-20,1.0966195,1.067151,1.0804127,1.0513768,1.0813355,1.0522748
2025-05-21,1.0967474,1.067151,1.0805388,1.0513768,1.0814617,1.0522748
2025-05-22,1.0968748,1.067151,1.0806643,1.0513768,1.0815873,1.0522748
2025-05-23,1.0966747,1.0668321,1.0805763,1.0511688,1.0814992,1.0520666
2025-05-27,1.1077437,1.0771042,1.0879661,1.0578691,1.0886223,1.058507
2025-05-28,1.1025727,1.071951,1.0846467,1.0545186,1.0860159,1.0558497
2025-05-29,1.1080005,1.0771036,1.0882241,1.0578741,1.0900903,1.0596883
2025-05-30,1.1104657,1.0793746,1.0898697,1.0593507,1.0915893,1.0610221
2025-06-02,1.1108536,1.0793746,1.0902504,1.0593507,1.0919706,1.0610221
2025-06-03,1.1109829,1.0793746,1.0903774,1.0593507,1.0920978,1.0610221
2025-06-04,1.111112,1.0793746,1.0905041,1.0593507,1.0922246,1.0610221
2025-06-05,1.1112414,1.0793746,1.090631,1.0593507,1.0923518,1.0610221
2025-06-06,1.1113707,1.0793746,1.090758,1.0593507,1.092479,1.0610221
2025-06-09,1.111759,1.0793746,1.091139,1.0593507,1.0928606,1.0610221
2025-06-10,1.1118884,1.0793746,1.0912661,1.0593507,1.0929879,1.0610221
2025-06-11,1.1120182,1.0793746,1.0913935,1.0593507,1.0931154,1.0610221
2025-06-12,1.112148,1.0793746,1.0915208,1.0593507,1.093243,1.0610221
2025-06-13,1.1122781,1.0793746,1.0916485,1.0593507,1.0933709,1.0610221
2025-06-16,1.1126675,1.0793746,1.0920308,1.0593507,1.0937538,1.0610221
2025-06-17,1.1127968,1.0793746,1.0921576,1.0593507,1.0938808,1.0610221
2025-06-18,1.1129257,1.0793746,1.0922842,1.0593507,1.0940076,1.0610221
2025-06-20,1.1131837,1.0793746,1.0925374,1.0593507,1.0942611,1.0610221
2025-06-23,1.1135689,1.0793746,1.0929154,1.0593507,1.0946398,1.0610221
2025-06-24,1.113552,1.0792343,1.0928263,1.0591427,1.0945505,1.0608138
2025-06-25,1.1142601,1.0797967,1.0938122,1.0599766,1.095634,1.0617421
2025-06-26,1.1161297,1.0814845,1.0965211,1.06248,1.098347,1.0642493
2025-06-27,1.1145175,1.0797976,1.0940633,1.059976,1.0955614,1.0614274
2025-06-30,1.1176633,1.0824726,1.0985363,1.0639437,1.1000291,1.0653895
2025-07-01,1.1177931,1.0824726,1.0986639,1.0639437,1.1001569,1.0653895
2025-07-02,1.1179229,1.0824726,1.0987915,1.0639437,1.1002847,1.0653895
2025-07-03,1.1180528,1.0824726,1.0989191,1.0639437,1.1004125,1.0653895
2025-07-07,1.1185748,1.0824726,1.0994322,1.0639437,1.1009262,1.0653895
2025-07-08,1.1187053,1.0824726,1.0995605,1.0639437,1.1010547,1.0653895
2025-07-09,1.1188359,1.0824726,1.0996888,1.0639437,1.1011832,1.0653895
2025-07-10,1.1189665,1.0824726,1.0998172,1.0639437,1.1013118,1.0653895
2025-07-11,1.1190968,1.0824726,1.0999452,1.0639437,1.10144,1.0653895
2025-07-14,1.1194877,1.0824726,1.1003295,1.0639437,1.1018248,1.0653895
2025-07-15,1.1196183,1.0824726,1.1004579,1.0639437,1.1019533,1.0653895
2025-07-16,1.1197487,1.0824726,1.100586,1.0639437,1.1020817,1.0653895
2025-07-17,1.1198788,1.0824726,1.1007139,1.0639437,1.1022097,1.0653895
2025-07-18,1.1200089,1.0824726,1.1008417,1.0639437,1.1023377,1.0653895
2025-07-21,1.1203992,1.0824726,1.1012254,1.0639437,1.1027219,1.0653895
2025-07-22,1.1205293,1.0824726,1.1013533,1.0639437,1.10285,1.0653895
2025-07-23,1.1206595,1.0824726,1.1014812,1.0639437,1.1029781,1.0653895
2025-07-24,1.12079,1.0824726,1.1016095,1.0639437,1.1031065,1.0653895
2025-07-25,1.1208303,1.0823855,1.101604,1.0638145,1.103101,1.0652602
2025-07-28,1.1205054,1.0816936,1.1009261,1.0627883,1.1023574,1.0641699
2025-07-29,1.1235297,1.0844876,1.1053453,1.0669309,1.1067226,1.0682603
2025-07-30,1.1222135,1.0830911,1.1033258,1.0648576,1.1044981,1.0659891
2025-07-31,1.1226165,1.083354,1.1038583,1.0652476,1.1048234,1.0661788
2025-08-01,1.1227469,1.083354,1.1039865,1.0652476,1.1049517,1.0661788
2025-08-04,1.1231336,1.083354,1.1043667,1.0652476,1.1053322,1.0661788
2025-08-05,1.1232616,1.083354,1.1044926,1.0652476,1.1054582,1.0661788
2025-08-06,1.1233896,1.083354,1.1046185,1.0652476,1.1055842,1.0661788
2025-08-07,1.123517,1.083354,1.1047438,1.0652476,1.1057096,1.0661788
2025-08-08,1.1236444,1.083354,1.1048691,1.0652476,1.105835,1.0661788
2025-08-11,1.1240268,1.083354,1.105245,1.0652476,1.1062113,1.0661788
2025-08-12,1.1241546,1.083354,1.1053707,1.0652476,1.1063371,1.0661788
2025-08-13,1.1242821,1.083354,1.1054961,1.0652476,1.1064626,1.0661788
2025-08-14,1.1244087,1.083354,1.1056205,1.0652476,1.1065872,1.0661788
2025-08-15,1.1245356,1.083354,1.1057453,1.0652476,1.1067121,1.0661788
2025-08-18,1.1249164,1.083354,1.1061198,1.0652476,1.1070868,1.0661788
2025-08-19,1.125044,1.083354,1.1062452,1.0652476,1.1072124,1.0661788
2025-08-20,1.125171,1.083354,1.1063701,1.0652476,1.1073374,1.0661788
2025-08-21,1.125298,1.083354,1.106495,1.0652476,1.1074624,1.0661788
2025-08-22,1.1254256,1.083354,1.1066205,1.0652476,1.107588,1.0661788
2025-08-25,1.1253434,1.0829097,1.1067,1.0649652,1.1076676,1.0658962
2025-08-26,1.1291726,1.0864729,1.1091787,1.0672307,1.1100443,1.0680635
2025-08-27,1.1330172,1.0900501,1.1116643,1.0695025,1.1121564,1.0699757
2025-08-28,1.1368779,1.0936425,1.1141572,1.0717813,1.1145823,1.0721901
2025-08-29,1.1346761,1.0914022,1.1128062,1.0703619,1.1126769,1.0702373
2025-09-02,1.1351797,1.0914022,1.1133001,1.0703619,1.1131707,1.0702373
2025-09-03,1.1353057,1.0914022,1.1134236,1.0703619,1.1132942,1.0702373
2025-09-04,1.135431,1.0914022,1.1135466,1.0703619,1.1134172,1.0702373
2025-09-05,1.1355558,1.0914022,1.1136689,1.0703619,1.1135395,1.0702373
2025-09-08,1.1359216,1.0914022,1.1140277,1.0703619,1.1138983,1.0702373
2025-09-09,1.1360446,1.0914022,1.1141483,1.0703619,1.1140188,1.0702373
2025-09-10,1.1361675,1.0914022,1.1142688,1.0703619,1.1141394,1.0702373
2025-09-11,1.1362901,1.0914022,1.1143891,1.0703619,1.1142596,1.0702373
2025-09-12,1.1364128,1.0914022,1.1145094,1.0703619,1.1143799,1.0702373
2025-09-15,1.1367808,1.0914022,1.1148703,1.0703619,1.1147408,1.0702373
2025-09-16,1.1369026,1.0914022,1.1149898,1.0703619,1.1148602,1.0702373
2025-09-17,1.1370241,1.0914022,1.1151089,1.0703619,1.1149793,1.0702373
2025-09-18,1.1371449,1.0914022,1.1152274,1.0703619,1.1150978,1.0702373
2025-09-19,1.1372661,1.0914022,1.1153463,1.0703619,1.1152167,1.0702373
2025-09-22,1.1376297,1.0914022,1.1157029,1.0703619,1.1155733,1.0702373
2025-09-23,1.13775,1.0914022,1.1158209,1.0703619,1.1156912,1.0702373
2025-09-24,1.1376569,1.0911974,1.1156193,1.0700553,1.1154897,1.0699308
2025-09-25,1.1360791,1.0895684,1.1131956,1.0676171,1.1128768,1.0673112
2025-09-26,1.1345058,1.0879433,1.1107801,1.0651867,1.1109109,1.0653119
2025-09-29,1.1391477,1.0920487,1.117531,1.0713218,1.1169241,1.0707395
2025-09-30,1.1382069,1.0910313,1.1160601,1.0697984,1.1156325,1.0693881
2025-10-01,1.1383273,1.0910313,1.1161781,1.0697984,1.1157505,1.0693881
2025-10-02,1.1384474,1.0910313,1.1162959,1.0697984,1.1158682,1.0693881
2025-10-03,1.1385678,1.0910313,1.1164139,1.0697984,1.1159862,1.0693881
2025-10-06,1.1389299,1.0910313,1.116769,1.0697984,1.1163412,1.0693881
2025-10-07,1.1390504,1.0910313,1.1168871,1.0697984,1.1164592,1.0693881
2025-10-08,1.1391705,1.0910313,1.1170049,1.0697984,1.116577,1.0693881
2025-10-09,1.1392907,1.0910313,1.1171228,1.0697984,1.1166948,1.0693881
2025-10-10,1.1394115,1.0910313,1.1172412,1.0697984,1.1168132,1.0693881
2025-10-14,1.1398935,1.0910313,1.1177138,1.0697984,1.1172856,1.0693881
2025-10-15,1.1400137,1.0910313,1.1178317,1.0697984,1.1174035,1.0693881
2025-10-16,1.1401346,1.0910313,1.1179502,1.0697984,1.1175219,1.0693881
2025-10-17,1.1402551,1.0910313,1.1180685,1.0697984,1.1176401,1.0693881
2025-10-20,1.140615,1.0910313,1.1184213,1.0697984,1.1179929,1.0693881
2025-10-21,1.1407341,1.0910313,1.1185381,1.0697984,1.1181096,1.0693881
2025-10-22,1.1408528,1.0910313,1.1186545,1.0697984,1.118226,1.0693881
2025-10-23,1.1409716,1.0910313,1.118771,1.0697984,1.1183424,1.0693881
2025-10-24,1.1410904,1.0910313,1.1188875,1.0697984,1.1184588,1.0693881
2025-10-27,1.1413159,1.0909089,1.1190565,1.0696285,1.1186278,1.0692183
2025-10-28,1.142462,1.0918929,1.120599,1.0709935,1.1200121,1.0704322
2025-10-29,1.1379841,1.0875015,1.1143372,1.0648994,1.114038,1.0646132
2025-10-30,1.1365816,1.086049,1.1123464,1.062887,1.1119948,1.0625507
2025-10-31,1.1365764,1.0859321,1.1122917,1.0627252,1.1117988,1.0622539
2025-11-03,1.1369249,1.0859321,1.1126327,1.0627252,1.1121396,1.0622539
2025-11-04,1.1370438,1.0859321,1.1127491,1.0627252,1.112256,1.0622539
2025-11-05,1.1371622,1.0859321,1.112865,1.0627252,1.1123718,1.0622539
2025-11-06,1.1372806,1.0859321,1.1129808,1.0627252,1.1124876,1.0622539
2025-11-07,1.1373981,1.0859321,1.1130958,1.0627252,1.1126025,1.0622539
2025-11-10,1.1377505,1.0859321,1.1134407,1.0627252,1.1129473,1.0622539
2025-11-12,1.1379868,1.0859321,1.1136719,1.0627252,1.1131784,1.0622539
2025-11-13,1.138105,1.0859321,1.1137876,1.0627252,1.113294,1.0622539
2025-11-14,1.1382235,1.0859321,1.1139035,1.0627252,1.1134099,1.0622539
2025-11-17,1.138579,1.0859321,1.1142514,1.0627252,1.1137576,1.0622539
2025-11-18,1.1386975,1.0859321,1.1143674,1.0627252,1.1138736,1.0622539
2025-11-19,1.1388154,1.0859321,1.1144828,1.0627252,1.1139889,1.0622539
2025-11-20,1.1389337,1.0859321,1.1145986,1.0627252,1.1141046,1.0622539
2025-11-21,1.1384564,1.0853646,1.1143381,1.0623668,1.1138443,1.0618956
2025-11-24,1.1436333,1.0899656,1.1177298,1.0652729,1.1176373,1.0651845
2025-11-25,1.1509588,1.0968353,1.1223904,1.0696054,1.1222558,1.0694768
2025-11-26,1.1535078,1.0991521,1.1240353,1.0710633,1.1241059,1.0711303
2025-11-28,1.1483453,1.0940064,1.1208712,1.0678277,1.1202423,1.0672281
2025-12-01,1.1486974,1.0940064,1.1212149,1.0678277,1.1205857,1.0672281
2025-12-02,1.1488141,1.0940064,1.1213288,1.0678277,1.1206996,1.0672281
2025-12-03,1.14893,1.0940064,1.1214419,1.0678277,1.1208126,1.0672281
2025-12-04,1.1490445,1.0940064,1.1215537,1.0678277,1.1209244,1.0672281
2025-12-05,1.1491588,1.0940064,1.1216653,1.0678277,1.1210359,1.0672281
2025-12-08,1.1495007,1.0940064,1.121999,1.0678277,1.1213694,1.0672281
2025-12-09,1.1496154,1.0940064,1.1221109,1.0678277,1.1214813,1.0672281
2025-12-10,1.14973,1.0940064,1.1222228,1.0678277,1.1215931,1.0672281
2025-12-11,1.1498434,1.0940064,1.1223335,1.0678277,1.1217037,1.0672281
2025-12-12,1.1499562,1.0940064,1.1224436,1.0678277,1.1218138,1.0672281
2025-12-15,1.1502908,1.0940064,1.1227701,1.0678277,1.1221402,1.0672281
2025-12-16,1.150403,1.0940064,1.1228797,1.0678277,1.1222496,1.0672281
2025-12-17,1.1505152,1.0940064,1.1229892,1.0678277,1.1223591,1.0672281
2025-12-18,1.1506271,1.0940064,1.1230984,1.0678277,1.1224682,1.0672281
2025-12-19,1.1507384,1.0940064,1.123207,1.0678277,1.1225768,1.0672281
2025-12-22,1.1510732,1.0940064,1.1235338,1.0678277,1.1229034,1.0672281
2025-12-23,1.1511854,1.0940064,1.1236434,1.0678277,1.1230129,1.0672281
2025-12-24,1.1510096,1.0937326,1.123358,1.0674523,1.1227277,1.0668529
2025-12-26,1.1524285,1.0948651,1.1252134,1.0690048,1.1238391,1.0676986
2025-12-29,1.1551377,1.0971187,1.1287958,1.0720955,1.1266721,1.0700776
2025-12-30,1.1529572,1.0949404,1.1257582,1.0691055,1.1244343,1.0678476
2025-12-31,1.148193,1.0903094,1.1191798,1.0627543,1.118079,1.0617082
2026-01-02,1.1484176,1.0903094,1.1193988,1.0627543,1.1182977,1.0617082
2026-01-05,1.1487518,1.0903094,1.1197245,1.0627543,1.1186231,1.0617082
2026-01-06,1.1488632,1.0903094,1.1198331,1.0627543,1.1187315,1.0617082
2026-01-07,1.1489743,1.0903094,1.1199414,1.0627543,1.1188397,1.0617082
2026-01-08,1.1490851,1.0903094,1.1200494,1.0627543,1.1189476,1.0617082
2026-01-09,1.1491959,1.0903094,1.1201574,1.0627543,1.1190556,1.0617082
2026-01-12,1.1495284,1.0903094,1.1204815,1.0627543,1.1193793,1.0617082
2026-01-13,1.1496405,1.0903094,1.1205907,1.0627543,1.1194885,1.0617082
2026-01-14,1.1497529,1.0903094,1.1207003,1.0627543,1.119598,1.0617082
2026-01-15,1.1498654,1.0903094,1.12081,1.0627543,1.1197075,1.0617082
2026-01-16,1.1499779,1.0903094,1.1209196,1.0627543,1.119817,1.0617082
2026-01-20,1.1504278,1.0903094,1.1213581,1.0627543,1.1202551,1.0617082
2026-01-21,1.1505409,1.0903094,1.1214684,1.0627543,1.1203653,1.0617082
2026-01-22,1.1506541,1.0903094,1.1215787,1.0627543,1.1204755,1.0617082
2026-01-23,1.1507676,1.0903094,1.1216893,1.0627543,1.120586,1.0617082
2026-01-26,1.1509612,1.0901711,1.121811,1.062556,1.1207076,1.0615101
2026-01-27,1.1499196,1.0890773,1.1202654,1.0609874,1.1195727,1.0603308
2026-01-28,1.1488803,1.0879862,1.118724,1.0594235,1.1179938,1.0587315
2026-01-29,1.1501699,1.0891005,1.1205197,1.0610199,1.1196403,1.0601866
2026-01-30,1.1489847,1.087871,1.1187689,1.0592577,1.1184632,1.0589677
2026-02-02,1.1493227,1.087871,1.1190981,1.0592577,1.1187923,1.0589677
2026-02-03,1.1494361,1.087871,1.1192085,1.0592577,1.1189027,1.0589677
2026-02-04,1.1495495,1.087871,1.1193189,1.0592577,1.119013,1.0589677
2026-02-05,1.1496629,1.087871,1.1194293,1.0592577,1.1191234,1.0589677
2026-02-06,1.1497759,1.087871,1.1195394,1.0592577,1.1192335,1.0589677
2026-02-09,1.1501161,1.087871,1.1198706,1.0592577,1.1195646,1.0589677
2026-02-10,1.1502296,1.087871,1.1199811,1.0592577,1.1196751,1.0589677
2026-02-11,1.150343,1.087871,1.1200915,1.0592577,1.1197855,1.0589677
2026-02-12,1.1504568,1.087871,1.1202023,1.0592577,1.1198963,1.0589677
2026-02-13,1.1505706,1.087871,1.1203131,1.0592577,1.120007,1.0589677
2026-02-17,1.1510245,1.087871,1.1207551,1.0592577,1.1204489,1.0589677
2026-02-18,1.1511383,1.087871,1.120866,1.0592577,1.1205597,1.0589677
2026-02-19,1.1512522,1.087871,1.1209768,1.0592577,1.1206705,1.0589677
2026-02-20,1.1513661,1.087871,1.1210877,1.0592577,1.1207814,1.0589677
2026-02-23,1.1510936,1.0872917,1.121001,1.0588624,1.1206947,1.0585725
2026-02-24,1.1487888,1.0850074,1.1194613,1.0573036,1.1195093,1.0573483
2026-02-25,1.1464907,1.0827299,1.117925,1.0557483,1.1188569,1.0566279
2026-02-26,1.1539662,1.0896828,1.1230659,1.0604992,1.1243297,1.0616921
2026-02-27,1.1658208,1.1007696,1.1311837,1.0680601,1.1314683,1.0683283
2026-03-02,1.1661648,1.1007696,1.1315175,1.0680601,1.1318021,1.0683283
2026-03-03,1.1662801,1.1007696,1.1316294,1.0680601,1.1319141,1.0683283
2026-03-04,1.1663951,1.1007696,1.131741,1.0680601,1.1320257,1.0683283
2026-03-05,1.1665102,1.1007696,1.1318527,1.0680601,1.1321374,1.0683283
2026-03-06,1.1666249,1.1007696,1.131964,1.0680601,1.1322487,1.0683283
2026-03-09,1.1669682,1.1007696,1.1322971,1.0680601,1.1325819,1.0683283
2026-03-10,1.1670836,1.1007696,1.1324091,1.0680601,1.1326939,1.0683283
2026-03-11,1.1671987,1.1007696,1.1325207,1.0680601,1.1328056,1.0683283
2026-03-12,1.1673141,1.1007696,1.1326328,1.0680601,1.1329177,1.0683283
2026-03-13,1.1674296,1.1007696,1.1327448,1.0680601,1.1330297,1.0683283
2026-03-16,1.167776,1.1007696,1.1330809,1.0680601,1.1333659,1.0683283
2026-03-17,1.1678915,1.1007696,1.1331929,1.0680601,1.133478,1.0683283
2026-03-18,1.168007,1.1007696,1.133305,1.0680601,1.1335901,1.0683283
2026-03-19,1.1681228,1.1007696,1.1334174,1.0680601,1.1337025,1.0683283
2026-03-20,1.1682387,1.1007696,1.1335298,1.0680601,1.133815,1.0683283
2026-03-23,1.1685872,1.1007696,1.133868,1.0680601,1.1341532,1.0683283
2026-03-24,1.1687035,1.1007696,1.1339808,1.0680601,1.134266,1.0683283
2026-03-25,1.1685774,1.1005414,1.1337476,1.0677343,1.1340328,1.0680023
2026-03-26,1.1600336,1.0923855,1.1214951,1.056089,1.1222829,1.0568304
2026-03-27,1.1582599,1.0906066,1.1189189,1.053558,1.1204959,1.0550425
2026-03-30,1.1673104,1.098804,1.1316292,1.0652124,1.1324134,1.0659499
2026-03-31,1.1720524,1.1031587,1.1383418,1.0714254,1.1384433,1.0715203
2026-04-01,1.1721683,1.1031587,1.1384544,1.0714254,1.1385559,1.0715203
2026-04-02,1.1722843,1.1031587,1.138567,1.0714254,1.1386685,1.0715203
2026-04-03,1.1724002,1.1031587,1.1386796,1.0714254,1.1387812,1.0715203
2026-04-06,1.172749,1.1031587,1.1390184,1.0714254,1.13912,1.0715203
2026-04-07,1.172866,1.1031587,1.139132,1.0714254,1.1392336,1.0715203
2026-04-08,1.1729823,1.1031587,1.1392449,1.0714254,1.1393466,1.0715203
2026-04-09,1.1730983,1.1031587,1.1393576,1.0714254,1.1394593,1.0715203
2026-04-10,1.173214,1.1031587,1.13947,1.0714254,1.1395716,1.0715203
2026-04-13,1.1735612,1.1031587,1.1398072,1.0714254,1.1399088,1.0715203
2026-04-14,1.1736776,1.1031587,1.1399202,1.0714254,1.1400219,1.0715203
2026-04-15,1.173794,1.1031587,1.1400333,1.0714254,1.140135,1.0715203
2026-04-16,1.1739104,1.1031587,1.1401463,1.0714254,1.140248,1.0715203
2026-04-17,1.1740268,1.1031587,1.1402594,1.0714254,1.1403611,1.0715203
2026-04-20,1.1743752,1.1031587,1.1405977,1.0714254,1.1406995,1.0715203
2026-04-21,1.1744916,1.1031587,1.1407109,1.0714254,1.1408126,1.0715203
2026-04-22,1.1746075,1.1031587,1.1408234,1.0714254,1.1409251,1.0715203
2026-04-23,1.1747233,1.1031587,1.1409359,1.0714254,1.1410377,1.0715203
2026-04-24,1.1747207,1.1030474,1.1408897,1.0712763,1.1409915,1.0713712
2026-04-27,1.1732088,1.1013014,1.1387375,1.0689384,1.1392977,1.0694638
2026-04-28,1.1728636,1.1008687,1.138233,1.0683594,1.138582,1.0686865
2026-04-29,1.170166,1.0982282,1.1345812,1.0648265,1.1349093,1.0651338
2026-04-30,1.1711161,1.0990115,1.1358088,1.0658736,1.1359964,1.066049
2026-05-01,1.1712313,1.0990115,1.1359205,1.0658736,1.1361081,1.066049
2026-05-04,1.1715769,1.0990115,1.1362557,1.0658736,1.1364433,1.066049
2026-05-05,1.1716927,1.0990115,1.1363681,1.0658736,1.1365557,1.066049
2026-05-06,1.1718086,1.0990115,1.1364805,1.0658736,1.1366681,1.066049
2026-05-07,1.1719245,1.0990115,1.1365929,1.0658736,1.1367805,1.066049
2026-05-08,1.1720404,1.0990115,1.1367053,1.0658736,1.136893,1.066049
2026-05-11,1.1723872,1.0990115,1.1370416,1.0658736,1.1372294,1.066049
2026-05-12,1.1725032,1.0990115,1.1371541,1.0658736,1.1373419,1.066049
2026-05-13,1.1726191,1.0990115,1.1372666,1.0658736,1.1374543,1.066049
2026-05-14,1.1727351,1.0990115,1.137379,1.0658736,1.1375668,1.066049
2026-05-15,1.1728508,1.0990115,1.1374912,1.0658736,1.137679,1.066049
2026-05-18,1.1731978,1.0990115,1.1378278,1.0658736,1.1380157,1.066049
2026-05-19,1.1733135,1.0990115,1.13794,1.0658736,1.1381279,1.066049
2026-05-20,1.1734289,1.0990115,1.1380519,1.0658736,1.1382399,1.066049
2026-05-21,1.1735437,1.0990115,1.1381632,1.0658736,1.1383512,1.066049
2026-05-22,1.1731878,1.0985702,1.1379794,1.0655965,1.1381673,1.0657719
2026-05-26,1.1852188,1.1094037,1.1456899,1.0723974,1.1455141,1.0722321
2026-05-27,1.1892131,1.1130332,1.1482287,1.074668,1.1480183,1.0744704
2026-05-28,1.1951456,1.1184761,1.1519756,1.0780692,1.1514471,1.0775738
2026-05-29,1.1948364,1.1180765,1.1518228,1.0778199,1.1515269,1.0775422
2026-06-01,1.19519,1.1180765,1.1521637,1.0778199,1.1518676,1.0775422
2026-06-02,1.1953088,1.1180765,1.1522782,1.0778199,1.1519822,1.0775422
2026-06-03,1.1954277,1.1180765,1.1523928,1.0778199,1.1520968,1.0775422
2026-06-04,1.1955466,1.1180765,1.1525075,1.0778199,1.1522113,1.0775422
2026-06-05,1.1956655,1.1180765,1.1526221,1.0778199,1.1523259,1.0775422
2026-06-08,1.1960222,1.1180765,1.152966,1.0778199,1.1526697,1.0775422
2026-06-09,1.1961418,1.1180765,1.1530813,1.0778199,1.152785,1.0775422
2026-06-10,1.1962611,1.1180765,1.1531963,1.0778199,1.1529,1.0775422
2026-06-11,1.1963804,1.1180765,1.1533113,1.0778199,1.1530149,1.0775422
2026-06-12,1.1964994,1.1180765,1.153426,1.0778199,1.1531296,1.0775422
2026-06-15,1.1968564,1.1180765,1.1537701,1.0778199,1.1534737,1.0775422
2026-06-16,1.1969757,1.1180765,1.1538851,1.0778199,1.1535887,1.0775422
2026-06-17,1.1970951,1.1180765,1.1540002,1.0778199,1.1537037,1.0775422
2026-06-18,1.1972158,1.1180765,1.1541166,1.0778199,1.1538201,1.0775422
2026-06-22,1.1976973,1.1180765,1.1545807,1.0778199,1.1542841,1.0775422
2026-06-23,1.1978187,1.1180765,1.1546978,1.0778199,1.1544011,1.0775422
2026-06-24,1.1976856,1.1178389,1.154482,1.0775092,1.1541854,1.0772316
2026-06-25,1.1988483,1.1188107,1.1559607,1.0787801,1.1556162,1.0784579
2026-06-26,1.2010329,1.1207364,1.1587768,1.0812991,1.1577291,1.0803206
2026-06-29,1.2014646,1.1208012,1.1592172,1.0813839,1.1578777,1.0801335
2026-06-30,1.1952364,1.1148762,1.1510222,1.0736284,1.1502191,1.0728784
2026-07-01,1.1953588,1.1148762,1.1511402,1.0736284,1.1503369,1.0728784
2026-07-02,1.1954803,1.1148762,1.1512572,1.0736284,1.1504538,1.0728784
2026-07-06,1.1959624,1.1148762,1.1517215,1.0736284,1.1509178,1.0728784
2026-07-07,1.196085,1.1148762,1.1518395,1.0736284,1.1510357,1.0728784
2026-07-08,1.1962072,1.1148762,1.1519572,1.0736284,1.1511534,1.0728784
2026-07-09,1.1963295,1.1148762,1.1520749,1.0736284,1.151271,1.0728784
2026-07-10,1.1964504,1.1148762,1.1521914,1.0736284,1.1513874,1.0728784
2026-07-13,1.1968152,1.1148762,1.1525427,1.0736284,1.1517385,1.0728784
2026-07-14,1.1969385,1.1148762,1.1526615,1.0736284,1.1518571,1.0728784
2026-07-15,1.1970602,1.1148762,1.1527786,1.0736284,1.1519742,1.0728784
2026-07-16,1.1971815,1.1148762,1.1528955,1.0736284,1.152091,1.0728784
2026-07-17,1.1973029,1.1148762,1.1530123,1.0736284,1.1522078,1.0728784
2026-07-20,1.197668,1.1148762,1.1533639,1.0736284,1.1525591,1.0728784
2026-07-21,1.1977904,1.1148762,1.1534818,1.0736284,1.1526769,1.0728784
2026-07-22,1.1979131,1.1148762,1.1536,1.0736284,1.152795,1.0728784
2026-07-23,1.1980362,1.1148762,1.1537185,1.0736284,1.1529134,1.0728784
2026-07-24,1.1981612,1.1148762,1.1538389,1.0736284,1.1530338,1.0728784
2026-07-27,1.1984103,1.1147589,1.1540364,1.0734759,1.1532311,1.072726
2026-07-28,1.200571,1.116652,1.1568014,1.0759355,1.1560208,1.0752086
2026-07-29,1.1976794,1.1138472,1.1530007,1.0722894,1.1521657,1.071512
2026-07-30,1.1973134,1.1133939,1.1524845,1.0717006,1.1516518,1.0709254
2026-07-31,1.1938134,1.1100267,1.1478987,1.0673279,1.1472903,1.0667614
2026-08-03,1.1941755,1.1100267,1.1482469,1.0673279,1.1476382,1.0667614
2026-08-04,1.1942982,1.1100267,1.1483648,1.0673279,1.1477562,1.0667614
2026-08-05,1.1944206,1.1100267,1.1484825,1.0673279,1.1478738,1.0667614
2026-08-06,1.1945429,1.1100267,1.1486002,1.0673279,1.1479914,1.0667614
2026-08-07,1.1946653,1.1100267,1.1487179,1.0673279,1.148109,1.0667614
2026-08-10,1.1950306,1.1100267,1.1490691,1.0673279,1.14846,1.0667614
2026-08-11,1.1951531,1.1100267,1.1491868,1.0673279,1.1485777,1.0667614
2026-08-12,1.1952755,1.1100267,1.1493046,1.0673279,1.1486954,1.0667614
2026-08-13,1.1953973,1.1100267,1.1494217,1.0673279,1.1488125,1.0667614
2026-08-14,1.1955189,1.1100267,1.1495385,1.0673279,1.1489293,1.0667614
2026-08-17,1.1958834,1.1100267,1.1498891,1.0673279,1.1492796,1.0667614
2026-08-18,1.1960053,1.1100267,1.1500063,1.0673279,1.1493967,1.0667614
2026-08-19,1.1961269,1.1100267,1.1501232,1.0673279,1.1495136,1.0667614
2026-08-20,1.1962484,1.1100267,1.1502401,1.0673279,1.1496304,1.0667614
2026-08-21,1.19637,1.1100267,1.150357,1.0673279,1.1497473,1.0667614
2026-08-24,1.1967358,1.1100267,1.1507087,1.0673279,1.1500988,1.0667614
2026-08-25,1.1963398,1.1095462,1.1504899,1.0670162,1.1498801,1.0664498
2026-08-26,1.1923862,1.1057667,1.1479624,1.0645636,1.1478673,1.0644747
2026-08-27,1.1905105,1.1039152,1.1467818,1.0633609,1.1466883,1.0632734
2026-08-28,1.1783844,1.0925595,1.1389377,1.0559799,1.1389242,1.0559666
2026-08-31,1.1743777,1.0885088,1.1364385,1.0533381,1.1362898,1.0531995
2026-09-01,1.1744993,1.0885088,1.1365561,1.0533381,1.1364075,1.0531995
2026-09-02,1.174621,1.0885088,1.1366738,1.0533381,1.1365252,1.0531995
2026-09-03,1.1747426,1.0885088,1.1367916,1.0533381,1.1366429,1.0531995
2026-09-04,1.1748633,1.0885088,1.1369084,1.0533381,1.1367597,1.0531995
2026-09-08,1.1753487,1.0885088,1.1373781,1.0533381,1.1372293,1.0531995
2026-09-09,1.1754711,1.0885088,1.1374965,1.0533381,1.1373477,1.0531995
2026-09-10,1.1755938,1.0885088,1.1376152,1.0533381,1.1374665,1.0531995
2026-09-11,1.1757181,1.0885088,1.1377355,1.0533381,1.1375867,1.0531995
2026-09-14,1.1760969,1.0885088,1.1381021,1.0533381,1.1379533,1.0531995
2026-09-15,1.1762248,1.0885088,1.1382259,1.0533381,1.138077,1.0531995
2026-09-16,1.1763527,1.0885088,1.1383497,1.0533381,1.1382008,1.0531995
2026-09-17,1.1764813,1.0885088,1.1384741,1.0533381,1.1383252,1.0531995
2026-09-18,1.1766093,1.0885088,1.138598,1.0533381,1.1384491,1.0531995
2026-09-21,1.1769952,1.0885088,1.1389714,1.0533381,1.1388224,1.0531995
2026-09-22,1.1771248,1.0885088,1.1390968,1.0533381,1.1389478,1.0531995
2026-09-23,1.1772541,1.0885088,1.1392219,1.0533381,1.139073,1.0531995
2026-09-24,1.1771485,1.0882907,1.1390377,1.0530511,1.1388887,1.0529126
2026-09-25,1.1782584,1.0891951,1.140452,1.054241,1.1406371,1.0544113
2026-09-28,1.1721691,1.0832008,1.1323007,1.0463523,1.1321819,1.0462417
2026-09-29,1.1704651,1.0815045,1.1300168,1.0441243,1.1302028,1.0442953
2026-09-30,1.1675993,1.0787359,1.1262097,1.0404901,1.1260185,1.0403126
