date,nav_excess_book,nav_excess_supply_calendar,nav_excess_supply_size_weighted,nav_excess_demand_alone
2024-10-01,0.99995469,0.99995469,0.99995469,1
2024-10-02,1.0002795,1.0002795,1.000315,1
2024-10-03,1.0030074,1.0030074,1.0022268,1
2024-10-04,1.011639,1.011639,1.0078576,1
2024-10-07,1.0146027,1.0146027,1.0095136,1
2024-10-08,1.0146564,1.0146564,1.0091325,1
2024-10-09,1.0149365,1.0149365,1.008906,1
2024-10-10,1.0152393,1.0152393,1.0091116,1
2024-10-11,1.0156976,1.0156976,1.009584,1
2024-10-15,1.0181575,1.0181575,1.0103153,1
2024-10-16,1.0190539,1.0190539,1.0108092,1
2024-10-17,1.0172933,1.0172933,1.0101901,1
2024-10-18,1.0174677,1.0174677,1.0102515,1
2024-10-21,1.0196899,1.0196899,1.0109794,1
2024-10-22,1.0204134,1.0204134,1.0115489,1
2024-10-23,1.0232927,1.0232927,1.014035,1
2024-10-24,1.0234925,1.0234925,1.0136461,1
2024-10-25,1.0242864,1.0245172,1.0152456,0.99977453
2024-10-28,1.0223103,1.0253102,1.0164693,0.99704636
2024-10-29,1.0220075,1.0249628,1.0161589,0.99703858
2024-10-30,1.0209468,1.0247059,1.0155938,0.99613352
2024-10-31,1.0203793,1.023117,1.0136547,0.99679897
2024-11-01,1.0221128,1.0247128,1.0164778,0.99679897
2024-11-04,1.0203278,1.0228843,1.0137358,0.99679897
2024-11-05,1.0182714,1.0204513,1.0105077,0.99679897
2024-11-06,1.0192824,1.0214644,1.0133916,0.99679897
2024-11-07,1.0223536,1.0245422,1.0188188,0.99679897
2024-11-08,1.0226315,1.0248207,1.0198657,0.99679897
2024-11-12,1.0185058,1.0206861,1.0127462,0.99679897
2024-11-13,1.0176609,1.0198394,1.0111583,0.99679897
2024-11-14,1.0173596,1.0195375,1.0120441,0.99679897
2024-11-15,1.0175849,1.0197633,1.0121236,0.99679897
2024-11-18,1.0175334,1.0197116,1.0120746,0.99679897
2024-11-19,1.0161909,1.0183663,1.0113235,0.99679897
2024-11-20,1.0174351,1.0196131,1.0125416,0.99679897
2024-11-21,1.0184133,1.0205934,1.0130606,0.99679897
2024-11-22,1.0188073,1.0211949,1.0138866,0.99655421
2024-11-25,1.0247485,1.0155072,1.0114749,1.010334
2024-11-26,1.022083,1.0153498,1.0106291,1.0073353
2024-11-27,1.0271409,1.0162603,1.0124005,1.0123143
2024-11-29,1.0366353,1.0201189,1.0162445,1.0190867
2024-12-02,1.0345495,1.0180181,1.0141516,1.0190867
2024-12-03,1.032978,1.0164683,1.0126077,1.0190867
2024-12-04,1.0337249,1.0172032,1.0132873,1.0190867
2024-12-05,1.0336052,1.0170855,1.0127837,1.0190867
2024-12-06,1.0323753,1.0158752,1.011024,1.0190867
2024-12-09,1.0353358,1.0187884,1.0143103,1.0190867
2024-12-10,1.0358296,1.0192743,1.0148953,1.0190867
2024-12-11,1.0391646,1.022556,1.0193267,1.0190867
2024-12-12,1.0403454,1.023718,1.0215172,1.0190867
2024-12-13,1.0388681,1.0222643,1.0225011,1.0190867
2024-12-16,1.0386173,1.0220175,1.0218983,1.0190867
2024-12-17,1.0384513,1.0218541,1.0216965,1.0190867
2024-12-18,1.0385858,1.0219865,1.0233336,1.0190867
2024-12-19,1.0380084,1.0214183,1.0239229,1.0190867
2024-12-20,1.0362342,1.0196724,1.021966,1.0190867
2024-12-23,1.0376986,1.0211135,1.0238171,1.0190867
2024-12-24,1.0375739,1.0212147,1.0238667,1.0188632
2024-12-26,1.0377731,1.0204989,1.0231491,1.0197728
2024-12-27,1.0325367,1.0188682,1.0215141,1.0162098
2024-12-30,1.0432726,1.0217919,1.0244781,1.0224918
2024-12-31,1.0393527,1.0210845,1.0234106,1.0195848
2025-01-02,1.0397452,1.0216408,1.0239726,1.0195848
2025-01-03,1.0395817,1.0226485,1.024201,1.0195848
2025-01-06,1.0400856,1.0231123,1.024022,1.0195848
2025-01-07,1.0405047,1.0244787,1.0240321,1.0195848
2025-01-08,1.0409021,1.02487,1.024489,1.0195848
2025-01-09,1.0404821,1.0244564,1.0243433,1.0195848
2025-01-10,1.0339779,1.0180525,1.0197015,1.0195848
2025-01-13,1.0325724,1.0166686,1.0187082,1.0195848
2025-01-14,1.0324775,1.0165751,1.018675,1.0195848
2025-01-15,1.0320989,1.0162024,1.0185426,1.0195848
2025-01-16,1.0312137,1.0153308,1.0182329,1.0195848
2025-01-17,1.0310991,1.015218,1.0181217,1.0195848
2025-01-21,1.0302015,1.0143342,1.0178067,1.0195848
2025-01-22,1.0315692,1.0156808,1.0189302,1.0195848
2025-01-23,1.0324471,1.0165452,1.0200011,1.0195848
2025-01-24,1.0312631,1.0153794,1.0187621,1.0195848
2025-01-27,1.0252967,1.0096194,1.0123611,1.0194698
2025-01-28,1.0237423,1.0089937,1.0118693,1.018556
2025-01-29,1.0230677,1.0083242,1.0112821,1.0185607
2025-01-30,1.0255282,1.0093803,1.0123414,1.0199436
2025-01-31,1.0210651,1.0078204,1.0107769,1.017081
2025-02-03,1.0208293,1.0075877,1.0105435,1.017081
2025-02-04,1.0210356,1.0077913,1.0107477,1.017081
2025-02-05,1.0196238,1.0063978,1.0092996,1.017081
2025-02-06,1.0208822,1.0076399,1.010893,1.017081
2025-02-07,1.0243832,1.0110955,1.0160326,1.017081
2025-02-10,1.0249933,1.0116977,1.0174695,1.017081
2025-02-11,1.025845,1.0125383,1.019826,1.017081
2025-02-12,1.0293119,1.0159603,1.0249804,1.017081
2025-02-13,1.0279271,1.0145935,1.0251236,1.017081
2025-02-14,1.0299931,1.0166326,1.0296925,1.017081
2025-02-18,1.0271614,1.0138377,1.0219292,1.017081
2025-02-19,1.0267894,1.0134704,1.0232365,1.017081
2025-02-20,1.02719,1.0138659,1.0257442,1.017081
2025-02-21,1.0252714,1.0119722,1.0286868,1.017081
2025-02-24,1.0223328,1.0092854,1.0265337,1.016846
2025-02-25,1.0303637,1.0085708,1.0300734,1.0262917
2025-02-26,1.0359286,1.0097797,1.0332115,1.0310693
2025-02-27,1.0307208,1.0081033,1.0311176,1.0272386
2025-02-28,1.0386799,1.0119625,1.0356947,1.031785
2025-03-03,1.0424041,1.0158,1.0406353,1.031785
2025-03-04,1.040328,1.0136667,1.0377596,1.031785
2025-03-05,1.040404,1.0137407,1.038382,1.031785
2025-03-06,1.0398847,1.0132348,1.0381169,1.031785
2025-03-07,1.0421207,1.0154134,1.0404227,1.031785
2025-03-10,1.0358453,1.0092989,1.0331443,1.031785
2025-03-11,1.038332,1.0117219,1.0361478,1.031785
2025-03-12,1.0395438,1.0129026,1.0384699,1.031785
2025-03-13,1.0393134,1.0126781,1.0376674,1.031785
2025-03-14,1.0374414,1.0108541,1.0367148,1.031785
2025-03-17,1.0367729,1.0102027,1.035679,1.031785
2025-03-18,1.0368248,1.0102533,1.0347637,1.031785
2025-03-19,1.0371432,1.0105636,1.0344682,1.031785
2025-03-20,1.0364186,1.0098575,1.0336395,1.031785
2025-03-21,1.0357751,1.0092305,1.0332104,1.031785
2025-03-24,1.0399557,1.013304,1.0371142,1.031785
2025-03-25,1.0377625,1.0113922,1.0353535,1.0315402
2025-03-26,1.034302,1.0116288,1.0353463,1.0276363
2025-03-27,1.0316296,1.0117458,1.0354245,1.0247251
2025-03-28,1.0482852,1.0181301,1.0409585,1.0354423
2025-03-31,1.052618,1.0188846,1.0415638,1.0391414
2025-04-01,1.0552226,1.0214254,1.0436576,1.0391414
2025-04-02,1.0543504,1.0205812,1.0431668,1.0391414
2025-04-03,1.0504559,1.0168114,1.0397168,1.0391414
2025-04-04,1.0470966,1.0135597,1.0382599,1.0391414
2025-04-07,1.0552979,1.0214984,1.0420195,1.0391414
2025-04-08,1.0602494,1.0262912,1.043549,1.0391414
2025-04-09,1.0580751,1.0241866,1.0402634,1.0391414
2025-04-10,1.0633463,1.029289,1.0428507,1.0391414
2025-04-11,1.0595888,1.0256518,1.0399039,1.0391414
2025-04-14,1.0633101,1.0292539,1.042538,1.0391414
2025-04-15,1.0640212,1.0299422,1.0429804,1.0391414
2025-04-16,1.0625095,1.0284789,1.040835,1.0391414
2025-04-17,1.0626528,1.0286177,1.0420214,1.0391414
2025-04-21,1.0607239,1.0267506,1.0411362,1.0391414
2025-04-22,1.0617706,1.0277637,1.0416828,1.0391414
2025-04-23,1.0620441,1.0280285,1.0413988,1.0391414
2025-04-24,1.0637381,1.0298751,1.0431174,1.0389323
2025-04-25,1.0682464,1.0317478,1.0446624,1.0414462
2025-04-28,1.0767317,1.0349281,1.0475312,1.0464978
2025-04-29,1.0818043,1.0363693,1.0486655,1.0498875
2025-04-30,1.0833597,1.0360946,1.0484143,1.0513768
2025-05-01,1.084749,1.0378917,1.0499117,1.0513768
2025-05-02,1.0885818,1.0421113,1.0536973,1.0513768
2025-05-05,1.0889379,1.0422772,1.0538809,1.0513768
2025-05-06,1.0879499,1.0413315,1.0534606,1.0513768
2025-05-07,1.088024,1.0414024,1.0535246,1.0513768
2025-05-08,1.0863577,1.0398076,1.0513874,1.0513768
2025-05-09,1.0863564,1.0398063,1.0513882,1.0513768
2025-05-12,1.0833752,1.0369529,1.0466447,1.0513768
2025-05-13,1.08201,1.0356462,1.0440068,1.0513768
2025-05-14,1.0813854,1.0350483,1.0428801,1.0513768
2025-05-15,1.0811033,1.0347783,1.0445526,1.0513768
2025-05-16,1.0809014,1.034585,1.0444835,1.0513768
2025-05-19,1.0814465,1.0351068,1.0446434,1.0513768
2025-05-20,1.0822025,1.0358303,1.044881,1.0513768
2025-05-21,1.0857183,1.0391955,1.0471728,1.0513768
2025-05-22,1.0847806,1.038298,1.0472014,1.0513768
2025-05-23,1.083947,1.0377055,1.0472046,1.0511688
2025-05-27,1.0891681,1.0360895,1.047644,1.0578691
2025-05-28,1.0851498,1.0355484,1.0459697,1.0545186
2025-05-29,1.0898344,1.0367238,1.0486124,1.0578741
2025-05-30,1.0929295,1.038221,1.0499886,1.0593507
2025-06-02,1.0904148,1.0358322,1.0478503,1.0593507
2025-06-03,1.0892579,1.0347332,1.0468078,1.0593507
2025-06-04,1.0911315,1.036513,1.0479394,1.0593507
2025-06-05,1.091957,1.0372973,1.0496182,1.0593507
2025-06-06,1.0979771,1.0430159,1.0563264,1.0593507
2025-06-09,1.0966129,1.0417201,1.0548434,1.0593507
2025-06-10,1.0946308,1.0398372,1.0524235,1.0593507
2025-06-11,1.0933843,1.0386531,1.0497353,1.0593507
2025-06-12,1.0916078,1.0369655,1.0472986,1.0593507
2025-06-13,1.0910727,1.0364572,1.0488096,1.0593507
2025-06-16,1.0901652,1.0355951,1.0493371,1.0593507
2025-06-17,1.0926257,1.0379324,1.0502883,1.0593507
2025-06-18,1.0925777,1.0378869,1.0502122,1.0593507
2025-06-20,1.0916736,1.037028,1.0495469,1.0593507
2025-06-23,1.0900068,1.0354447,1.0481602,1.0593507
2025-06-24,1.0881973,1.033929,1.0466622,1.0591427
2025-06-25,1.0887297,1.0336208,1.0464171,1.0599766
2025-06-26,1.0917465,1.0340438,1.0472166,1.06248
2025-06-27,1.0873882,1.0323528,1.0457137,1.059976
2025-06-30,1.0931123,1.0339229,1.0469582,1.0639437
2025-07-01,1.0913731,1.0322779,1.0456719,1.0639437
2025-07-02,1.0913615,1.0322669,1.0454144,1.0639437
2025-07-03,1.093248,1.0340513,1.0465496,1.0639437
2025-07-07,1.0956271,1.0363015,1.0474816,1.0639437
2025-07-08,1.0965092,1.0371358,1.0478362,1.0639437
2025-07-09,1.0945041,1.0352393,1.0478366,1.0639437
2025-07-10,1.0935852,1.0343702,1.0472911,1.0639437
2025-07-11,1.0886842,1.0297346,1.0451664,1.0639437
2025-07-14,1.0884378,1.0295014,1.0450683,1.0639437
2025-07-15,1.0846105,1.0258814,1.0429375,1.0639437
2025-07-16,1.0853904,1.0266191,1.0432034,1.0639437
2025-07-17,1.0853305,1.0265624,1.043183,1.0639437
2025-07-18,1.084856,1.0261136,1.0430213,1.0639437
2025-07-21,1.0833168,1.0246577,1.0424285,1.0639437
2025-07-22,1.0814767,1.0229173,1.0411224,1.0639437
2025-07-23,1.0858058,1.027012,1.0443989,1.0639437
2025-07-24,1.0877548,1.0288555,1.0461728,1.0639437
2025-07-25,1.086725,1.0280063,1.045329,1.0638145
2025-07-28,1.0860567,1.0283658,1.0456684,1.0627883
2025-07-29,1.0908053,1.0288538,1.0461714,1.0669309
2025-07-30,1.0867273,1.0270066,1.0447869,1.0648576
2025-07-31,1.0869342,1.026826,1.0442731,1.0652476
2025-08-01,1.0860374,1.0259788,1.0375625,1.0652476
2025-08-04,1.0858001,1.0257547,1.0367799,1.0652476
2025-08-05,1.084641,1.0246596,1.035296,1.0652476
2025-08-06,1.0852485,1.0252336,1.0364667,1.0652476
2025-08-07,1.084251,1.0242912,1.0351676,1.0652476
2025-08-08,1.0814923,1.0216851,1.0307028,1.0652476
2025-08-11,1.0815095,1.0217014,1.0309598,1.0652476
2025-08-12,1.0804275,1.0206792,1.0285606,1.0652476
2025-08-13,1.0827044,1.0228301,1.0329969,1.0652476
2025-08-14,1.0827239,1.0228486,1.0310175,1.0652476
2025-08-15,1.0840029,1.0240568,1.0314493,1.0652476
2025-08-18,1.0842472,1.0242877,1.0315317,1.0652476
2025-08-19,1.0834166,1.023503,1.031218,1.0652476
2025-08-20,1.0822464,1.0223975,1.0305594,1.0652476
2025-08-21,1.0836627,1.0237355,1.031168,1.0652476
2025-08-22,1.0781448,1.0185228,1.0271667,1.0652476
2025-08-25,1.0802058,1.020659,1.0288367,1.0649652
2025-08-26,1.077259,1.0163525,1.0244993,1.0672307
2025-08-27,1.0767604,1.0143654,1.0221914,1.0695025
2025-08-28,1.0768834,1.012966,1.0207813,1.0717813
2025-08-29,1.076718,1.013751,1.0215723,1.0703619
2025-09-02,1.0723559,1.0096439,1.0174335,1.0703619
2025-09-03,1.0746856,1.0118374,1.0195815,1.0703619
2025-09-04,1.0746382,1.0117928,1.0183242,1.0703619
2025-09-05,1.0705419,1.0079361,1.0140774,1.0703619
2025-09-08,1.0664309,1.0040654,1.0105097,1.0703619
2025-09-09,1.0681249,1.0056604,1.0122811,1.0703619
2025-09-10,1.06553,1.0032173,1.0085484,1.0703619
2025-09-11,1.0636053,1.0014051,1.0062407,1.0703619
2025-09-12,1.0624174,1.0002866,1.0067632,1.0703619
2025-09-15,1.0627193,1.0005709,1.0062898,1.0703619
2025-09-16,1.0629576,1.0007953,1.0058056,1.0703619
2025-09-17,1.0624401,1.0003081,1.0056637,1.0703619
2025-09-18,1.0624782,1.0003439,1.0067125,1.0703619
2025-09-19,1.0628281,1.0006734,1.0072944,1.0703619
2025-09-22,1.064248,1.0020102,1.0088036,1.0703619
2025-09-23,1.0622097,1.0000911,1.0066388,1.0703619
2025-09-24,1.0624774,1.0005609,1.0071117,1.0700553
2025-09-25,1.0586584,0.99855845,1.0050961,1.0676171
2025-09-26,1.0562364,0.99804491,1.0045792,1.0651867
2025-09-29,1.0624717,0.99943021,1.0059735,1.0713218
2025-09-30,1.061536,0.99968612,1.0062311,1.0697984
2025-10-01,1.0626527,1.001008,1.0076042,1.0697984
2025-10-02,1.0624733,1.0008409,1.0078218,1.0697984
2025-10-03,1.0646039,1.0028479,1.0089886,1.0697984
2025-10-06,1.0683778,1.0064029,1.0108634,1.0697984
2025-10-07,1.0645767,1.0028223,1.0084744,1.0697984
2025-10-08,1.0633722,1.0016877,1.0077677,1.0697984
2025-10-09,1.0626862,1.0010414,1.0073841,1.0697984
2025-10-10,1.0697377,1.0076839,1.0107909,1.0697984
2025-10-14,1.0718347,1.0096592,1.012217,1.0697984
2025-10-15,1.069516,1.007475,1.0107993,1.0697984
2025-10-16,1.0715856,1.0094246,1.0114927,1.0697984
2025-10-17,1.0714758,1.0093212,1.0114559,1.0697984
2025-10-20,1.0707582,1.0086452,1.0111439,1.0697984
2025-10-21,1.0690955,1.007079,1.0101141,1.0697984
2025-10-22,1.0687048,1.0067109,1.0099936,1.0697984
2025-10-23,1.0715159,1.0093589,1.0129178,1.0697984
2025-10-24,1.0713858,1.0092364,1.0128832,1.0697984
2025-10-27,1.0712303,1.0092501,1.012803,1.0696285
2025-10-28,1.0725031,1.0091614,1.0125325,1.0709935
2025-10-29,1.0614831,1.0045345,1.0084482,1.0648994
2025-10-30,1.0585929,1.0036977,1.0076082,1.062887
2025-10-31,1.0588013,1.004048,1.0079599,1.0627252
2025-11-03,1.0584011,1.0036685,1.0075789,1.0627252
2025-11-04,1.0579928,1.0032813,1.0072385,1.0627252
2025-11-05,1.0618207,1.0069113,1.0094612,1.0627252
2025-11-06,1.0563324,1.0017068,1.0038919,1.0627252
2025-11-07,1.0563619,1.0017347,1.0042175,1.0627252
2025-11-10,1.0568741,1.0022205,1.004612,1.0627252
2025-11-12,1.0540498,0.99954219,1.0017036,1.0627252
2025-11-13,1.0545802,1.0000452,1.0013201,1.0627252
2025-11-14,1.052524,0.99809529,0.99656013,1.0627252
2025-11-17,1.0527269,0.99828775,0.99776702,1.0627252
2025-11-18,1.0529378,0.99848778,0.99793318,1.0627252
2025-11-19,1.0519992,0.9975977,0.99655593,1.0627252
2025-11-20,1.0510366,0.99668486,0.99727582,1.0627252
2025-11-21,1.0471423,0.99308518,0.99427176,1.0623668
2025-11-24,1.0466692,0.99187433,0.9943437,1.0652729
2025-11-25,1.0465814,0.99076587,0.99382861,1.0696054
2025-11-26,1.0460112,0.98976224,0.99334537,1.0710633
2025-11-28,1.0428821,0.98749996,0.9910749,1.0678277
2025-12-01,1.0364852,0.98106006,0.98461168,1.0678277
2025-12-02,1.0374684,0.98216103,0.98571663,1.0678277
2025-12-03,1.0376413,0.98264432,0.98620167,1.0678277
2025-12-04,1.0386328,0.98327513,0.98686695,1.0678277
2025-12-05,1.0408414,0.98511963,0.9883355,1.0678277
2025-12-08,1.0419917,0.98622263,0.98921128,1.0678277
2025-12-09,1.0415488,0.9858035,0.98917298,1.0678277
2025-12-10,1.0428722,0.98705607,0.98961112,1.0678277
2025-12-11,1.0432301,0.98739476,0.98997944,1.0678277
2025-12-12,1.0422183,0.9864371,0.99152369,1.0678277
2025-12-15,1.0422542,0.9864711,0.9910348,1.0678277
2025-12-16,1.0414344,0.98569521,0.98979456,1.0678277
2025-12-17,1.0417679,0.98601082,0.99019946,1.0678277
2025-12-18,1.0408822,0.98517253,0.98906018,1.0678277
2025-12-19,1.0427919,0.98698006,0.9902806,1.0678277
2025-12-22,1.0420101,0.98624013,0.99001101,1.0678277
2025-12-23,1.0411972,0.98547065,0.98962831,1.0678277
2025-12-24,1.0418795,0.98620494,0.98970704,1.0674523
2025-12-26,1.0435588,0.98760146,0.99040778,1.0690048
2025-12-29,1.0454121,0.98844808,0.99083229,1.0720955
2025-12-30,1.0438157,0.98781726,0.99051612,1.0691055
2025-12-31,1.0393761,0.98498238,0.98909481,1.0627543
2026-01-02,1.0392375,0.9846382,0.988922,1.0627543
2026-01-05,1.0390766,0.98448575,0.98887096,1.0627543
2026-01-06,1.0396206,0.98500114,0.98905861,1.0627543
2026-01-07,1.0367912,0.98232038,0.98848613,1.0627543
2026-01-08,1.0401545,0.98550696,0.98934103,1.0627543
2026-01-09,1.0396097,0.98499078,0.98953554,1.0627543
2026-01-12,1.0399358,0.98529979,0.98954012,1.0627543
2026-01-13,1.0406682,0.98599376,0.98986709,1.0627543
2026-01-14,1.0421793,0.98742543,0.99022332,1.0627543
2026-01-15,1.039852,0.98522039,0.9892207,1.0627543
2026-01-16,1.0359031,0.98147901,0.98802259,1.0627543
2026-01-20,1.034313,0.97997244,0.98799573,1.0627543
2026-01-21,1.0318785,0.97766581,0.98698968,1.0627543
2026-01-22,1.0336433,0.97933787,0.98766746,1.0627543
2026-01-23,1.032854,0.97859004,0.987234,1.0627543
2026-01-26,1.0316205,0.97760398,0.9865861,1.062556
2026-01-27,1.0292688,0.9768185,0.98632395,1.0609874
2026-01-28,1.0270491,0.97615177,0.98619843,1.0594235
2026-01-29,1.0287732,0.97631958,0.98614807,1.0610199
2026-01-30,1.0273889,0.97662735,0.98625816,1.0592577
2026-02-02,1.0247419,0.97411111,0.98518424,1.0592577
2026-02-03,1.0249625,0.97436502,0.98528295,1.0592577
2026-02-04,1.0245331,0.97400016,0.9850329,1.0592577
2026-02-05,1.0208372,0.97351856,0.98180138,1.0592577
2026-02-06,1.0219292,0.97403926,0.98249362,1.0592577
2026-02-09,1.0215185,0.97384349,0.98227375,1.0592577
2026-02-10,1.0139534,0.97023752,0.97623001,1.0592577
2026-02-11,1.0152938,0.97087879,0.97758132,1.0592577
2026-02-12,1.0136499,0.97009279,0.97718703,1.0592577
2026-02-13,1.0174168,0.9718953,0.9808854,1.0592577
2026-02-17,1.0155504,0.97098134,0.98011567,1.0592577
2026-02-18,1.0127983,0.97002815,0.97765445,1.0592577
2026-02-19,1.0134192,0.97032768,0.97838142,1.0592577
2026-02-20,1.0120558,0.96976706,0.97708655,1.0592577
2026-02-23,1.0084109,0.96765678,0.97508565,1.0588624
2026-02-24,1.0089543,0.96818427,0.97574299,1.0573036
2026-02-25,1.0080935,0.96789906,0.97538794,1.0557483
2026-02-26,1.0103388,0.96829775,0.9760396,1.0604992
2026-02-27,1.0178668,0.97076249,0.97889963,1.0680601
2026-03-02,1.0098167,0.96611103,0.97351961,1.0680601
2026-03-03,1.0084793,0.96509063,0.97242902,1.0680601
2026-03-04,1.0073466,0.96454868,0.97157969,1.0680601
2026-03-05,1.0081334,0.96492537,0.97260844,1.0680601
2026-03-06,1.0098314,0.96573794,0.97340825,1.0680601
2026-03-09,1.0067291,0.96425454,0.97199711,1.0680601
2026-03-10,1.0095672,0.9656137,0.97313361,1.0680601
2026-03-11,1.0149602,0.96819283,0.97705492,1.0680601
2026-03-12,1.0123972,0.96697037,0.97659512,1.0680601
2026-03-13,1.0132261,0.96736624,0.97762455,1.0680601
2026-03-16,1.0142696,0.96786434,0.97667502,1.0680601
2026-03-17,1.0143312,0.96789373,0.97614029,1.0680601
2026-03-18,1.01345,0.96747331,0.97632189,1.0680601
2026-03-19,1.0152147,0.96831565,0.9768832,1.0680601
2026-03-20,1.0218546,0.9714822,0.98155258,1.0680601
2026-03-23,1.0185495,0.96991113,0.97941705,1.0680601
2026-03-24,1.0231237,0.97208904,0.98217915,1.0680601
2026-03-25,1.0207878,0.97104349,0.98069628,1.0677343
2026-03-26,1.0126413,0.9692882,0.97832828,1.056089
2026-03-27,1.0138694,0.97060496,0.97975773,1.053558
2026-03-30,1.0249947,0.97360766,0.98323992,1.0652124
2026-03-31,1.0308399,0.97516944,0.98506818,1.0714254
2026-04-01,1.0297609,0.97435976,0.98400808,1.0714254
2026-04-02,1.0294021,0.97419001,0.98401756,1.0714254
2026-04-03,1.0326766,0.97573943,0.98501509,1.0714254
2026-04-06,1.0318121,0.97533101,0.98486408,1.0714254
2026-04-07,1.0302546,0.9745949,0.9841175,1.0714254
2026-04-08,1.0297625,0.97436217,0.98432681,1.0714254
2026-04-09,1.0301395,0.97454049,0.98446452,1.0714254
2026-04-10,1.0286553,0.97383847,0.98399549,1.0714254
2026-04-13,1.0294724,0.97422522,0.98421026,1.0714254
2026-04-14,1.0320017,0.97542204,0.9848403,1.0714254
2026-04-15,1.0305508,0.97473633,0.98459487,1.0714254
2026-04-16,1.0301816,0.97456172,0.98453234,1.0714254
2026-04-17,1.0288061,0.97391112,0.98429935,1.0714254
2026-04-20,1.0286691,0.97384629,0.98422924,1.0714254
2026-04-21,1.0316971,0.97527959,0.98573129,1.0714254
2026-04-22,1.0320506,0.97544667,0.98593362,1.0714254
2026-04-23,1.0344199,0.97656636,0.98741416,1.0714254
2026-04-24,1.031723,0.97536123,0.98592969,1.0712763
2026-04-27,1.0301137,0.97566481,0.98647579,1.0689384
2026-04-28,1.0289057,0.97535698,0.98609851,1.0683594
2026-04-29,1.0221301,0.97375824,0.98453448,1.0648265
2026-04-30,1.0242956,0.97431095,0.9851589,1.0658736
2026-05-01,1.0243055,0.97431567,0.9851642,1.0658736
2026-05-04,1.0220409,0.97323865,0.98394144,1.0658736
2026-05-05,1.0218351,0.97314066,0.98386203,1.0658736
2026-05-06,1.0181625,0.97139184,0.98261378,1.0658736
2026-05-07,1.0213871,0.97293007,0.98418781,1.0658736
2026-05-08,1.0195822,0.97207045,0.98327774,1.0658736
2026-05-11,1.0221776,0.97330768,0.98462342,1.0658736
2026-05-12,1.0233566,0.97386901,0.98554807,1.0658736
2026-05-13,1.0233678,0.97387431,0.98550398,1.0658736
2026-05-14,1.0219636,0.97320618,0.98504,1.0658736
2026-05-15,1.0172805,0.97097636,0.97868169,1.0658736
2026-05-18,1.0161007,0.9704133,0.97760742,1.0658736
2026-05-19,1.016021,0.97037525,0.97578437,1.0658736
2026-05-20,1.0110828,0.96801705,0.97476171,1.0658736
2026-05-21,1.013329,0.96909234,0.97609987,1.0658736
2026-05-22,1.0155241,0.97021454,0.97769799,1.0655965
2026-05-26,1.0135708,0.9674974,0.97501369,1.0723974
2026-05-27,1.014807,0.9674972,0.97516543,1.074668
2026-05-28,1.0172731,0.96779057,0.97590091,1.0780692
2026-05-29,1.0182492,0.96831935,0.97651846,1.0778199
2026-06-01,1.0145963,0.96658245,0.97456329,1.0778199
2026-06-02,1.0149406,0.96674646,0.97477137,1.0778199
2026-06-03,1.0144155,0.96649637,0.97431576,1.0778199
2026-06-04,1.0133685,0.96599761,0.97360219,1.0778199
2026-06-05,1.0190074,0.96868526,0.97686604,1.0778199
2026-06-08,1.0195367,0.96893684,0.97705015,1.0778199
2026-06-09,1.0169445,0.96770507,0.97561058,1.0778199
2026-06-10,1.0182183,0.96831113,0.97650046,1.0778199
2026-06-11,1.016558,0.96752166,0.97506532,1.0778199
2026-06-12,1.0157875,0.96715499,0.97515112,1.0778199
2026-06-15,1.0160708,0.96728988,0.97510502,1.0778199
2026-06-16,1.0158584,0.96718875,0.9739929,1.0778199
2026-06-17,1.0174329,0.9679383,0.97534753,1.0778199
2026-06-18,1.0171818,0.96781884,0.97482818,1.0778199
2026-06-22,1.018608,0.96849732,0.97590189,1.0778199
2026-06-23,1.0173353,0.96789229,0.97520252,1.0778199
2026-06-24,1.0160206,0.96736567,0.97404233,1.0775092
2026-06-25,1.017142,0.96752197,0.97428983,1.0787801
2026-06-26,1.0206202,0.96840627,0.97531504,1.0812991
2026-06-29,1.0194976,0.96776632,0.97458485,1.0813839
2026-06-30,1.0107162,0.96661122,0.97322088,1.0736284
2026-07-01,1.0096408,0.96637543,0.97245166,1.0736284
2026-07-02,1.0101762,0.9663078,0.97220111,1.0736284
2026-07-06,1.0101922,0.96608491,0.97197191,1.0736284
2026-07-07,1.0139709,0.96828659,0.97299597,1.0736284
2026-07-08,1.0137531,0.96818256,0.97275088,1.0736284
2026-07-09,1.014459,0.96851964,0.97308485,1.0736284
2026-07-10,1.0127348,0.96769662,0.97251369,1.0736284
2026-07-13,1.0081724,0.96551683,0.97118659,1.0736284
2026-07-14,1.0113888,0.967057,0.97221254,1.0736284
2026-07-15,1.0120424,0.9673695,0.97232391,1.0736284
2026-07-16,1.0122021,0.96744582,0.9723511,1.0736284
2026-07-17,1.0116302,0.9671725,0.97225372,1.0736284
2026-07-20,1.0128985,0.96777879,0.97243567,1.0736284
2026-07-21,1.015347,0.96894848,0.97343977,1.0736284
2026-07-22,1.0187133,0.97055473,0.97482857,1.0736284
2026-07-23,1.0218397,0.97204406,0.97645427,1.0736284
2026-07-24,1.0198532,0.97109918,0.9754161,1.0736284
2026-07-27,1.018088,0.97032775,0.97450572,1.0734759
2026-07-28,1.0208513,0.97053297,0.97453449,1.0759355
2026-07-29,1.0157032,0.9697302,0.97417471,1.0722894
2026-07-30,1.0148265,0.96957795,0.97402177,1.0717006
2026-07-31,1.0085807,0.96857231,0.97301152,1.0673279
2026-08-03,1.0100245,0.96926558,0.97370797,1.0673279
2026-08-04,1.0107475,0.96961246,0.97405644,1.0673279
2026-08-05,1.0104449,0.96946732,0.97388032,1.0673279
2026-08-06,1.01346,0.97091373,0.9760192,1.0673279
2026-08-07,1.0101505,0.96932845,0.97350156,1.0673279
2026-08-10,1.0149672,0.97163948,0.97749897,1.0673279
2026-08-11,1.0131054,0.97074834,0.97620917,1.0673279
2026-08-12,1.0128475,0.97062477,0.97579593,1.0673279
2026-08-13,1.0130616,0.97072738,0.97632821,1.0673279
2026-08-14,1.0110842,0.96977995,0.97378339,1.0673279
2026-08-17,1.0094518,0.96899713,0.9712631,1.0673279
2026-08-18,1.0097613,0.96914565,0.97214611,1.0673279
2026-08-19,1.010762,0.96962589,0.97555907,1.0673279
2026-08-20,1.0094464,0.96899488,0.97387122,1.0673279
2026-08-21,1.0110019,0.96974142,0.97390993,1.0673279
2026-08-24,1.0111494,0.96981216,0.97456976,1.0673279
2026-08-25,1.0075819,0.9681865,0.97366272,1.0670162
2026-08-26,1.0064442,0.96831013,0.97361128,1.0645636
2026-08-27,1.0054218,0.96814848,0.97344874,1.0633609
2026-08-28,0.9944673,0.96459312,0.96987392,1.0559799
2026-08-31,0.99187655,0.96415224,0.96943062,1.0533381
2026-09-01,0.99000881,0.96303423,0.96827568,1.0533381
2026-09-02,0.98992672,0.96297515,0.96817775,1.0533381
2026-09-03,0.98915607,0.96233668,0.96700571,1.0533381
2026-09-04,0.99001045,0.96274093,0.9673891,1.0533381
2026-09-08,0.98997474,0.96286857,0.96783723,1.0533381
2026-09-09,0.99040983,0.96329175,0.96927723,1.0533381
2026-09-10,0.99065653,0.9635317,0.97267411,1.0533381
2026-09-11,0.98991349,0.962809,0.97175478,1.0533381
2026-09-14,0.98934688,0.9622579,0.97104214,1.0533381
2026-09-15,0.98896745,0.96188886,0.97125682,1.0533381
2026-09-16,0.98940426,0.96231371,0.97164574,1.0533381
2026-09-17,0.98892181,0.96184447,0.97059708,1.0533381
2026-09-18,0.9899962,0.96288945,0.97190846,1.0533381
2026-09-21,0.9899447,0.96283935,0.97163778,1.0533381
2026-09-22,0.98958168,0.96248627,0.97129102,1.0533381
2026-09-23,0.98982833,0.96272617,0.97153311,1.0533381
2026-09-24,0.9889926,0.96204445,0.97084516,1.0530511
2026-09-25,0.99087683,0.96333382,0.97214633,1.054241
2026-09-28,0.98497427,0.96119956,0.96999254,1.0463523
2026-09-29,0.98426221,0.96152804,0.97032402,1.0441243
2026-09-30,0.9821621,0.9611498,0.96994232,1.0404901
