month,T,from,to,n_events,SA_bn_years,tenors,zA,R_pct,neg_dy_bp
1993-01,1993-01-29,1993-01-19,1993-01-25,0,0,,-1.0115587,0.69571646,9
1993-02,1993-02-26,1993-02-16,1993-02-22,0,0,,-0.98427946,0.47477597,6
1993-03,1993-03-31,1993-03-19,1993-03-25,2,76.959518,"DGS2,DGS5",1.5674332,-0.32289679,-5
1993-04,1993-04-30,1993-04-20,1993-04-26,0,0,,-0.98146489,-0.78346468,-11
1993-05,1993-05-28,1993-05-18,1993-05-24,0,0,,-0.95767516,0.032271404,-0
1993-06,1993-06-30,1993-06-18,1993-06-24,2,78.295034,"DGS2,DGS5",1.5942587,0.64489143,8
1993-07,1993-07-30,1993-07-20,1993-07-26,0,0,,-0.95638546,0.77985806,10
1993-08,1993-08-31,1993-08-19,1993-08-25,2,78.813465,"DGS2,DGS5",1.5696197,0.49589347,6
1993-09,1993-09-30,1993-09-20,1993-09-24,2,78.872339,"DGS2,DGS5",1.5112792,0.18903982,2
1993-10,1993-10-29,1993-10-19,1993-10-25,0,0,,-0.97549865,0.33059199,4
1993-11,1993-11-30,1993-11-17,1993-11-23,2,80.22655,"DGS2,DGS5",1.5215598,-0.026259596,-1
1993-12,1993-12-31,1993-12-20,1993-12-27,2,80.238922,"DGS2,DGS5",1.4694858,-0.79523032,-11
1994-01,1994-01-31,1994-01-19,1994-01-25,1,32.322542,DGS2,-0.02012289,0.64843674,8
1994-02,1994-02-28,1994-02-15,1994-02-22,0,0,,-1.003087,-0.69517753,-10
1994-03,1994-03-31,1994-03-21,1994-03-25,2,78.977264,"DGS2,DGS5",1.4194561,-1.0974635,-16
1994-04,1994-04-29,1994-04-18,1994-04-22,0,0,,-1.0012788,-0.86605947,-13
1994-05,1994-05-31,1994-05-18,1994-05-24,1,31.618016,DGS2,-0.029401542,0.053767699,-0
1994-06,1994-06-30,1994-06-20,1994-06-24,2,77.611111,"DGS2,DGS5",1.3703464,-0.79222257,-12
1994-07,1994-07-29,1994-07-19,1994-07-25,0,0,,-1.0085852,1.0892124,15
1994-08,1994-08-31,1994-08-19,1994-08-25,2,77.852113,"DGS2,DGS5",1.3600275,0.74708358,10
1994-09,1994-09-30,1994-09-20,1994-09-26,0,0,,-1.0070958,-0.3153279,-5
1994-10,1994-10-31,1994-10-19,1994-10-25,1,70.764379,DGS5,1.1312366,0.52406926,7
1994-11,1994-11-30,1994-11-17,1994-11-23,2,76.378288,"DGS2,DGS5",1.2770896,-0.63730941,-10
1994-12,1994-12-30,1994-12-19,1994-12-23,2,76.262705,"DGS2,DGS5",1.2455267,0.10845251,1
1995-01,1995-01-31,1995-01-19,1995-01-25,2,76.344747,"DGS2,DGS5",1.2217796,1.415205,20
1995-02,1995-02-28,1995-02-15,1995-02-22,1,31.710414,DGS2,-0.11962957,0.86880408,12
1995-03,1995-03-31,1995-03-21,1995-03-27,0,0,,-1.0617762,-1.040824,-15
1995-04,1995-04-28,1995-04-18,1995-04-24,0,0,,-1.0440014,-0.41128688,-6
1995-05,1995-05-31,1995-05-18,1995-05-24,2,81.729467,"DGS2,DGS5",1.40011,1.0393294,14
1995-06,1995-06-30,1995-06-20,1995-06-26,0,0,,-1.0410967,-0.73277684,-10
1995-07,1995-07-31,1995-07-19,1995-07-25,1,33.012928,DGS2,-0.051924192,-0.13140306,-2
1995-08,1995-08-31,1995-08-21,1995-08-25,2,81.538659,"DGS2,DGS5",1.3894061,0.75000044,10
1995-09,1995-09-29,1995-09-19,1995-09-25,0,0,,-1.0452613,0.67369296,9
1995-10,1995-10-31,1995-10-19,1995-10-25,2,82.415793,"DGS2,DGS5",1.4000815,-0.21156021,-3
1995-11,1995-11-30,1995-11-17,1995-11-24,2,149.93211,"DGS10,DGS3",3.3479175,1.1371409,15
1995-12,1995-12-29,1995-12-18,1995-12-22,2,85.992554,"DGS2,DGS5",1.3357552,1.0011456,13
1996-01,1996-01-31,1996-01-19,1996-01-25,2,86.398524,"DGS2,DGS5",1.3212719,0.76796881,10
1996-02,1996-02-29,1996-02-16,1996-02-23,0,0,,-1.0448904,-1.1632564,-16
1996-03,1996-03-29,1996-03-19,1996-03-25,0,0,,-1.0302268,-0.5736316,-8
1996-04,1996-04-30,1996-04-18,1996-04-24,2,87.731182,"DGS2,DGS5",1.3595189,-0.62517805,-9
1996-05,1996-05-31,1996-05-20,1996-05-24,0,0,,-1.0284208,-1.399064,-20
1996-06,1996-06-28,1996-06-18,1996-06-24,0,0,,-1.0147716,1.5316132,21
1996-07,1996-07-31,1996-07-19,1996-07-25,2,87.219037,"DGS2,DGS5",1.3463641,0.52731205,7
1996-08,1996-08-30,1996-08-20,1996-08-26,0,0,,-1.0135783,-1.12024,-16
1996-09,1996-09-30,1996-09-18,1996-09-24,0,0,,-1.0008167,0.38675603,5
1996-10,1996-10-31,1996-10-21,1996-10-25,2,86.833321,"DGS2,DGS5",1.3373044,1.2662291,17
1996-11,1996-11-29,1996-11-18,1996-11-22,2,87.471466,"DGS2,DGS5",1.3318014,0.6870789,9
1996-12,1996-12-31,1996-12-18,1996-12-24,2,87.100531,"DGS2,DGS5",1.2999172,-0.48779303,-7
1997-01,1997-01-31,1997-01-21,1997-01-27,2,85.365382,"DGS2,DGS5",1.2334293,1.1793807,16
1997-02,1997-02-28,1997-02-18,1997-02-24,0,0,,-1.0343037,-1.2174108,-17
1997-03,1997-03-31,1997-03-18,1997-03-24,0,0,,-1.0219323,-1.3954158,-20
1997-04,1997-04-30,1997-04-18,1997-04-24,2,83.701735,"DGS2,DGS5",1.1945903,1.539624,21
1997-05,1997-05-30,1997-05-19,1997-05-23,0,0,,-1.0211627,0.53589601,7
1997-06,1997-06-30,1997-06-18,1997-06-24,1,28.797182,DGS2,-0.25295142,-0.63134645,-9
1997-07,1997-07-31,1997-07-21,1997-07-25,2,77.815647,"DGS2,DGS5",1.0431762,1.2064973,16
1997-08,1997-08-29,1997-08-19,1997-08-25,0,0,,-1.0230704,0.37793146,5
1997-09,1997-09-30,1997-09-18,1997-09-24,2,77.962769,"DGS2,DGS5",1.0460774,-0.57330014,-8
1997-10,1997-10-31,1997-10-21,1997-10-27,0,0,,-1.0225435,0.53210582,7
1997-11,1997-11-28,1997-11-17,1997-11-21,0,0,,-1.011478,-0.2872352,-4
1997-12,1997-12-31,1997-12-18,1997-12-24,2,75.24709,"DGS2,DGS5",0.9839976,0.083293016,1
1998-01,1998-01-30,1998-01-20,1998-01-26,0,0,,-1.0112379,0.76467844,10
1998-02,1998-02-27,1998-02-17,1998-02-23,0,0,,-1.0007499,-0.30004555,-4
1998-03,1998-03-31,1998-03-19,1998-03-25,2,73.550331,"DGS2,DGS5",0.94981803,-0.2183108,-3
1998-04,1998-04-30,1998-04-20,1998-04-24,0,0,,-1.0007231,-0.067002251,-1
1998-05,1998-05-29,1998-05-18,1998-05-22,0,0,,-0.99075873,0.61703262,8
1998-06,1998-06-30,1998-06-18,1998-06-24,2,69.984091,"DGS2,DGS5",0.86657731,0.16096246,2
1998-07,1998-07-31,1998-07-21,1998-07-27,0,0,,-0.99084154,-0.22321459,-3
1998-08,1998-08-31,1998-08-19,1998-08-25,0,0,,-0.98135529,1.5608463,20
1998-09,1998-09-30,1998-09-18,1998-09-24,1,28.37869,DGS2,-0.22168227,1.6050286,20
1998-10,1998-10-30,1998-10-20,1998-10-26,0,0,,-0.97449323,0.71665839,9
1998-11,1998-11-30,1998-11-17,1998-11-23,0,0,,-0.9655727,0.79513117,10
1998-12,1998-12-31,1998-12-18,1998-12-24,0,0,,-0.95689348,1.6726208,21
1999-01,1999-01-29,1999-01-19,1999-01-25,0,0,,-0.94844488,0.082124888,1
1999-02,1999-02-26,1999-02-16,1999-02-22,0,0,,-0.94021685,-1.9883999,-26
1999-03,1999-03-31,1999-03-19,1999-03-25,1,28.221605,DGS2,-0.18084856,-0.29632685,-4
1999-04,1999-04-30,1999-04-20,1999-04-26,0,0,,-0.93469064,-0.98837218,-13
1999-05,1999-05-28,1999-05-18,1999-05-24,0,0,,-0.92690549,-1.0472853,-14
1999-06,1999-06-30,1999-06-18,1999-06-24,1,27.978527,DGS2,-0.17018538,1.8254447,24
1999-07,1999-07-30,1999-07-20,1999-07-26,0,0,,-0.92178955,-0.43550165,-6
1999-08,1999-08-31,1999-08-19,1999-08-25,1,28.035615,DGS2,-0.15998219,-1.8414267,-25
1999-09,1999-09-30,1999-09-20,1999-09-24,0,0,,-0.91692121,-1.1029318,-15
1999-10,1999-10-29,1999-10-19,1999-10-25,0,0,,-0.90973717,1.5010111,20
1999-11,1999-11-30,1999-11-17,1999-11-23,1,63.943884,DGS5,0.82788468,-0.72036935,-10
1999-12,1999-12-31,1999-12-20,1999-12-27,1,63.473413,DGS5,0.809294,-0.3521906,-5
2000-01,2000-01-31,2000-01-19,2000-01-25,0,0,,-0.9190128,0.16265318,2
2000-02,2000-02-29,2000-02-16,2000-02-23,1,22.140877,DGS2,-0.31069707,0.15577227,2
2000-03,2000-03-31,2000-03-21,2000-03-27,0,0,,-0.91290586,1.3423311,18
2000-04,2000-04-28,2000-04-17,2000-04-24,0,0,,-0.90612795,-1.6852975,-23
2000-05,2000-05-31,2000-05-18,2000-05-24,1,18.411266,DGS2,-0.3968408,1.3341144,18
2000-06,2000-06-30,2000-06-20,2000-06-26,0,0,,-0.89938972,0.59796736,8
2000-07,2000-07-31,2000-07-19,2000-07-25,0,0,,-0.89295749,-0.0012608898,-0
2000-08,2000-08-31,2000-08-21,2000-08-25,1,18.541134,DGS2,-0.37790283,-0.0082977068,-0
2000-09,2000-09-29,2000-09-19,2000-09-25,0,0,,-0.88671071,0.29718798,4
2000-10,2000-10-31,2000-10-19,2000-10-25,1,42.935381,DGS5,0.30254826,-0.75980868,-10
2000-11,2000-11-30,2000-11-17,2000-11-24,0,0,,-0.88604868,1.1343701,15
2000-12,2000-12-29,2000-12-18,2000-12-22,0,0,,-0.880033,-0.78112191,-10
2001-01,2001-01-31,2001-01-19,2001-01-25,1,18.852996,DGS2,-0.35187349,0.77570504,10
2001-02,2001-02-28,2001-02-15,2001-02-22,1,20.770854,DGS2,-0.29708808,1.8077208,23
2001-03,2001-03-30,2001-03-20,2001-03-26,0,0,,-0.87519286,-0.62055424,-8
2001-04,2001-04-30,2001-04-18,2001-04-24,0,0,,-0.869488,-0.97397788,-13
2001-05,2001-05-31,2001-05-18,2001-05-24,0,0,,-0.86389354,0.72276824,9
2001-06,2001-06-29,2001-06-19,2001-06-25,0,0,,-0.85840594,-1.9622742,-26
2001-07,2001-07-31,2001-07-19,2001-07-25,1,22.851917,DGS2,-0.21327761,1.0376353,13
2001-08,2001-08-31,2001-08-21,2001-08-27,0,0,,-0.85444863,0.72127464,9
2001-09,2001-09-28,2001-09-18,2001-09-24,0,0,,-0.84918627,1.0585108,13
2001-10,2001-10-31,2001-10-19,2001-10-25,1,36.742324,DGS2,0.19023864,2.1401492,26
2001-11,2001-11-30,2001-11-19,2001-11-26,0,0,,-0.8482648,2.1637657,27
2001-12,2001-12-31,2001-12-18,2001-12-24,0,0,,-0.84318087,0.91937386,11
2002-01,2002-01-31,2002-01-18,2002-01-25,1,48.138611,DGS2,0.52429162,0.28633292,3
2002-02,2002-02-28,2002-02-15,2002-02-22,0,0,,-0.84393637,-0.26474785,-4
2002-03,2002-03-28,2002-03-18,2002-03-22,0,0,,-0.83900308,-0.09585005,-2
2002-04,2002-04-30,2002-04-18,2002-04-24,1,48.01536,DGS2,0.53106315,0.054362526,-0
2002-05,2002-05-31,2002-05-20,2002-05-24,0,0,,-0.83980259,0.68597892,8
2002-06,2002-06-28,2002-06-18,2002-06-24,0,0,,-0.83501155,0.10924813,1
2002-07,2002-07-31,2002-07-19,2002-07-25,1,52.430953,DGS2,0.66718875,-0.59817148,-8
2002-08,2002-08-30,2002-08-20,2002-08-26,0,0,,-0.8362766,0.67644134,8
2002-09,2002-09-30,2002-09-18,2002-09-24,0,0,,-0.83161575,0.5308746,6
2002-10,2002-10-31,2002-10-21,2002-10-25,1,52.547052,DGS2,0.67964644,1.6013941,19
2002-11,2002-11-29,2002-11-18,2002-11-22,0,0,,-0.83291953,-0.27335513,-4
2002-12,2002-12-31,2002-12-18,2002-12-24,1,52.813044,DGS2,0.69014085,1.0412422,12
2003-01,2003-01-31,2003-01-21,2003-01-27,0,0,,-0.83422469,-0.13366552,-2
2003-02,2003-02-28,2003-02-18,2003-02-24,0,0,,-0.82973199,1.2742474,15
2003-03,2003-03-31,2003-03-19,2003-03-25,0,0,,-0.82531126,1.2006972,14
2003-04,2003-04-30,2003-04-17,2003-04-24,1,52.871721,DGS2,0.70644573,0.37354056,4
2003-05,2003-05-30,2003-05-19,2003-05-23,0,0,,-0.82668726,-0.21128315,-3
2003-06,2003-06-30,2003-06-18,2003-06-24,0,0,,-0.82237749,-2.0442686,-25
2003-07,2003-07-31,2003-07-21,2003-07-25,1,49.052125,DGS2,0.6040533,-2.0986995,-27
2003-08,2003-08-29,2003-08-19,2003-08-25,0,0,,-0.82346188,0.67660654,8
2003-09,2003-09-30,2003-09-18,2003-09-24,1,48.979476,DGS2,0.60504795,1.6918066,20
2003-10,2003-10-31,2003-10-21,2003-10-27,0,0,,-0.82452819,-0.20696501,-3
2003-11,2003-11-28,2003-11-17,2003-11-21,0,0,,-0.82036761,-1.4639802,-19
2003-12,2003-12-31,2003-12-18,2003-12-24,1,50.750549,DGS2,0.66534493,-0.50224928,-7
2004-01,2004-01-30,2004-01-20,2004-01-26,0,0,,-0.82160849,0.03295656,-0
2004-02,2004-02-27,2004-02-17,2004-02-23,0,0,,-0.81754769,0.52408641,6
2004-03,2004-03-31,2004-03-19,2004-03-25,1,51.039435,DGS2,0.68195474,-0.85843491,-11
2004-04,2004-04-30,2004-04-20,2004-04-26,0,0,,-0.81883055,-0.52041642,-7
2004-05,2004-05-28,2004-05-18,2004-05-24,0,0,,-0.81486471,0.75162892,9
2004-06,2004-06-30,2004-06-18,2004-06-24,1,48.309653,DGS2,0.60959224,0.37040555,4
2004-07,2004-07-30,2004-07-20,2004-07-26,0,0,,-0.81594774,-0.049295388,-1
2004-08,2004-08-31,2004-08-19,2004-08-25,1,46.530987,DGS2,0.56000579,1.1010192,13
2004-09,2004-09-30,2004-09-20,2004-09-24,0,0,,-0.81686395,-0.77431597,-10
2004-10,2004-10-29,2004-10-19,2004-10-25,0,0,,-0.8130265,-0.46713463,-6
2004-11,2004-11-30,2004-11-17,2004-11-23,1,46.263925,DGS2,0.5602878,-1.3244622,-17
2004-12,2004-12-31,2004-12-20,2004-12-27,0,0,,-0.81394699,0.50716564,6
2005-01,2005-01-31,2005-01-19,2005-01-25,0,0,,-0.81019754,0.51584322,6
2005-02,2005-02-28,2005-02-15,2005-02-22,0,0,,-0.80649952,-0.53686938,-7
2005-03,2005-03-31,2005-03-18,2005-03-24,0,0,,-0.80285177,0.8326275,10
2005-04,2005-04-29,2005-04-19,2005-04-25,0,0,,-0.79925316,0.41908932,5
2005-05,2005-05-31,2005-05-18,2005-05-24,0,0,,-0.79570259,0.34754094,4
2005-06,2005-06-30,2005-06-20,2005-06-24,0,0,,-0.79219901,-0.15114659,-2
2005-07,2005-07-29,2005-07-19,2005-07-25,0,0,,-0.78874137,-0.23416568,-3
2005-08,2005-08-31,2005-08-19,2005-08-25,1,38.081908,DGS2,0.35317013,1.3184175,16
2005-09,2005-09-30,2005-09-20,2005-09-26,0,0,,-0.78905746,-0.31324879,-4
2005-10,2005-10-31,2005-10-19,2005-10-25,0,0,,-0.78567842,-0.2276015,-3
2005-11,2005-11-30,2005-11-17,2005-11-23,1,37.911544,DGS2,0.35604194,-0.1505451,-2
2005-12,2005-12-30,2005-12-19,2005-12-23,0,0,,-0.78601629,-0.072709686,-1
2006-01,2006-01-31,2006-01-19,2006-01-25,1,41.652282,DGS2,0.47214936,-0.31667579,-4
2006-02,2006-02-28,2006-02-15,2006-02-22,1,41.541709,DGS2,0.4673198,-0.15898452,-2
2006-03,2006-03-31,2006-03-21,2006-03-27,1,41.521655,DGS2,0.46524996,-1.2509681,-16
2006-04,2006-04-28,2006-04-18,2006-04-24,0,0,,-0.79476379,-0.61806867,-8
2006-05,2006-05-31,2006-05-18,2006-05-24,1,41.411639,DGS2,0.46496638,-0.69128138,-9
2006-06,2006-06-30,2006-06-20,2006-06-26,0,0,,-0.79541781,0.77687607,10
2006-07,2006-07-31,2006-07-19,2006-07-25,0,0,,-0.79214581,0.62376396,8
2006-08,2006-08-31,2006-08-21,2006-08-25,0,0,,-0.78891392,0.39082524,5
2006-09,2006-09-29,2006-09-19,2006-09-25,0,0,,-0.78572133,-0.63594928,-8
2006-10,2006-10-31,2006-10-19,2006-10-25,1,37.660558,DGS2,0.36672385,1.3464184,17
2006-11,2006-11-30,2006-11-17,2006-11-24,0,0,,-0.78607829,0.71296016,9
2006-12,2006-12-29,2006-12-18,2006-12-22,0,0,,-0.78295271,-0.63712533,-8
2007-01,2007-01-31,2007-01-19,2007-01-25,2,94.761002,"DGS2,DGS5",2.1237753,0.31111981,4
2007-02,2007-02-28,2007-02-15,2007-02-22,2,91.233476,"DGS2,DGS5",1.9883972,1.3456241,17
2007-03,2007-03-30,2007-03-20,2007-03-26,0,0,,-0.7875884,-0.39984077,-5
2007-04,2007-04-30,2007-04-18,2007-04-24,0,0,,-0.78451269,-0.0044345899,-0
2007-05,2007-05-31,2007-05-18,2007-05-24,0,0,,-0.78147279,-0.31185558,-4
2007-06,2007-06-29,2007-06-19,2007-06-25,0,0,,-0.778468,0.47033697,6
2007-07,2007-07-31,2007-07-19,2007-07-25,1,33.964064,DGS2,0.2529868,1.1025204,14
2007-08,2007-08-31,2007-08-21,2007-08-27,0,0,,-0.77843394,0.48137251,6
2007-09,2007-09-28,2007-09-18,2007-09-24,0,0,,-0.77549179,0.3274378,4
2007-10,2007-10-31,2007-10-19,2007-10-25,2,96.569247,"DGS2,DGS5",2.1637662,-0.87032865,-11
2007-11,2007-11-30,2007-11-19,2007-11-26,0,0,,-0.77605473,-1.1377215,-14
2007-12,2007-12-31,2007-12-18,2007-12-24,0,0,,-0.77316908,1.5700514,19
2008-01,2008-01-31,2008-01-18,2008-01-25,0,0,,-0.77031542,-0.47898628,-6
2008-02,2008-02-29,2008-02-19,2008-02-25,0,0,,-0.76749318,3.2108176,38
2008-03,2008-03-31,2008-03-18,2008-03-25,0,0,,-0.76470177,0.53845717,6
2008-04,2008-04-30,2008-04-18,2008-04-24,2,145.63492,"DGS2,DGS5",3.6496368,0.86776023,10
2008-05,2008-05-30,2008-05-19,2008-05-23,0,0,,-0.75761358,-1.6690037,-21
2008-06,2008-06-30,2008-06-18,2008-06-24,1,57.90776,DGS2,0.95376013,0.93810059,11
2008-07,2008-07-31,2008-07-21,2008-07-25,2,155.77267,"DGS2,DGS5",3.8379789,1.1847357,14
2008-08,2008-08-29,2008-08-19,2008-08-25,0,0,,-0.75374048,-0.30719204,-4
2008-09,2008-09-30,2008-09-18,2008-09-24,1,66.308915,DGS2,1.150156,-0.38113015,-5
2008-10,2008-10-31,2008-10-21,2008-10-27,0,0,,-0.75568483,-1.7582934,-22
2008-11,2008-11-28,2008-11-17,2008-11-21,0,0,,-0.75306348,2.3821778,27
2008-12,2008-12-31,2008-12-18,2008-12-24,2,209.466,"DGS2,DGS5",5.2628243,-0.40881995,-5
2009-01,2009-01-30,2009-01-20,2009-01-26,0,0,,-0.73189438,-1.4447919,-17
2009-02,2009-02-27,2009-02-17,2009-02-23,0,0,,-0.72944523,-2.0250476,-24
2009-03,2009-03-31,2009-03-19,2009-03-25,2,240.78391,"DGS2,DGS5",5.8265288,0.91413936,10
2009-04,2009-04-30,2009-04-20,2009-04-24,0,0,,-0.70373398,-1.0610735,-13
2009-05,2009-05-29,2009-05-18,2009-05-22,0,0,,-0.7014707,-0.11643663,-2
2009-06,2009-06-30,2009-06-18,2009-06-24,2,250.66426,"DGS2,DGS5",5.6973312,1.645192,19
2009-07,2009-07-31,2009-07-21,2009-07-27,0,0,,-0.67935507,1.9671111,23
2009-08,2009-08-31,2009-08-19,2009-08-25,1,82.908971,DGS2,1.3114563,0.47414957,5
2009-09,2009-09-30,2009-09-18,2009-09-24,3,454.00837,"DGS2,DGS5,DGS7",10.191865,0.81416146,9
2009-10,2009-10-30,2009-10-20,2009-10-26,0,0,,-0.60523037,1.5514366,18
2009-11,2009-11-30,2009-11-17,2009-11-23,1,87.159478,DGS2,1.1420287,1.4235105,16
2009-12,2009-12-31,2009-12-18,2009-12-24,0,0,,-0.60789363,-0.17608131,-3
2010-01,2010-01-29,2010-01-19,2010-01-25,0,0,,-0.60616273,0.28839561,3
2010-02,2010-02-26,2010-02-16,2010-02-22,0,0,,-0.60444655,1.6248634,19
2010-03,2010-03-31,2010-03-19,2010-03-25,3,480.58338,"DGS2,DGS5,DGS7",9.0540117,0.63779388,7
2010-04,2010-04-30,2010-04-20,2010-04-26,0,0,,-0.5542847,1.199846,14
2010-05,2010-05-28,2010-05-18,2010-05-24,0,0,,-0.55280303,-0.64524935,-8
2010-06,2010-06-30,2010-06-18,2010-06-24,3,450.52652,"DGS2,DGS5,DGS7",7.3114088,1.5121161,17
2010-07,2010-07-30,2010-07-20,2010-07-26,0,0,,-0.52752935,0.80552067,9
2010-08,2010-08-31,2010-08-19,2010-08-25,2,246.79951,"DGS2,DGS5",3.3900505,0.64921456,7
2010-09,2010-09-30,2010-09-20,2010-09-24,0,0,,-0.52877118,0.829198,9
2010-10,2010-10-29,2010-10-19,2010-10-25,0,0,,-0.52741538,-0.32509786,-4
2010-11,2010-11-30,2010-11-17,2010-11-23,2,238.02028,"DGS2,DGS5",3.1842031,-0.30016933,-4
2010-12,2010-12-31,2010-12-20,2010-12-27,1,69.383134,DGS2,0.53317623,0.53608865,6
2011-01,2011-01-31,2011-01-19,2011-01-25,1,69.460845,DGS2,0.53301205,-0.53776056,-7
2011-02,2011-02-28,2011-02-15,2011-02-22,1,69.357261,DGS2,0.53007158,0.39025879,4
2011-03,2011-03-31,2011-03-21,2011-03-25,0,0,,-0.53780912,-0.029138874,-1
2011-04,2011-04-29,2011-04-18,2011-04-25,0,0,,-0.53645236,0.62702232,7
2011-05,2011-05-31,2011-05-18,2011-05-24,1,69.512731,DGS2,0.53683328,0.65727378,7
2011-06,2011-06-30,2011-06-20,2011-06-24,0,0,,-0.53794425,-2.4945587,-30
2011-07,2011-07-29,2011-07-19,2011-07-25,0,0,,-0.53660274,1.8532162,21
2011-08,2011-08-31,2011-08-19,2011-08-25,3,431.39165,"DGS2,DGS5,DGS7",6.1448808,0.033075891,-0
2011-09,2011-09-30,2011-09-20,2011-09-26,0,0,,-0.52314905,-0.071939883,-1
2011-10,2011-10-31,2011-10-19,2011-10-25,1,69.77309,DGS2,0.49086505,-0.24548045,-3
2011-11,2011-11-30,2011-11-17,2011-11-23,3,433.33383,"DGS2,DGS5,DGS7",5.7744042,-1.666504,-19
2011-12,2011-12-30,2011-12-19,2011-12-23,3,433.07537,"DGS2,DGS5,DGS7",5.4248256,1.3100299,14
2012-01,2012-01-31,2012-01-19,2012-01-25,2,240.95471,"DGS2,DGS5",2.6309356,1.6729692,18
2012-02,2012-02-29,2012-02-16,2012-02-23,3,433.29691,"DGS2,DGS5,DGS7",5.071547,0.11945908,1
2012-03,2012-03-30,2012-03-20,2012-03-26,0,0,,-0.50964001,0.28965476,3
2012-04,2012-04-30,2012-04-18,2012-04-24,1,69.764386,DGS2,0.35295872,0.48329455,5
2012-05,2012-05-31,2012-05-18,2012-05-24,3,435.37914,"DGS2,DGS5,DGS7",4.8739824,1.6929365,18
2012-06,2012-06-29,2012-06-19,2012-06-25,0,0,,-0.50768023,-0.35141182,-4
2012-07,2012-07-31,2012-07-19,2012-07-25,2,242.14283,"DGS2,DGS5",2.3730569,-0.71961172,-8
2012-08,2012-08-31,2012-08-21,2012-08-27,0,0,,-0.51091298,0.75464117,8
2012-09,2012-09-28,2012-09-18,2012-09-24,0,0,,-0.50973097,0.84412585,9
2012-10,2012-10-31,2012-10-18,2012-10-24,2,241.1444,"DGS2,DGS5",2.3427279,0.76249984,8
2012-11,2012-11-30,2012-11-19,2012-11-26,0,0,,-0.5129266,0.38485862,4
2012-12,2012-12-31,2012-12-18,2012-12-24,2,365.16866,"DGS5,DGS7",3.7768645,0.12337338,1
2013-01,2013-01-31,2013-01-18,2013-01-25,0,0,,-0.51324973,-0.32892472,-4
2013-02,2013-02-28,2013-02-15,2013-02-22,0,0,,-0.51208149,0.75429343,8
2013-03,2013-03-28,2013-03-18,2013-03-22,0,0,,-0.5109212,0.57526633,6
2013-04,2013-04-30,2013-04-18,2013-04-24,2,241.47709,"DGS2,DGS5",2.2715368,0.30183109,3
2013-05,2013-05-31,2013-05-20,2013-05-24,0,0,,-0.51407997,-1.3027196,-15
2013-06,2013-06-28,2013-06-18,2013-06-24,0,0,,-0.51292569,0.46576574,5
2013-07,2013-07-31,2013-07-19,2013-07-25,3,426.71284,"DGS2,DGS5,DGS7",4.3798309,0.12918723,1
2013-08,2013-08-30,2013-08-20,2013-08-26,0,0,,-0.51109519,0.11478472,1
2013-09,2013-09-30,2013-09-18,2013-09-24,1,65.712258,DGS2,0.22119587,0.30481584,3
2013-10,2013-10-31,2013-10-21,2013-10-25,0,0,,-0.51159609,-0.30988341,-4
2013-11,2013-11-29,2013-11-18,2013-11-22,0,0,,-0.51046971,0.050482074,-0
2013-12,2013-12-31,2013-12-18,2013-12-24,2,353.94416,"DGS5,DGS7",3.4457277,-0.37296719,-5
2014-01,2014-01-31,2014-01-21,2014-01-27,0,0,,-0.51174745,0.9895437,11
2014-02,2014-02-28,2014-02-18,2014-02-24,0,0,,-0.51063227,0.81515717,9
2014-03,2014-03-31,2014-03-19,2014-03-25,1,63.62576,DGS2,0.1901944,0.21725492,2
2014-04,2014-04-30,2014-04-17,2014-04-24,3,417.11088,"DGS2,DGS5,DGS7",4.0837554,0.30519633,3
2014-05,2014-05-30,2014-05-19,2014-05-23,0,0,,-0.51146593,0.57479879,6
2014-06,2014-06-30,2014-06-18,2014-06-24,1,59.634293,DGS2,0.13040939,0.56859283,6
2014-07,2014-07-31,2014-07-21,2014-07-25,0,0,,-0.51166945,-0.83640809,-10
2014-08,2014-08-29,2014-08-19,2014-08-25,0,0,,-0.51057715,0.38011315,4
2014-09,2014-09-30,2014-09-18,2014-09-24,2,224.13997,"DGS2,DGS5",1.9090382,0.48016823,5
2014-10,2014-10-31,2014-10-21,2014-10-27,0,0,,-0.51364085,-0.68384767,-8
2014-11,2014-11-28,2014-11-17,2014-11-21,0,0,,-0.51255362,1.207562,13
2014-12,2014-12-31,2014-12-18,2014-12-24,3,408.28261,"DGS2,DGS5,DGS7",3.8854486,0.93829832,10
2015-01,2015-01-30,2015-01-20,2015-01-26,0,0,,-0.51252427,1.3950977,15
2015-02,2015-02-27,2015-02-17,2015-02-23,0,0,,-0.51145116,0.56154485,6
2015-03,2015-03-31,2015-03-19,2015-03-25,2,220.02661,"DGS2,DGS5",1.8110863,-0.060917471,-1
2015-04,2015-04-30,2015-04-20,2015-04-24,0,0,,-0.51443287,-1.0469571,-12
2015-05,2015-05-29,2015-05-18,2015-05-22,0,0,,-0.51336472,0.84844528,9
2015-06,2015-06-30,2015-06-18,2015-06-24,2,218.68257,"DGS2,DGS5",1.7919611,0.2989444,3
2015-07,2015-07-31,2015-07-21,2015-07-27,0,0,,-0.51630004,0.29072847,3
2015-08,2015-08-31,2015-08-19,2015-08-25,1,124.86192,DGS5,0.7972916,-0.76820566,-9
2015-09,2015-09-30,2015-09-18,2015-09-24,3,482.77987,"DGS5,DGS7",4.5598006,0.6634538,7
2015-10,2015-10-30,2015-10-20,2015-10-26,0,0,,-0.51660618,-0.78366499,-9
2015-11,2015-11-30,2015-11-17,2015-11-23,1,51.394697,DGS2,0.0091265685,0.3965649,4
2015-12,2015-12-31,2015-12-18,2015-12-24,0,0,,-0.51641525,-0.14025788,-2
2016-01,2016-01-29,2016-01-19,2016-01-25,0,0,,-0.51536875,0.83353711,9
2016-02,2016-02-29,2016-02-17,2016-02-23,1,125.7088,DGS5,0.77412297,0.022338844,-0
2016-03,2016-03-31,2016-03-18,2016-03-24,0,0,,-0.51712666,1.2180067,13
2016-04,2016-04-29,2016-04-19,2016-04-25,1,51.452162,DGS2,0.012227442,0.7458989,8
2016-05,2016-05-31,2016-05-18,2016-05-24,1,51.407458,DGS2,0.011748383,0.21077411,2
2016-06,2016-06-30,2016-06-20,2016-06-24,3,401.42571,"DGS2,DGS5,DGS7",3.6171755,0.75923573,8
2016-07,2016-07-29,2016-07-19,2016-07-25,1,51.535348,DGS2,0.001641607,1.1277921,12
2016-08,2016-08-31,2016-08-19,2016-08-25,3,402.23545,"DGS2,DGS5,DGS7",3.5529728,0.019658213,-0
2016-09,2016-09-30,2016-09-20,2016-09-26,1,51.50973,DGS2,-0.0095515468,-0.078263372,-1
2016-10,2016-10-31,2016-10-19,2016-10-25,1,51.445771,DGS2,-0.010173916,-0.61175356,-7
2016-11,2016-11-30,2016-11-17,2016-11-23,3,394.24796,"DGS2,DGS5,DGS7",3.4105069,-0.054534387,-1
2016-12,2016-12-30,2016-12-19,2016-12-23,0,0,,-0.52549481,0.92179148,10
2017-01,2017-01-31,2017-01-19,2017-01-25,2,212.27829,"DGS2,DGS5",1.5620943,0.73897178,8
2017-02,2017-02-28,2017-02-15,2017-02-22,2,212.57478,"DGS2,DGS5",1.5567642,0.56100943,6
2017-03,2017-03-31,2017-03-21,2017-03-27,1,51.184869,DGS2,-0.030805149,-0.15969647,-2
2017-04,2017-04-28,2017-04-18,2017-04-24,0,0,,-0.53244227,-0.073632794,-1
2017-05,2017-05-31,2017-05-18,2017-05-24,2,213.08236,"DGS2,DGS5",1.5594012,0.47142288,5
2017-06,2017-06-30,2017-06-20,2017-06-26,1,51.127881,DGS2,-0.034391225,-1.4933982,-17
2017-07,2017-07-31,2017-07-19,2017-07-25,1,51.102586,DGS2,-0.034587215,0.28605924,3
2017-08,2017-08-31,2017-08-21,2017-08-25,0,0,,-0.53639912,0.46717023,5
2017-09,2017-09-29,2017-09-19,2017-09-25,0,0,,-0.5353605,-0.96168148,-11
2017-10,2017-10-31,2017-10-19,2017-10-25,2,283.71537,DGS5,2.2579725,0.5523831,6
2017-11,2017-11-30,2017-11-17,2017-11-24,0,0,,-0.53780112,-0.68893396,-8
2017-12,2017-12-29,2017-12-18,2017-12-22,0,0,,-0.53676788,0.72883036,8
2018-01,2018-01-31,2018-01-19,2018-01-25,3,388.32485,"DGS2,DGS5,DGS7",3.2710034,-0.76177605,-9
2018-02,2018-02-28,2018-02-15,2018-02-22,3,400.1051,"DGS2,DGS5,DGS7",3.3292228,0.45199691,5
2018-03,2018-03-29,2018-03-19,2018-03-23,0,0,,-0.53962691,0.7132162,8
2018-04,2018-04-30,2018-04-18,2018-04-24,1,62.064156,DGS2,0.053116563,0.44919046,5
2018-05,2018-05-31,2018-05-18,2018-05-24,3,419.28916,"DGS2,DGS5,DGS7",3.4638286,1.3148975,15
2018-06,2018-06-29,2018-06-19,2018-06-25,0,0,,-0.54105537,0.18285204,2
2018-07,2018-07-31,2018-07-19,2018-07-25,2,234.55149,"DGS2,DGS5",1.6665046,-0.15629303,-2
2018-08,2018-08-31,2018-08-21,2018-08-27,1,69.659693,DGS2,0.11014482,-0.078302658,-1
2018-09,2018-09-28,2018-09-18,2018-09-24,1,71.454539,DGS2,0.12684891,0.26641429,3
2018-10,2018-10-31,2018-10-19,2018-10-25,3,447.38731,"DGS2,DGS5,DGS7",3.6642853,-0.073197506,-1
2018-11,2018-11-30,2018-11-19,2018-11-26,1,75.307729,DGS2,0.14966816,0.52253305,6
2018-12,2018-12-31,2018-12-18,2018-12-24,1,77.513603,DGS2,0.16987191,0.44135439,5
2019-01,2019-01-31,2019-01-18,2019-01-25,0,0,,-0.54906899,1.1441204,13
2019-02,2019-02-28,2019-02-15,2019-02-22,0,0,,-0.54804671,-0.69175763,-8
2019-03,2019-03-29,2019-03-19,2019-03-25,0,0,,-0.54703013,0.17653161,2
2019-04,2019-04-30,2019-04-17,2019-04-24,2,448.28535,"DGS5,DGS7",3.6229365,0.17771952,2
2019-05,2019-05-31,2019-05-20,2019-05-24,0,0,,-0.54697253,1.6149862,18
2019-06,2019-06-28,2019-06-18,2019-06-24,1,0.22477648,DGS10,-0.54391014,0.17883278,2
2019-07,2019-07-31,2019-07-19,2019-07-25,3,481.74308,"DGS2,DGS5,DGS7",3.8687264,0.54079502,6
2019-08,2019-08-30,2019-08-20,2019-08-26,0,0,,-0.54525274,0.36463442,4
2019-09,2019-09-30,2019-09-18,2019-09-24,1,78.425246,DGS2,0.16123799,-0.37009156,-4
2019-10,2019-10-31,2019-10-21,2019-10-25,3,485.36759,"DGS2,DGS5,DGS7",3.8268017,1.0108384,11
2019-11,2019-11-29,2019-11-18,2019-11-22,0,0,,-0.54584597,-0.087892071,-1
2019-12,2019-12-31,2019-12-18,2019-12-24,2,274.01447,"DGS2,DGS5",1.880157,-0.17471315,-2
2020-01,2020-01-31,2020-01-21,2020-01-27,2,275.69091,"DGS2,DGS5",1.8831594,0.92572513,10
2020-02,2020-02-28,2020-02-18,2020-02-24,0,0,,-0.55143612,2.3614173,25
2020-03,2020-03-31,2020-03-19,2020-03-25,2,281.49948,"DGS2,DGS5",1.9257908,1.7510083,18
2020-04,2020-04-30,2020-04-20,2020-04-24,0,0,,-0.55368963,-0.37943111,-4
2020-05,2020-05-29,2020-05-18,2020-05-22,1,355.02728,DGS20,2.5617359,0.10643501,1
2020-06,2020-06-30,2020-06-18,2020-06-24,2,324.67475,"DGS2,DGS5",2.2712212,0.29790086,3
2020-07,2020-07-31,2020-07-21,2020-07-27,3,643.86089,"DGS2,DGS20,DGS5",5.0155584,0.68594367,7
2020-08,2020-08-31,2020-08-19,2020-08-25,2,543.16241,"DGS2,DGS20",4.0005684,-0.2792952,-3
2020-09,2020-09-30,2020-09-18,2020-09-24,3,710.83794,"DGS2,DGS5,DGS7",5.289055,-0.18377474,-2
2020-10,2020-10-30,2020-10-20,2020-10-26,1,382.60934,DGS20,2.4874147,-0.66078017,-7
2020-11,2020-11-30,2020-11-17,2020-11-23,3,862.39804,"DGS2,DGS20,DGS5",6.2442235,0.20573427,2
2020-12,2020-12-31,2020-12-18,2020-12-24,1,414.16464,DGS20,2.567094,0.11144656,1
2021-01,2021-01-29,2021-01-19,2021-01-25,2,527.22681,"DGS2,DGS20",3.3834242,-0.55545365,-6
2021-02,2021-02-26,2021-02-16,2021-02-22,1,446.65305,DGS20,2.7360845,-0.6405401,-7
2021-03,2021-03-31,2021-03-19,2021-03-25,3,831.63586,"DGS2,DGS5,DGS7",5.5097722,-0.97679856,-11
2021-04,2021-04-30,2021-04-20,2021-04-26,3,805.81535,"DGS2,DGS20,DGS5",5.1107288,-0.62486347,-7
2021-05,2021-05-28,2021-05-18,2021-05-24,1,430.89315,DGS20,2.3885808,0.2928721,3
2021-06,2021-06-30,2021-06-18,2021-06-24,3,831.37558,"DGS2,DGS5,DGS7",5.0707083,0.39378345,4
2021-07,2021-07-30,2021-07-20,2021-07-26,2,518.59257,"DGS2,DGS20",2.8542523,0.48186436,5
2021-08,2021-08-31,2021-08-19,2021-08-25,2,417.71213,"DGS2,DGS5",2.1666918,0.48824536,5
2021-09,2021-09-30,2021-09-20,2021-09-24,1,401.21503,DGS20,2.0442041,-0.43863374,-5
2021-10,2021-10-29,2021-10-19,2021-10-25,1,390.66978,DGS20,1.9626851,0.84712192,9
2021-11,2021-11-30,2021-11-17,2021-11-23,4,1165.2794,"DGS2,DGS20,DGS5,DGS7",6.9054029,2.2613871,24
2021-12,2021-12-31,2021-12-20,2021-12-27,2,441.79814,"DGS2,DGS20",2.1330634,-0.35442527,-4
2022-01,2022-01-31,2022-01-19,2022-01-25,3,790.00592,"DGS2,DGS20,DGS7",4.211083,-0.06627146,-1
2022-02,2022-02-28,2022-02-15,2022-02-22,2,402.67899,"DGS2,DGS20",1.8322494,1.0247755,11
2022-03,2022-03-31,2022-03-21,2022-03-25,1,247.15037,DGS20,0.90941264,1.4545752,16
2022-04,2022-04-29,2022-04-19,2022-04-25,1,237.58842,DGS20,0.85115247,-0.66916992,-8
2022-05,2022-05-31,2022-05-18,2022-05-24,2,339.93551,"DGS2,DGS20",1.4501216,-0.7462042,-9
2022-06,2022-06-30,2022-06-17,2022-06-24,1,200.3388,DGS20,0.62596603,1.3115326,15
2022-07,2022-07-29,2022-07-19,2022-07-25,2,288.14251,"DGS2,DGS20",1.1400037,1.2261625,14
2022-08,2022-08-31,2022-08-19,2022-08-25,3,522.04334,"DGS2,DGS5,DGS7",2.5084553,-1.0173527,-12
2022-09,2022-09-30,2022-09-20,2022-09-26,2,248.20514,"DGS2,DGS20",0.89004448,0.40735795,5
2022-10,2022-10-31,2022-10-19,2022-10-25,2,238.35064,"DGS2,DGS20",0.83059272,-0.0021894139,-0
2022-11,2022-11-30,2022-11-17,2022-11-23,3,485.68282,"DGS2,DGS5,DGS7",2.2706543,0.23686325,3
2022-12,2022-12-30,2022-12-19,2022-12-23,1,165.14489,DGS20,0.39423959,-1.0779328,-13
2023-01,2023-01-31,2023-01-19,2023-01-25,2,275.31642,"DGS2,DGS5",1.0332525,-0.519699,-6
2023-02,2023-02-28,2023-02-15,2023-02-22,3,477.49376,"DGS2,DGS20,DGS5",2.2041846,0.067205128,1
2023-03,2023-03-31,2023-03-21,2023-03-27,2,245.60194,"DGS2,DGS20",0.84843762,0.40554648,5
2023-04,2023-04-28,2023-04-18,2023-04-24,1,165.58139,DGS20,0.38416993,0.65064434,8
2023-05,2023-05-31,2023-05-18,2023-05-24,2,274.10545,"DGS2,DGS5",1.0114548,0.7176722,9
2023-06,2023-06-30,2023-06-20,2023-06-26,2,243.61252,"DGS2,DGS20",0.83250301,-0.76121047,-9
2023-07,2023-07-31,2023-07-19,2023-07-25,3,435.54156,"DGS2,DGS20,DGS5",1.941502,-0.51693216,-6
2023-08,2023-08-31,2023-08-21,2023-08-25,1,210.2703,DGS20,0.63081111,1.2845416,16
2023-09,2023-09-29,2023-09-19,2023-09-25,1,168.804,DGS20,0.39038378,-0.32688519,-4
2023-10,2023-10-31,2023-10-19,2023-10-25,2,324.10898,"DGS2,DGS5",1.2871685,0.53965989,7
2023-11,2023-11-30,2023-11-17,2023-11-24,1,205.29122,DGS20,0.5969981,0.78570271,10
2023-12,2023-12-29,2023-12-18,2023-12-22,1,175.18857,DGS20,0.42207573,0.13546919,2
2024-01,2024-01-31,2024-01-19,2024-01-25,3,634.91066,"DGS2,DGS5,DGS7",3.080362,1.2093416,15
2024-02,2024-02-29,2024-02-16,2024-02-23,1,207.9367,DGS20,0.59717763,0.063521756,1
2024-03,2024-03-28,2024-03-18,2024-03-22,1,169.67413,DGS20,0.37697962,0.14442541,2
2024-04,2024-04-30,2024-04-18,2024-04-24,2,439.1984,"DGS2,DGS5",1.9222149,-0.32784182,-4
2024-05,2024-05-31,2024-05-20,2024-05-24,1,207.22634,DGS20,0.58524884,-0.4155851,-5
2024-06,2024-06-28,2024-06-17,2024-06-24,1,170.69766,DGS20,0.37531598,-0.89496361,-11
2024-07,2024-07-31,2024-07-19,2024-07-25,3,708.79555,"DGS2,DGS5,DGS7",3.4564981,1.4512267,18
2024-08,2024-08-30,2024-08-20,2024-08-26,1,215.99274,DGS20,0.61778311,-0.75086867,-9
2024-09,2024-09-30,2024-09-18,2024-09-24,1,132.18362,DGS2,0.14263464,-0.5903183,-7
