strategy,year,excess_return_pct,vol_pct,sharpe,max_drawdown_in_year_pct,max_drawdown_from_peak_pct,worst_month,worst_month_pct,n_days
book,1993,4.203587,4.700471,0.90644578,2.0581743,2.0581743,1993-12,-0.84598732,250
book,1994,2.1180787,4.3994257,0.50406825,4.4917031,4.6935926,1994-03,-2.7995222,249
book,1995,5.6088391,4.1375692,1.3502494,3.2578133,3.2578133,1995-03,-1.178774,250
book,1996,2.1400721,4.3110829,0.51261475,2.6760636,2.6760636,1996-08,-2.331685,252
book,1997,2.6803564,4.3789864,0.6306476,3.6053646,3.6053646,1997-02,-1.6805707,250
book,1998,6.8230234,3.9127218,1.7199931,2.2168702,2.2529189,1998-03,-0.62858633,250
book,1999,-7.7944033,4.0001513,-2.0164113,8.4121118,8.4121118,1999-02,-2.964531,251
book,2000,0.59725108,1.9642173,0.31414893,1.702503,8.1515848,2000-04,-0.82536548,251
book,2001,3.3423404,2.0364405,1.6507142,1.4527981,7.38296,2001-04,-0.60831043,248
book,2002,1.8336031,1.8750484,0.98617193,1.3882917,5.4098247,2002-07,-0.48615865,250
book,2003,0.55925568,1.8815464,0.30814832,2.067434,2.7889787,2003-07,-0.84962504,250
book,2004,0.54570028,2.0519045,0.27757161,1.5093087,3.0221097,2004-03,-1.320978,250
book,2005,2.1475749,3.523674,0.62539249,1.7363851,2.5976315,2005-02,-1.1897535,250
book,2006,2.4997328,3.4520596,0.73813158,3.2102234,3.9691986,2006-05,-1.7148955,250
book,2007,3.4272214,4.2729058,0.81302682,3.0275759,3.0275759,2007-10,-1.526767,251
book,2008,12.574776,5.2066667,2.3103895,2.9371824,2.9371824,2008-05,-0.762636,251
book,2009,14.635926,4.3878918,3.1604583,1.5405509,1.5405509,2009-02,-0.74630439,250
book,2010,17.813782,5.1392452,3.2291935,2.3058995,2.3058995,2010-11,-0.54605011,251
book,2011,3.5974453,4.4074758,0.83028208,4.7542402,4.7542402,2011-06,-3.2483582,250
book,2012,2.2896457,3.3193026,0.70403477,2.8880497,2.8880497,2012-04,-0.94607722,250
book,2013,4.7784878,3.7189167,1.2838128,3.4282165,3.4282165,2013-12,-1.7235962,250
book,2014,5.2212668,3.5484004,1.4635891,1.6654015,3.8531916,2014-06,-0.34077758,250
book,2015,0.784282,4.5532576,0.19489673,4.2633063,4.2633063,2015-08,-2.079495,251
book,2016,4.4641882,4.4431613,1.0129968,2.806242,2.806242,2016-02,-1.5221495,250
book,2017,4.2154655,3.7718132,1.1223291,1.9503215,1.9503215,2017-02,-1.4712172,250
book,2018,4.3978781,3.967013,1.1178281,1.8069795,2.1490782,2018-01,-1.2926817,249
book,2019,1.2702523,4.4459587,0.30832392,5.5784166,5.5784166,2019-03,-1.8375691,250
book,2020,7.1986399,5.3015087,1.3429078,3.4309825,3.4309825,2020-12,-0.53539075,251
book,2021,6.2126967,4.1189917,1.4898203,3.0534691,3.0534691,2021-02,-0.62454343,251
book,2022,-0.32426814,5.6583676,-0.030019757,6.7286037,6.7286037,2022-05,-2.3797934,249
book,2023,-4.9061465,4.650938,-1.0669837,8.4162168,9.823319,2023-10,-2.7561632,250
book,2024,-2.3090934,2.2188404,-1.4001792,2.6897816,11.090477,2024-08,-0.91320295,188
supply_calendar,1993,1.90563,2.2339487,0.86292415,1.6843895,1.6843895,1993-08,-1.3929811,250
supply_calendar,1994,3.5205681,2.5633053,1.3789385,2.3377838,2.3377838,1994-03,-1.5652607,249
supply_calendar,1995,1.9707079,2.3492573,0.84910175,2.7420395,2.7420395,1995-02,-0.58670818,250
supply_calendar,1996,2.1536335,2.44507,0.88366554,2.1110584,2.1110584,1996-08,-1.1692377,252
supply_calendar,1997,1.0640935,2.6871629,0.41041455,1.7146407,2.8111892,1997-10,-1.0517111,250
supply_calendar,1998,1.0474368,2.2904787,0.46996928,2.7528512,2.7528512,1998-09,-0.51045687,250
supply_calendar,1999,-0.44283525,2.1030347,-0.20140643,2.0528812,3.66483,1999-02,-0.6242053,251
supply_calendar,2000,0.055129926,2.0261446,0.037396194,2.2484912,2.8161429,2000-08,-1.2126772,251
supply_calendar,2001,-1.1325215,1.8662231,-0.61084984,2.5644588,3.4346611,2001-11,-1.3577093,248
supply_calendar,2002,0.59327575,0.79460704,0.75434377,1.1130753,4.1762787,2002-03,-0.22781094,250
supply_calendar,2003,0.98854333,0.99750287,0.99902768,0.64490649,2.740238,2003-09,-0.1557071,250
supply_calendar,2004,1.0981771,1.4827828,0.74987734,1.1092912,2.344152,2004-03,-0.86366298,250
supply_calendar,2005,1.8006206,2.5038111,0.73094159,2.1768794,2.8447999,2005-02,-1.5719382,250
supply_calendar,2006,2.2111675,2.3484055,0.95047926,1.3097967,1.3097967,2006-05,-0.93242626,250
supply_calendar,2007,1.0541122,2.5908823,0.41923721,2.301248,2.301248,2007-10,-0.98436569,251
supply_calendar,2008,9.6788022,3.0119156,3.0951188,1.3358609,1.3358609,2008-04,-0.086092502,251
supply_calendar,2009,10.137252,3.2241607,3.0353917,1.2251872,1.2251872,2009-10,-0.11058766,250
supply_calendar,2010,11.633337,3.8292199,2.9050838,1.7633511,1.7633511,2010-11,-0.39887058,251
supply_calendar,2011,5.6797992,3.3692498,1.6697224,1.7388371,1.7388371,2011-12,-0.61616917,250
supply_calendar,2012,0.42136741,2.8876667,0.16116212,2.8916423,2.8916423,2012-04,-1.161618,250
supply_calendar,2013,3.8715517,3.4311071,1.1330847,3.0011118,3.0011118,2013-08,-1.5004834,250
supply_calendar,2014,3.2097196,3.4692429,0.93525937,1.955742,3.3958488,2014-06,-0.63169339,250
supply_calendar,2015,-0.59922943,3.8755434,-0.13641277,4.1324606,4.1324606,2015-08,-1.3516193,251
supply_calendar,2016,2.3753845,3.9522131,0.61843258,2.8365608,2.8365608,2016-02,-1.4955655,250
supply_calendar,2017,4.6231387,3.2596635,1.4139245,2.445756,2.6142405,2017-02,-1.7551039,250
supply_calendar,2018,3.4082229,3.6970933,0.93588344,2.2686312,2.2686312,2018-01,-0.68525267,249
supply_calendar,2019,-0.72241879,3.9379413,-0.16597881,5.7490296,5.7490296,2019-03,-2.0192796,250
supply_calendar,2020,4.3116228,4.8031737,0.90630935,3.4309825,4.33295,2020-03,-0.9507612,251
supply_calendar,2021,7.9948417,3.1746678,2.4485299,1.8432699,1.8432699,2021-06,-0.59960806,251
supply_calendar,2022,-1.5101904,3.78281,-0.38826929,5.3190918,5.3190918,2022-05,-1.7912154,249
supply_calendar,2023,-4.9038445,3.1542849,-1.5909622,7.4538656,8.3650297,2023-08,-2.2855432,250
supply_calendar,2024,-1.3902795,1.6551397,-1.1255508,1.6682616,9.4973138,2024-04,-0.61167853,188
demand_alone,1993,2.4770102,4.0412813,0.63038273,2.6523023,2.6523023,1993-12,-1.0783811,250
demand_alone,1994,-1.6144303,2.9745116,-0.53893299,4.0573959,5.2017357,1994-03,-1.2616744,249
demand_alone,1995,6.0664701,3.0408791,1.9676612,1.4056151,3.6909672,1995-06,-0.81995634,250
demand_alone,1996,-0.015479206,3.0484395,0.010085347,3.4248276,3.4248276,1996-02,-1.4106068,252
demand_alone,1997,2.9662648,3.5305435,0.85217729,2.676975,2.676975,1997-02,-1.5766703,250
demand_alone,1998,7.6703823,4.0742219,1.8489232,2.0904262,2.0904262,1998-07,-0.44470443,250
demand_alone,1999,-7.4235779,3.0876423,-2.4923306,8.00769,8.00769,1999-02,-2.354288,251
demand_alone,2000,0.56621074,1.5719401,0.36844389,0.9807309,7.5757623,2000-04,-0.97032908,251
demand_alone,2001,3.8183396,1.7004488,2.247853,0.99128402,6.9993484,2001-04,-0.51474261,248
demand_alone,2002,1.2338976,1.647534,0.75853561,1.1302326,3.991026,2002-07,-0.3175536,250
demand_alone,2003,-0.42418548,1.5357149,-0.27136393,1.7792455,2.6787618,2003-07,-0.94411688,250
demand_alone,2004,-0.8897848,1.5518225,-0.57280728,1.9107877,3.9157318,2004-11,-0.86233965,250
demand_alone,2005,0.83314409,1.6255283,0.52259593,0.82447791,3.774024,2005-02,-0.40451516,250
demand_alone,2006,-0.30396453,1.5655614,-0.18821315,2.0367212,4.6557716,2006-09,-0.64003712,250
demand_alone,2007,1.5587382,1.9241455,0.8166349,1.3372025,3.0704953,2007-11,-0.65534812,251
demand_alone,2008,1.3964827,3.0541772,0.47109339,2.8190894,2.8190894,2008-05,-0.63573164,251
demand_alone,2009,4.2110568,2.8722616,1.461973,2.9342856,3.7973764,2009-02,-1.1291579,250
demand_alone,2010,5.8878471,3.8627889,1.5063808,1.9392518,1.9392518,2010-05,-0.6960428,251
demand_alone,2011,-0.84904183,3.4476023,-0.23213052,3.3942902,3.3942902,2011-06,-3.3714316,250
demand_alone,2012,5.804213,3.2619712,1.7599174,2.4823576,2.4823576,2012-07,-0.94652097,250
demand_alone,2013,0.36480768,3.0095811,0.13696839,2.2021461,2.2021461,2013-05,-1.8620244,250
demand_alone,2014,6.8364088,2.6142222,2.5631294,0.90167187,1.8221732,2014-07,-0.72773157,250
demand_alone,2015,1.5761097,2.8846353,0.55863219,1.2152255,1.2152255,2015-08,-0.73798105,251
demand_alone,2016,3.969462,2.9174058,1.3595752,1.8845465,1.8845465,2016-10,-1.0074459,250
demand_alone,2017,-0.72985744,3.2190816,-0.21332675,4.0092591,4.0092591,2017-06,-2.4892468,250
demand_alone,2018,5.2049178,4.0786847,1.2793285,1.7294375,3.5308247,2018-01,-0.76322443,249
demand_alone,2019,3.2434448,2.6719298,1.2175527,1.2792953,1.2792953,2019-02,-1.1174814,250
demand_alone,2020,3.0556617,2.9315518,1.0454084,2.53268,2.53268,2020-10,-1.296624,251
demand_alone,2021,1.3030812,4.4722461,0.31294907,3.6736948,5.5177043,2021-03,-1.2967892,251
demand_alone,2022,1.2124784,3.2167666,0.3951299,1.8841996,1.8841996,2022-12,-0.75842268,249
demand_alone,2023,1.7913041,2.7947932,0.65429759,1.1513033,2.1617273,2023-06,-0.73664839,250
demand_alone,2024,-1.8602114,2.4195551,-1.0281478,2.6004211,2.6004211,2024-06,-0.92521265,188
