leg_id,unit_id,kind,tenor,tenor_years,entry,exit,sign,base_risk,hold_days,w,sigma_bp,duration,fomc_mult,dd_mult,cap_mult,dv01,notional,gross_pnl,cost,net_pnl
2024-10-08_91282CLQ2_pre,2024-10-08_91282CLQ2,pre,DGS3,3,2024-10-01,2024-10-08,-1,0.0025,5,1,6.1694298,2.8235415,1,1,1,1812.2161,6418237.7,62291.886,906.10804,61385.778
2024-10-09_91282CLF6_pre,2024-10-09_91282CLF6,pre,DGS10,10,2024-10-02,2024-10-09,-1,0.0025,5,1,5.0847062,8.2591683,1,1,1,2198.8173,2662274.5,59150.043,1099.4086,58050.634
2024-10-10_912810UC0_pre,2024-10-10_912810UC0,pre,DGS30,30,2024-10-03,2024-10-10,-1,0.0025,5,1,4.9481778,17.007819,1,1,1,2259.4863,1328498.5,44589.632,1129.7431,43459.889
2024-10-08_91282CLQ2_post,2024-10-08_91282CLQ2,post,DGS3,3,2024-10-08,2024-10-16,1,0.0025,5,1,6.8628822,2.8073437,1,1,1,1629.1027,5803004.1,2365.1351,814.55134,1550.5838
2024-10-09_91282CLF6_post,2024-10-09_91282CLF6,post,DGS10,10,2024-10-09,2024-10-17,1,0.0025,5,1,5.4039899,8.1520966,1,1,1,2068.9046,2537880.4,-6445.6576,1034.4523,-7480.1099
2024-10-10_912810UC0_post,2024-10-10_912810UC0,post,DGS30,30,2024-10-10,2024-10-18,1,0.0025,5,1,4.8915932,16.607733,1,1,1,2285.6234,1376240.5,120.41183,1142.8117,-1022.3999
2024-10-23_912810UD8_pre,2024-10-23_912810UD8,pre,DGS20,20,2024-10-16,2024-10-23,-1,0.0025,5,1,4.858332,13.25573,1,1,1,2301.2713,1736057.7,50010.281,1150.6356,48859.645
2024-10-28_91282CLR0_pre,2024-10-28_91282CLR0,pre,DGS5,5,2024-10-21,2024-10-28,-1,0.0025,5,1,6.2658612,4.4936433,1,1,1,1784.3261,3970778.3,23516.052,892.16306,22623.889
2024-10-28_91282CLS8_pre,2024-10-28_91282CLS8,pre,DGS2,2,2024-10-21,2024-10-28,-1,0.0025,5,1,7.2376136,1.9034024,1,1,1,1544.755,8115756.2,16158.799,772.3775,15386.422
2024-10-29_91282CLU3_pre,2024-10-29_91282CLU3,pre,DGS7,7,2024-10-22,2024-10-29,-1,0.0025,5,1,6.1188557,6.0318782,1,1,1,1827.1946,3029229.9,14811.057,913.59728,13897.459
2024-10-23_912810UD8_post,2024-10-23_912810UD8,post,DGS20,20,2024-10-23,2024-10-30,1,0.0025,5,1,5.0049693,13.007178,1,1,1,2233.8479,1717396.2,-4414.5735,1116.9239,-5531.4974
2024-10-28_91282CLR0_post,2024-10-28_91282CLR0,post,DGS5,5,2024-10-28,2024-11-04,1,0.0025,5,1,6.3544104,4.4783955,1,1,1,1759.4614,3928776.3,-10774.493,879.73071,-11654.224
2024-10-28_91282CLS8_post,2024-10-28_91282CLS8,post,DGS2,2,2024-10-28,2024-11-04,1,0.0025,5,1,7.2703251,1.9010955,1,1,1,1537.8047,8089044.8,-8185.0615,768.90233,-8953.9638
2024-11-04_91282CLX7_pre,2024-11-04_91282CLX7,pre,DGS3,3,2024-10-28,2024-11-04,-1,0.0025,5,1,6.9362513,2.7964671,1,1,1,1611.8707,5763953.5,1998.8476,805.93533,1192.9123
2024-10-29_91282CLU3_post,2024-10-29_91282CLU3,post,DGS7,7,2024-10-29,2024-11-05,1,0.0025,5,1,5.852712,6.0149593,1,1,1,1910.2836,3175887.9,-7742.1941,955.14182,-8697.336
2024-11-05_91282CLW9_pre,2024-11-05_91282CLW9,pre,DGS10,10,2024-10-29,2024-11-05,-1,0.0025,5,1,5.3504052,8.0663273,1,1,1,2089.6249,2590553,-4167.4143,1044.8124,-5212.2268
2024-11-06_912810UE6_pre,2024-11-06_912810UE6,pre,DGS30,30,2024-10-30,2024-11-06,-1,0.0025,5,1,4.5491354,16.393724,1,1,1,2457.6846,1499161.9,26213.387,1228.8423,24984.545
2024-11-04_91282CLX7_post,2024-11-04_91282CLX7,post,DGS3,3,2024-11-04,2024-11-12,1,0.0025,5,1,5.8020793,2.7959957,0.5,1,1,963.477,3445917.3,-18451.517,481.7385,-18933.255
2024-11-05_91282CLW9_post,2024-11-05_91282CLW9,post,DGS10,10,2024-11-05,2024-11-13,1,0.0025,5,1,4.6045912,8.0740705,0.5,1,1,1214.0426,1503631.4,-21634.845,607.02131,-22241.866
2024-11-06_912810UE6_post,2024-11-06_912810UE6,post,DGS30,30,2024-11-06,2024-11-14,1,0.0025,5,1,4.4676805,16.183874,0.5,1,1,1251.2466,773144.06,2706.8547,625.62328,2081.2314
2024-11-20_912810UF3_pre,2024-11-20_912810UF3,pre,DGS20,20,2024-11-13,2024-11-20,-1,0.0025,5,1,5.0364771,12.841627,1,1,1,2219.8731,1728654,-15693.017,1109.9365,-16802.954
2024-11-25_91282CLY5_pre,2024-11-25_91282CLY5,pre,DGS2,2,2024-11-18,2024-11-25,-1,0.0025,5,1,5.9159843,1.8971841,1,1,1,1889.8529,9961357.5,-14796.757,944.92644,-15741.683
2024-11-26_91282CMA6_pre,2024-11-26_91282CMA6,pre,DGS5,5,2024-11-19,2024-11-26,-1,0.0025,5,1,5.3420832,4.4620602,1,1,1,2092.8801,4690389.8,-16597.991,1046.4401,-17644.431
2024-11-20_912810UF3_post,2024-11-20_912810UF3,post,DGS20,20,2024-11-20,2024-11-27,1,0.0025,5,1,4.9629987,12.918495,1,1,1,2252.7388,1743809,31992.968,1126.3694,30866.598
2024-11-27_91282CLZ2_pre,2024-11-27_91282CLZ2,pre,DGS7,7,2024-11-20,2024-11-27,-1,0.0025,5,1,5.3339071,5.9813279,1,1,1,2096.0882,3504386.1,-35700.302,1048.0441,-36748.347
2024-11-25_91282CLY5_post,2024-11-25_91282CLY5,post,DGS2,2,2024-11-25,2024-12-03,1,0.0025,5,1,5.5714162,1.8990231,1,1,1,2006.7321,10567181,7408.2678,1003.3661,6404.9017
2024-11-26_91282CMA6_post,2024-11-26_91282CMA6,post,DGS5,5,2024-11-26,2024-12-04,1,0.0025,5,1,5.4793913,4.4713839,1,1,1,2040.4347,4563318,20110.958,1020.2173,19090.74
2024-11-27_91282CLZ2_post,2024-11-27_91282CLZ2,post,DGS7,7,2024-11-27,2024-12-05,1,0.0025,5,1,5.617165,6.0170704,1,1,1,1990.3884,3307902.8,9777.9612,995.19419,8782.767
2024-12-10_91282CMB4_pre,2024-12-10_91282CMB4,pre,DGS3,3,2024-12-03,2024-12-10,-1,0.0025,5,1,5.6712178,2.7945821,1,1,1,1971.4178,7054427.8,-9488.6935,985.70891,-10474.402
2024-12-11_91282CLW9_pre,2024-12-11_91282CLW9,pre,DGS10,10,2024-12-04,2024-12-11,-1,0.0025,5,1,5.3809667,8.1012565,1,1,1,2077.7568,2564734,14575.561,1038.8784,13536.683
2024-12-12_912810UE6_pre,2024-12-12_912810UE6,pre,DGS30,30,2024-12-05,2024-12-12,-1,0.0025,5,1,5.4351856,16.706411,1,1,1,2057.03,1231281.8,44510.204,1028.515,43481.689
2024-12-10_91282CMB4_post,2024-12-10_91282CMB4,post,DGS3,3,2024-12-10,2024-12-17,1,0.0025,5,1,5.405166,2.7969387,1,1,1,2068.4545,7395423.2,-29056.507,1034.2273,-30090.734
2024-12-17_912810UF3_pre,2024-12-17_912810UF3,pre,DGS20,20,2024-12-10,2024-12-17,-1,0.0025,5,1,5.2686044,13.108023,1,1,1,2122.0686,1618908.2,39765.254,1061.0343,38704.219
2024-12-11_91282CLW9_post,2024-12-11_91282CLW9,post,DGS10,10,2024-12-11,2024-12-18,1,0.0025,5,1,5.3920846,8.0740705,0.5,1,1,1036.7363,1284031.8,-24665.088,518.36816,-25183.456
2024-12-12_912810UE6_post,2024-12-12_912810UE6,post,DGS30,30,2024-12-12,2024-12-19,1,0.0025,5,1,5.4653505,16.278751,0.5,1,1,1022.8383,628327.27,-19090.995,511.41916,-19602.414
2024-12-23_91282CME8_pre,2024-12-23_91282CME8,pre,DGS2,2,2024-12-16,2024-12-23,-1,0.0025,5,1,5.540911,1.8981032,0.5,1,1,1008.89,5315253.8,5018.5755,504.44502,4514.1305
2024-12-17_912810UF3_post,2024-12-17_912810UF3,post,DGS20,20,2024-12-17,2024-12-24,1,0.0025,5,1,5.3298011,12.896464,0.5,1,1,1048.8515,813286.14,-16525.322,524.42576,-17049.748
2024-12-24_91282CMD0_pre,2024-12-24_91282CMD0,pre,DGS5,5,2024-12-17,2024-12-24,-1,0.0025,5,1,5.3624558,4.4608967,0.5,1,1,1042.4645,2336894.5,17586.599,521.23226,17065.367
2024-12-26_91282CMC2_pre,2024-12-26_91282CMC2,pre,DGS7,7,2024-12-18,2024-12-26,-1,0.0025,5,1,5.618045,5.9583649,1,1,1,1990.0766,3339971,7761.8636,995.0383,6766.8253
2024-12-23_91282CME8_post,2024-12-23_91282CME8,post,DGS2,2,2024-12-23,2024-12-31,1,0.0025,5,1,5.5167695,1.8969544,1,1,1,2026.6099,10683493,10139.344,1013.305,9126.0387
2024-12-24_91282CMD0_post,2024-12-24_91282CMD0,post,DGS5,5,2024-12-24,2025-01-02,1,0.0025,5,1,5.6642401,4.4411867,1,1,1,1973.8464,4444412.1,10028.821,986.9232,9041.8974
2024-12-26_91282CMC2_post,2024-12-26_91282CMC2,post,DGS7,7,2024-12-26,2025-01-03,1,0.0025,5,1,5.8957756,5.9500466,1,1,1,1896.3306,3187085.4,-3608.9273,948.16532,-4557.0927
2025-01-06_91282CMF5_pre,2025-01-06_91282CMF5,pre,DGS3,3,2024-12-27,2025-01-06,-1,0.0025,5,1,5.5184334,2.7837814,1,1,1,2025.9989,7277866.3,-12261.389,1012.9994,-13274.389
2025-01-07_91282CLW9_pre,2025-01-07_91282CLW9,pre,DGS10,10,2024-12-30,2025-01-07,-1,0.0025,5,1,5.6443312,7.9628368,1,1,1,1980.8086,2487566.5,23497.876,990.40431,22507.471
2025-01-08_912810UE6_pre,2025-01-08_912810UE6,pre,DGS30,30,2024-12-31,2025-01-08,-1,0.0025,5,1,5.6232719,15.8492,1,1,1,1988.2268,1254465.1,25438.924,994.11341,24444.811
2025-01-06_91282CMF5_post,2025-01-06_91282CMF5,post,DGS3,3,2025-01-06,2025-01-13,1,0.0025,5,1,4.6570522,2.7865928,1,1,1,2400.7332,8615299.7,-45251.307,1200.3666,-46451.674
2025-01-07_91282CLW9_post,2025-01-07_91282CLW9,post,DGS10,10,2025-01-07,2025-01-14,1,0.0025,5,1,5.366221,7.9174573,1,1,1,2083.4662,2631483.9,-22576.847,1041.7331,-23618.58
2025-01-08_912810UE6_post,2025-01-08_912810UE6,post,DGS30,30,2025-01-08,2025-01-15,1,0.0025,5,1,5.5341518,15.614023,1,1,1,2020.2445,1293865.5,6375.5897,1010.1223,5365.4674
2025-01-22_912810UF3_pre,2025-01-22_912810UF3,pre,DGS20,20,2025-01-14,2025-01-22,-1,0.0025,5,1,5.2993977,12.488211,1,1,1,2109.7379,1689383.5,-36504.564,1054.8689,-37559.433
2025-01-27_91282CMG3_pre,2025-01-27_91282CMG3,pre,DGS5,5,2025-01-17,2025-01-27,-1,0.0025,5,1,5.5596153,4.4423425,1,1,1,2010.9916,4526872.1,-20345.235,1005.4958,-21350.731
2025-01-27_91282CMH1_pre,2025-01-27_91282CMH1,pre,DGS2,2,2025-01-17,2025-01-27,-1,0.0025,5,1,4.8309267,1.8976436,1,1,1,2314.3261,12195789,-23175.833,1157.1631,-24332.996
2025-01-28_91282CMK4_pre,2025-01-28_91282CMK4,pre,DGS7,7,2025-01-21,2025-01-28,-1,0.0025,5,1,5.8385771,5.9500466,1,1,1,1914.9083,3218308.1,-11679.339,957.45415,-12636.794
2025-01-22_912810UF3_post,2025-01-22_912810UF3,post,DGS20,20,2025-01-22,2025-01-29,1,0.0025,5,1,5.3756093,12.668449,0.5,1,1,1039.9137,820869.03,4304.5058,519.95687,3784.5489
2025-01-27_91282CMG3_post,2025-01-27_91282CMG3,post,DGS5,5,2025-01-27,2025-02-03,1,0.0025,5,1,5.4093453,4.4539255,0.5,1,1,1033.4282,2320263.7,-3049.1311,516.71409,-3565.8452
2025-01-27_91282CMH1_post,2025-01-27_91282CMH1,post,DGS2,2,2025-01-27,2025-02-03,1,0.0025,5,1,4.7438333,1.8999437,0.5,1,1,1178.4077,6202329.7,-10618.232,589.20387,-11207.435
2025-01-28_91282CMK4_post,2025-01-28_91282CMK4,post,DGS7,7,2025-01-28,2025-02-04,1,0.0025,5,1,5.9864253,5.9625304,0.5,1,1,933.80768,1566126.5,1001.7948,466.90384,534.89091
2025-02-11_91282CMN8_pre,2025-02-11_91282CMN8,pre,DGS3,3,2025-02-04,2025-02-11,-1,0.0025,5,1,5.0331107,2.7889389,1,1,1,2221.3578,7964885.1,6642.5946,1110.6789,5531.9156
2025-02-12_91282CMM0_pre,2025-02-12_91282CMM0,pre,DGS10,10,2025-02-05,2025-02-12,-1,0.0025,5,1,5.5886285,8.008594,1,1,1,2000.5516,2498006.1,37684.526,1000.2758,36684.25
2025-02-13_912810UG1_pre,2025-02-13_912810UG1,pre,DGS30,30,2025-02-06,2025-02-13,-1,0.0025,5,1,5.1777446,16.089835,1,1,1,2159.3069,1342031.7,14670.349,1079.6535,13590.696
2025-02-11_91282CMN8_post,2025-02-11_91282CMN8,post,DGS3,3,2025-02-11,2025-02-19,1,0.0025,5,1,4.7816445,2.7875309,1,1,1,2338.1788,8387992.5,-4549.0531,1169.0894,-5718.1425
2025-02-19_912810UJ5_pre,2025-02-19_912810UJ5,pre,DGS20,20,2025-02-11,2025-02-19,-1,0.0025,5,1,4.7894658,12.765434,1,1,1,2334.3605,1828657.4,-2857.1062,1167.1803,-4024.2865
2025-02-12_91282CMM0_post,2025-02-12_91282CMM0,post,DGS10,10,2025-02-12,2025-02-20,1,0.0025,5,1,4.9030142,7.9363198,1,1,1,2280.2993,2873245.3,27709.614,1140.1497,26569.464
2025-02-13_912810UG1_post,2025-02-13_912810UG1,post,DGS30,30,2025-02-13,2025-02-21,1,0.0025,5,1,4.8930655,15.959575,1,1,1,2284.9356,1431702.1,11767.202,1142.4678,10624.734
2025-02-24_91282CMP3_pre,2025-02-24_91282CMP3,pre,DGS2,2,2025-02-14,2025-02-24,-1,0.0025,5,1,4.7264133,1.8978734,1,1,1,2365.5019,12463961,-30694.289,1182.751,-31877.04
2025-02-25_91282CGQ8_pre,2025-02-25_91282CGQ8,pre,DGS7,7,2025-02-18,2025-02-25,-1,0.0025,5,1,5.6649383,5.9521246,1,1,0.90911559,1794.2334,3014441.9,-48796.339,897.11669,-49693.456
2025-02-19_912810UJ5_post,2025-02-19_912810UJ5,post,DGS20,20,2025-02-19,2025-02-26,1,0.0025,5,1,5.2467639,12.776277,1,1,1,2130.9021,1667858.3,51974.644,1065.451,50909.193
2025-02-26_91282CMR9_pre,2025-02-26_91282CMR9,pre,DGS7,7,2025-02-19,2025-02-26,-1,0.0025,5,1,5.7190335,5.9562837,1,1,1,1954.9352,3282139.1,-59075.549,977.46759,-60053.017
2025-02-24_91282CMP3_post,2025-02-24_91282CMP3,post,DGS2,2,2025-02-24,2025-03-03,1,0.0025,5,1,4.8478547,1.9008651,1,1,1,2306.2449,12132607,38738.759,1153.1224,37585.637
2025-02-25_91282CGQ8_post,2025-02-25_91282CGQ8,post,DGS7,7,2025-02-25,2025-03-04,1,0.0025,5,1,5.5433321,6.0086325,1,1,1,2016.8988,3356668.6,20179.259,1008.4494,19170.809
2025-02-26_91282CMR9_post,2025-02-26_91282CMR9,post,DGS7,7,2025-02-26,2025-03-05,1,0.0025,5,1,5.7147594,6.0191825,1,1,1,1956.3973,3250270.8,-3929.3371,978.19866,-4907.5357
2025-03-11_91282CMS7_pre,2025-03-11_91282CMS7,pre,DGS3,3,2025-03-04,2025-03-11,-1,0.0025,5,1,5.0812606,2.8035532,1,1,1,2200.3083,7848284.6,-4004.0466,1100.1542,-5104.2007
2025-03-12_91282CMM0_pre,2025-03-12_91282CMM0,pre,DGS10,10,2025-03-05,2025-03-12,-1,0.0025,5,1,5.3438544,8.0663273,1,1,1,2092.1865,2593728.7,8264.2436,1046.0932,7218.1504
2025-03-13_912810UG1_pre,2025-03-13_912810UG1,pre,DGS30,30,2025-03-06,2025-03-13,-1,0.0025,5,1,5.169008,16.221723,1,1,1,2162.9566,1333370.4,1900.8763,1081.4783,819.39803
2025-03-11_91282CMS7_post,2025-03-11_91282CMS7,post,DGS3,3,2025-03-11,2025-03-18,1,0.0025,5,1,5.2628911,2.8045001,1,1,1,2124.3723,7574869.7,-19433.609,1062.1861,-20495.795
2025-03-18_912810UJ5_pre,2025-03-18_912810UJ5,pre,DGS20,20,2025-03-11,2025-03-18,-1,0.0025,5,1,5.3609543,12.951646,1,1,1,2085.513,1610230.1,-4335.8106,1042.7565,-5378.5671
2025-03-12_91282CMM0_post,2025-03-12_91282CMM0,post,DGS10,10,2025-03-12,2025-03-19,1,0.0025,5,1,5.5447843,8.0508731,0.5,1,1,1008.1853,1252268.3,7095.9087,504.09264,6591.8161
2025-03-13_912810UG1_post,2025-03-13_912810UG1,post,DGS30,30,2025-03-13,2025-03-20,1,0.0025,5,1,5.1731598,16.202782,0.5,1,1,1080.6103,666928.91,4390.4694,540.30517,3850.1643
2025-03-18_912810UJ5_post,2025-03-18_912810UJ5,post,DGS20,20,2025-03-18,2025-03-25,1,0.0025,5,1,5.246037,12.973817,0.5,1,1,1065.5987,821345.53,-6280.2996,532.79933,-6813.0989
2025-03-25_91282CMV0_pre,2025-03-25_91282CMV0,pre,DGS2,2,2025-03-18,2025-03-25,-1,0.0025,5,1,4.9420083,1.9029407,0.5,1,1,1131.1535,5944239.3,-8795.4671,565.57674,-9361.0438
2025-03-26_91282CMU2_pre,2025-03-26_91282CMU2,pre,DGS5,5,2025-03-19,2025-03-26,-1,0.0025,5,1,5.6850234,4.4877697,1,1,1,1966.6304,4382199.9,9951.474,983.3152,8968.1588
2025-03-27_91282CMT5_pre,2025-03-27_91282CMT5,pre,DGS7,7,2025-03-20,2025-03-27,-1,0.0025,5,1,5.66611,6.027642,1,1,1,1973.195,3273577,21649.074,986.5975,20662.476
2025-03-25_91282CMV0_post,2025-03-25_91282CMV0,post,DGS2,2,2025-03-25,2025-04-01,1,0.0025,5,1,4.9891124,1.9047887,1,1,1,2240.9477,11764810,19456.25,1120.4738,18335.776
2025-03-26_91282CMU2_post,2025-03-26_91282CMU2,post,DGS5,5,2025-03-26,2025-04-02,1,0.0025,5,1,5.6965397,4.4819075,1,1,1,1962.6546,4379061,25380.179,981.3273,24398.852
2025-03-27_91282CMT5_post,2025-03-27_91282CMT5,post,DGS7,7,2025-03-27,2025-04-03,1,0.0025,5,1,5.694159,6.00442,1,1,1,1963.4752,3270049.7,69229.389,981.7376,68247.651
2025-04-08_91282CMW8_pre,2025-04-08_91282CMW8,pre,DGS3,3,2025-04-01,2025-04-08,-1,0.0025,5,1,5.2615222,2.8078181,1,1,1,2124.925,7567887,-29163.439,1062.4625,-30225.902
2025-04-09_91282CMM0_pre,2025-04-09_91282CMM0,pre,DGS10,10,2025-04-02,2025-04-09,-1,0.0025,5,1,5.4308961,8.0973647,1,1,1,2058.6547,2542376.2,28467.455,1029.3274,27438.127
2025-04-10_912810UG1_pre,2025-04-10_912810UG1,pre,DGS30,30,2025-04-03,2025-04-10,-1,0.0025,5,1,5.1732417,16.393724,1,1,1,2161.1865,1318301.1,77291.114,1080.5932,76210.521
2025-04-08_91282CMW8_post,2025-04-08_91282CMW8,post,DGS3,3,2025-04-08,2025-04-15,1,0.0025,5,1,5.9503359,2.8144722,1,1,1,1878.9427,6676003.7,-26635.943,939.47133,-27575.414
2025-04-09_91282CMM0_post,2025-04-09_91282CMM0,post,DGS10,10,2025-04-09,2025-04-16,1,0.0025,5,1,6.0557439,8.043162,1,1,1,1846.2372,2295412.2,9402.2485,923.11862,8479.1298
2025-04-16_912810UJ5_pre,2025-04-16_912810UJ5,pre,DGS20,20,2025-04-09,2025-04-16,-1,0.0025,5,1,6.1049207,12.787135,1,1,1,1831.3653,1432193.6,-2161.8262,915.68265,-3077.5089
2025-04-10_912810UG1_post,2025-04-10_912810UG1,post,DGS30,30,2025-04-10,2025-04-17,1,0.0025,5,1,5.9355055,15.703839,1,1,1,1883.6373,1199475.7,11560.57,941.81867,10618.751
2025-04-22_91282CMY4_pre,2025-04-22_91282CMY4,pre,DGS2,2,2025-04-14,2025-04-22,-1,0.0025,5,1,6.2422607,1.9075662,1,1,1,1791.0722,9389305.6,-13351.504,895.53612,-14247.04
2025-04-23_91282CMZ1_pre,2025-04-23_91282CMZ1,pre,DGS5,5,2025-04-15,2025-04-23,-1,0.0025,5,1,6.8050123,4.4936433,1,1,1,1642.9566,3656179.4,3508.5516,821.4783,2687.0733
2025-04-16_912810UJ5_post,2025-04-16_912810UJ5,post,DGS20,20,2025-04-16,2025-04-24,1,0.0025,5,1,6.2077726,12.798006,1,1,1,1801.0228,1407268.3,-3231.1359,900.51139,-4131.6473
2025-04-24_91282CNA5_pre,2025-04-24_91282CNA5,pre,DGS7,7,2025-04-16,2025-04-24,-1,0.0025,5,1,6.7775593,6.0361188,1,1,1,1649.6115,2732901,4964.1658,824.80575,4139.3601
2025-04-22_91282CMY4_post,2025-04-22_91282CMY4,post,DGS2,2,2025-04-22,2025-04-29,1,0.0025,5,1,6.4773399,1.9094215,1,1,1,1726.0697,9039751.8,18089.435,863.03483,17226.401
2025-04-23_91282CMZ1_post,2025-04-23_91282CMZ1,post,DGS5,5,2025-04-23,2025-04-30,1,0.0025,5,1,6.8609062,4.4912925,1,1,1,1629.5719,3628291.6,45543.34,814.78595,44728.554
2025-04-24_91282CNA5_post,2025-04-24_91282CNA5,post,DGS7,7,2025-04-24,2025-05-01,1,0.0025,5,1,6.7675489,6.0297596,1,1,1,1652.0516,2739830,14814.951,826.0258,13988.925
2025-05-05_91282CND9_pre,2025-05-05_91282CND9,pre,DGS3,3,2025-04-28,2025-05-05,-1,0.0025,5,1,6.5660271,2.8163778,1,1,1,1702.7557,6045906.5,19260.993,851.37784,18409.616
2025-05-06_91282CNC1_pre,2025-05-06_91282CNC1,pre,DGS10,10,2025-04-29,2025-05-06,-1,0.0025,5,1,6.3258728,8.1012565,1,1,1,1767.3988,2181635.4,19298.981,883.69939,18415.282
2025-05-08_912810UK2_pre,2025-05-08_912810UK2,pre,DGS30,30,2025-05-01,2025-05-08,-1,0.0025,5,1,6.2150492,15.922653,0.5,1,1,899.45707,564891.47,7946.7488,449.72854,7497.0202
2025-05-05_91282CND9_post,2025-05-05_91282CND9,post,DGS3,3,2025-05-05,2025-05-12,1,0.0025,5,1,7.0400589,2.8111421,0.5,1,1,794.05159,2824658.3,-15256.229,397.02579,-15653.255
2025-05-06_91282CNC1_post,2025-05-06_91282CNC1,post,DGS10,10,2025-05-06,2025-05-13,1,0.0025,5,1,6.3641608,8.0585948,0.5,1,1,878.38289,1089995.1,-16545.852,439.19145,-16985.044
2025-05-08_912810UK2_post,2025-05-08_912810UK2,post,DGS30,30,2025-05-08,2025-05-15,1,0.0025,5,1,6.1882886,15.758109,1,1,1,1806.6934,1146516.6,-14153.662,903.34668,-15057.008
2025-05-21_912810UL0_pre,2025-05-21_912810UL0,pre,DGS20,20,2025-05-14,2025-05-21,-1,0.0025,5,1,6.1063087,12.551388,1,1,1,1830.949,1458762.2,14301.89,915.47451,13386.415
2025-05-27_91282CNE7_pre,2025-05-27_91282CNE7,pre,DGS2,2,2025-05-19,2025-05-27,-1,0.0025,5,1,7.0169287,1.9045576,1,1,1,1593.3381,8365922.5,-7374.9616,796.66906,-8171.6306
2025-05-28_91282CNG2_pre,2025-05-28_91282CNG2,pre,DGS5,5,2025-05-20,2025-05-28,-1,0.0025,5,1,7.0794323,4.483079,1,1,1,1579.2707,3522736.7,-3017.4229,789.63534,-3807.0583
2025-05-21_912810UL0_post,2025-05-21_912810UL0,post,DGS20,20,2025-05-21,2025-05-29,1,0.0025,5,1,6.007058,12.467257,1,1,1,1861.2006,1492870.9,26534.549,930.6003,25603.948
2025-05-29_91282CNF4_pre,2025-05-29_91282CNF4,pre,DGS7,7,2025-05-21,2025-05-29,-1,0.0025,5,1,6.9728084,5.9750525,1,1,1,1603.4199,2683524.4,-27367.192,801.70996,-28168.902
2025-05-27_91282CNE7_post,2025-05-27_91282CNE7,post,DGS2,2,2025-05-27,2025-06-03,1,0.0025,5,1,6.8496979,1.9057138,1,1,1,1632.2384,8564971,-7096.5748,816.11919,-7912.694
2025-05-28_91282CNG2_post,2025-05-28_91282CNG2,post,DGS5,5,2025-05-28,2025-06-04,1,0.0025,5,1,6.9586957,4.4854235,1,1,1,1606.6718,3581984.6,19151.48,803.33588,18348.144
2025-05-29_91282CNF4_post,2025-05-29_91282CNF4,post,DGS7,7,2025-05-29,2025-06-05,1,0.0025,5,1,6.9204316,6.0107403,1,1,1,1615.5553,2687780.9,3216.6506,807.77765,2408.873
2025-06-10_91282CNH0_pre,2025-06-10_91282CNH0,pre,DGS3,3,2025-06-03,2025-06-10,-1,0.0025,5,1,7.0592929,2.8040266,1,1,1,1583.7762,5648221,3488.2725,791.88809,2696.3844
2025-06-11_91282CNC1_pre,2025-06-11_91282CNC1,pre,DGS10,10,2025-06-04,2025-06-11,-1,0.0025,5,1,6.2609001,8.0316154,1,1,1,1785.74,2223388.4,6991.5871,892.87001,6098.7171
2025-06-12_912810UK2_pre,2025-06-12_912810UK2,pre,DGS30,30,2025-06-05,2025-06-12,-1,0.0025,5,1,5.9895153,15.667818,1,1,1,1866.6519,1191392.4,-7777.8325,933.32593,-8711.1584
2025-06-16_912810UL0_pre,2025-06-16_912810UL0,pre,DGS20,20,2025-06-09,2025-06-16,-1,0.0025,5,1,6.0798825,12.572552,1,1,1,1838.9072,1462636.4,-2111.7055,919.45361,-3031.1591
2025-06-10_91282CNH0_post,2025-06-10_91282CNH0,post,DGS3,3,2025-06-10,2025-06-17,1,0.0025,5,1,7.1821341,2.8030799,1,1,1,1556.6877,5553490.3,7382.0707,778.34385,6603.7268
2025-06-11_91282CNC1_post,2025-06-11_91282CNC1,post,DGS10,10,2025-06-11,2025-06-18,1,0.0025,5,1,6.2946484,8.0162572,0.5,1,1,888.08295,1107852.4,2716.4465,444.04147,2272.4051
2025-06-12_912810UK2_post,2025-06-12_912810UK2,post,DGS30,30,2025-06-12,2025-06-20,1,0.0025,5,1,6.0295646,15.739987,0.5,1,1,927.12663,589026.29,-4473.7772,463.56332,-4937.3405
2025-06-16_912810UL0_post,2025-06-16_912810UL0,post,DGS20,20,2025-06-16,2025-06-24,1,0.0025,5,1,6.1762027,12.583154,0.5,1,1,905.11439,719306.47,12878.487,452.55719,12425.93
2025-06-24_91282CNL1_pre,2025-06-24_91282CNL1,pre,DGS2,2,2025-06-16,2025-06-24,-1,0.0025,5,1,6.9267964,1.9045576,0.5,1,1,807.0354,4237390.4,-17429.735,403.5177,-17833.252
2025-06-25_91282CNK3_pre,2025-06-25_91282CNK3,pre,DGS5,5,2025-06-17,2025-06-25,-1,0.0025,5,1,7.0816665,4.4924677,0.5,1,1,789.38622,1757132.8,-12536.681,394.69311,-12931.374
2025-06-26_91282CNJ6_pre,2025-06-26_91282CNJ6,pre,DGS7,7,2025-06-18,2025-06-26,-1,0.0025,5,1,7.1123947,6.0170704,1,1,1,1571.9516,2612486.6,-26740.331,785.97578,-27526.306
2025-06-24_91282CNL1_post,2025-06-24_91282CNL1,post,DGS2,2,2025-06-24,2025-07-01,1,0.0025,5,1,6.7707413,1.9096536,1,1,1,1651.2726,8646974.6,-5789.6596,825.63632,-6615.2959
2025-06-25_91282CNK3_post,2025-06-25_91282CNK3,post,DGS5,5,2025-06-25,2025-07-02,1,0.0025,5,1,7.0616934,4.5113323,1,1,1,1583.2378,3509468.3,-6603.1894,791.61889,-7394.8083
2025-06-26_91282CNJ6_post,2025-06-26_91282CNJ6,post,DGS7,7,2025-06-26,2025-07-03,1,0.0025,5,1,6.8586207,6.0531244,1,1,1,1630.1149,2693014.1,-19610.843,815.05746,-20425.9
2025-07-08_91282CNM9_pre,2025-07-08_91282CNM9,pre,DGS3,3,2025-06-30,2025-07-08,-1,0.0025,5,1,7.0976044,2.8159012,1,1,1,1575.2272,5594043,28865.371,787.61362,28077.757
2025-07-09_91282CNC1_pre,2025-07-09_91282CNC1,pre,DGS10,10,2025-07-01,2025-07-09,-1,0.0025,5,1,6.188745,8.0740705,1,1,1,1806.5601,2237483.7,14335.369,903.28005,13432.089
2025-07-10_912810UK2_pre,2025-07-10_912810UK2,pre,DGS30,30,2025-07-02,2025-07-10,-1,0.0025,5,1,6.0098554,15.776263,1,1,1,1860.3343,1179198.3,7166.134,930.16713,6235.9668
2025-07-08_91282CNM9_post,2025-07-08_91282CNM9,post,DGS3,3,2025-07-08,2025-07-15,1,0.0025,5,1,6.6290748,2.8073437,1,1,1,1686.5611,6007676,-12286.312,843.28056,-13129.593
2025-07-09_91282CNC1_post,2025-07-09_91282CNC1,post,DGS10,10,2025-07-09,2025-07-16,1,0.0025,5,1,5.4164428,8.043162,1,1,1,2064.148,2566339,-24572.908,1032.074,-25604.982
2025-07-10_912810UK2_post,2025-07-10_912810UK2,post,DGS30,30,2025-07-10,2025-07-17,1,0.0025,5,1,5.1205524,15.703839,1,1,1,2183.4246,1390376.3,-32151.71,1091.7123,-33243.422
2025-07-23_912810UL0_pre,2025-07-23_912810UL0,pre,DGS20,20,2025-07-16,2025-07-23,-1,0.0025,5,1,5.1627468,12.540825,1,1,1,2165.5797,1726823.9,-17656.297,1082.7899,-18739.087
2025-07-28_91282CNN7_pre,2025-07-28_91282CNN7,pre,DGS5,5,2025-07-21,2025-07-28,-1,0.0025,5,1,5.6597498,4.5018854,1,1,1,1975.4124,4387966.8,10138.211,987.70619,9150.5047
2025-07-28_91282CNP2_pre,2025-07-28_91282CNP2,pre,DGS2,2,2025-07-21,2025-07-28,-1,0.0025,5,1,5.3923989,1.9073345,1,1,1,2073.3518,10870415,13244.929,1036.6759,12208.253
2025-07-29_91282CNR8_pre,2025-07-29_91282CNR8,pre,DGS7,7,2025-07-22,2025-07-29,-1,0.0025,5,1,5.5938576,6.0339979,1,1,1,1998.6815,3312366.9,2037.6212,999.34077,1038.2804
2025-07-23_912810UL0_post,2025-07-23_912810UL0,post,DGS20,20,2025-07-23,2025-07-30,1,0.0025,5,1,4.8380262,12.625695,0.5,1,1,1155.465,915169.46,3637.3395,577.7325,3059.6069
2025-07-28_91282CNN7_post,2025-07-28_91282CNN7,post,DGS5,5,2025-07-28,2025-08-04,1,0.0025,5,1,5.5549642,4.4959959,0.5,1,1,1006.3377,2238297.7,21070.717,503.16886,20567.548
2025-07-28_91282CNP2_post,2025-07-28_91282CNP2,post,DGS2,2,2025-07-28,2025-08-04,1,0.0025,5,1,5.2894736,1.9059452,0.5,1,1,1056.8481,5545007.5,22830.905,528.42403,22302.481
2025-07-29_91282CNR8_post,2025-07-29_91282CNR8,post,DGS7,7,2025-07-29,2025-08-05,1,0.0025,5,1,5.4471005,6.0318782,0.5,1,1,1026.2652,1701402.5,13355.135,513.13262,12842.002
2025-08-05_91282CNU1_pre,2025-08-05_91282CNU1,pre,DGS3,3,2025-07-29,2025-08-05,-1,0.0025,5,1,5.4663583,2.8092419,0.5,1,1,1022.6497,3640305,-19147.962,511.32487,-19659.287
2025-08-06_91282CNT4_pre,2025-08-06_91282CNT4,pre,DGS10,10,2025-07-30,2025-08-06,-1,0.0025,5,1,5.1447686,8.0277718,1,1,1,2173.1473,2707036.7,-35013.158,1086.5736,-36099.732
2025-08-07_912810UM8_pre,2025-08-07_912810UM8,pre,DGS30,30,2025-07-31,2025-08-07,-1,0.0025,5,1,4.9614332,15.649855,1,1,1,2253.4497,1439917.3,-18371.226,1126.7248,-19497.951
2025-08-05_91282CNU1_post,2025-08-05_91282CNU1,post,DGS3,3,2025-08-05,2025-08-12,1,0.0025,5,1,5.8271719,2.8182854,1,1,1,1918.6563,6807885,-12142.993,959.32814,-13102.321
2025-08-06_91282CNT4_post,2025-08-06_91282CNT4,post,DGS10,10,2025-08-06,2025-08-13,1,0.0025,5,1,5.0877886,8.0895892,1,1,1,2197.4851,2716436,-4328.9924,1098.7426,-5427.735
2025-08-07_912810UM8_post,2025-08-07_912810UM8,post,DGS30,30,2025-08-07,2025-08-14,1,0.0025,5,1,4.9743977,15.794449,1,1,1,2247.5766,1423016.8,-15385.346,1123.7883,-16509.134
2025-08-20_912810UN6_pre,2025-08-20_912810UN6,pre,DGS20,20,2025-08-13,2025-08-20,-1,0.0025,5,1,4.6784758,12.754603,1,1,1,2389.7398,1873629.3,11598.434,1194.8699,10403.564
2025-08-26_91282CNV9_pre,2025-08-26_91282CNV9,pre,DGS2,2,2025-08-19,2025-08-26,-1,0.0025,5,1,5.5512761,1.9096536,1,1,1,2014.0126,10546481,-27391.018,1007.0063,-28398.025
2025-08-20_912810UN6_post,2025-08-20_912810UN6,post,DGS20,20,2025-08-20,2025-08-27,1,0.0025,5,1,4.6354078,12.700656,1,1,1,2411.9431,1899069.8,-2118.9424,1205.9715,-3324.914
2025-08-27_91282CNX5_pre,2025-08-27_91282CNX5,pre,DGS5,5,2025-08-20,2025-08-27,-1,0.0025,5,1,5.2641791,4.5136986,1,1,1,2123.8525,4705348.5,-25255.504,1061.9262,-26317.431
2025-08-28_91282CNW7_pre,2025-08-28_91282CNW7,pre,DGS7,7,2025-08-21,2025-08-28,-1,0.0025,5,1,5.0971079,6.0382407,1,1,1,2193.4674,3632626.6,-32923.832,1096.7337,-34020.566
2025-08-26_91282CNV9_post,2025-08-26_91282CNV9,post,DGS2,2,2025-08-26,2025-09-03,1,0.0025,5,1,5.6762714,1.912908,1,1,1,1969.6627,10296693,-1041.1925,984.83134,-2026.0239
2025-08-27_91282CNX5_post,2025-08-27_91282CNX5,post,DGS5,5,2025-08-27,2025-09-04,1,0.0025,5,1,5.4331843,4.5279349,1,1,1,2057.7877,4544649.5,7875.3312,1028.8939,6846.4374
2025-08-28_91282CNW7_post,2025-08-28_91282CNW7,post,DGS7,7,2025-08-28,2025-09-05,1,0.0025,5,1,5.0804544,6.0701997,1,1,1,2200.6575,3625346,26395.766,1100.3287,25295.437
2025-09-09_91282CNY3_pre,2025-09-09_91282CNY3,pre,DGS3,3,2025-09-02,2025-09-09,-1,0.0025,5,1,5.3721399,2.8182854,1,1,1,2081.1707,7384527.7,-30565.611,1040.5853,-31606.197
2025-09-10_91282CNT4_pre,2025-09-10_91282CNT4,pre,DGS10,10,2025-09-03,2025-09-10,-1,0.0025,5,1,4.5540074,8.0895892,1,1,1,2455.0553,3034833.1,-44510.353,1227.5276,-45737.88
2025-09-11_912810UM8_pre,2025-09-11_912810UM8,pre,DGS30,30,2025-09-04,2025-09-11,-1,0.0025,5,1,4.2589553,15.703839,1,1,1,2625.1367,1671652.8,-56315.463,1312.5683,-57628.032
2025-09-09_91282CNY3_post,2025-09-09_91282CNY3,post,DGS3,3,2025-09-09,2025-09-16,1,0.0025,5,1,5.1298396,2.8254566,1,1,1,2179.4716,7713697.1,1482.3639,1089.7358,392.62807
2025-09-16_912810UN6_pre,2025-09-16_912810UN6,pre,DGS20,20,2025-09-09,2025-09-16,-1,0.0025,5,1,4.5266318,12.896464,1,1,1,2469.9027,1915178.2,-17631.733,1234.9513,-18866.685
2025-09-10_91282CNT4_post,2025-09-10_91282CNT4,post,DGS10,10,2025-09-10,2025-09-17,1,0.0025,5,1,4.447306,8.159959,0.5,1,1,1256.9789,1540423.1,-2478.2461,628.48946,-3106.7356
2025-09-11_912810UM8_post,2025-09-11_912810UM8,post,DGS30,30,2025-09-11,2025-09-18,1,0.0025,5,1,4.4065629,16.089835,0.5,1,1,1268.601,788448.69,-8702.1342,634.30048,-9336.4347
2025-09-16_912810UN6_post,2025-09-16_912810UN6,post,DGS20,20,2025-09-16,2025-09-23,1,0.0025,5,1,4.2917606,12.973817,0.5,1,1,1302.5354,1003972.4,-11500.974,651.26768,-12152.242
2025-09-23_91282CPB1_pre,2025-09-23_91282CPB1,pre,DGS2,2,2025-09-16,2025-09-23,-1,0.0025,5,1,5.5743561,1.915238,0.5,1,1,1002.8369,5236095.3,2344.0485,501.41844,1842.63
2025-09-24_91282CPA3_pre,2025-09-24_91282CPA3,pre,DGS5,5,2025-09-17,2025-09-24,-1,0.0025,5,1,4.8715419,4.53627,1,1,1,2295.031,5059291.1,18542.291,1147.5155,17394.775
2025-09-25_91282CNZ0_pre,2025-09-25_91282CNZ0,pre,DGS7,7,2025-09-18,2025-09-25,-1,0.0025,5,1,4.6885785,6.0830522,1,1,1,2384.5905,3920056,19047.072,1192.2953,17854.777
2025-09-23_91282CPB1_post,2025-09-23_91282CPB1,post,DGS2,2,2025-09-23,2025-09-30,1,0.0025,5,1,5.4611882,1.9147717,1,1,1,2047.2358,10691801,-14897.791,1023.6179,-15921.409
2025-09-24_91282CPA3_post,2025-09-24_91282CPA3,post,DGS5,5,2025-09-24,2025-10-01,1,0.0025,5,1,4.8384933,4.526746,1,1,1,2310.7069,5104565,4479.1925,1155.3535,3323.839
2025-09-25_91282CNZ0_post,2025-09-25_91282CNZ0,post,DGS7,7,2025-09-25,2025-10-02,1,0.0025,5,1,4.6798945,6.0659243,1,1,1,2389.0154,3938419.3,19170.507,1194.5077,17975.999
2025-10-07_91282CPC9_pre,2025-10-07_91282CPC9,pre,DGS3,3,2025-09-30,2025-10-07,-1,0.0025,5,1,4.8949126,2.8192399,1,1,1,2284.0734,8101734.9,-10977.292,1142.0367,-12119.328
2025-10-08_91282CNT4_pre,2025-10-08_91282CNT4,pre,DGS10,10,2025-10-01,2025-10-08,-1,0.0025,5,1,4.2673375,8.1285749,1,1,1,2619.9802,3223172.9,2436.4732,1309.9901,1126.4831
2025-10-09_912810UM8_pre,2025-10-09_912810UM8,pre,DGS30,30,2025-10-02,2025-10-09,-1,0.0025,5,1,4.1862028,16.015203,1,1,1,2670.7593,1667640,7680.2441,1335.3796,6344.8645
2025-10-07_91282CPC9_post,2025-10-07_91282CPC9,post,DGS3,3,2025-10-07,2025-10-15,1,0.0025,5,1,4.885439,2.8216285,1,1,1,2288.5026,8110573.9,10799.032,1144.2513,9654.7809
2025-10-08_91282CNT4_post,2025-10-08_91282CNT4,post,DGS10,10,2025-10-08,2025-10-16,1,0.0025,5,1,4.1312848,8.1246641,1,1,1,2706.2622,3330921.9,38209.21,1353.1311,36856.079
2025-10-09_912810UM8_post,2025-10-09_912810UM8,post,DGS30,30,2025-10-09,2025-10-17,1,0.0025,5,1,3.9251111,15.959575,1,1,1,2848.4136,1784767.9,34911.751,1424.2068,33487.544
2025-10-22_912810UN6_pre,2025-10-22_912810UN6,pre,DGS20,20,2025-10-15,2025-10-22,-1,0.0025,5,1,4.099056,12.973817,1,1,1,2727.5402,2102342.1,-24965.773,1363.7701,-26329.543
2025-10-27_91282CPD7_pre,2025-10-27_91282CPD7,pre,DGS5,5,2025-10-20,2025-10-27,-1,0.0025,5,1,4.6986896,4.5410431,1,1,1,2379.4592,5239895.6,7352.7559,1189.7296,6163.0263
2025-10-27_91282CPE5_pre,2025-10-27_91282CPE5,pre,DGS2,2,2025-10-20,2025-10-27,-1,0.0025,5,1,5.5243682,1.9164047,1,1,1,2023.8224,10560516,4748.286,1011.9112,3736.3748
2025-10-28_91282CPF2_pre,2025-10-28_91282CPF2,pre,DGS7,7,2025-10-21,2025-10-28,-1,0.0025,5,1,4.5342077,6.108876,1,1,1,2465.7759,4036382.3,7406.3623,1232.8879,6173.4744
2025-10-22_912810UN6_post,2025-10-22_912810UN6,post,DGS20,20,2025-10-22,2025-10-29,1,0.0025,5,1,4.0581577,13.07428,0.5,1,1,1377.5142,1053606.1,-9435.7153,688.75711,-10124.472
2025-10-27_91282CPD7_post,2025-10-27_91282CPD7,post,DGS5,5,2025-10-27,2025-11-03,1,0.0025,5,1,4.5744006,4.5374626,0.5,1,1,1222.0552,2693256.8,-13446.314,611.02758,-14057.342
2025-10-27_91282CPE5_post,2025-10-27_91282CPE5,post,DGS2,2,2025-10-27,2025-11-03,1,0.0025,5,1,5.3784462,1.9159379,0.5,1,1,1039.3652,5424837.7,-12652.614,519.68261,-13172.296
2025-10-28_91282CPF2_post,2025-10-28_91282CPF2,post,DGS7,7,2025-10-28,2025-11-04,1,0.0025,5,1,4.4083575,6.1024051,0.5,1,1,1268.0845,2078007.8,-13857.472,634.04226,-14491.514
2025-11-10_91282CPK1_pre,2025-11-10_91282CPK1,pre,DGS3,3,2025-11-03,2025-11-10,-1,0.0025,5,1,4.1473904,2.8192399,1,1,1,2695.7529,9561984.7,-13074.945,1347.8765,-14422.821
2025-11-12_91282CPJ4_pre,2025-11-12_91282CPJ4,pre,DGS10,10,2025-11-04,2025-11-12,-1,0.0025,5,1,3.7604844,8.1364046,1,1,1,2973.1116,3654085.3,-6266.6563,1486.5558,-7753.2121
2025-11-13_912810UP1_pre,2025-11-13_912810UP1,pre,DGS30,30,2025-11-05,2025-11-13,-1,0.0025,5,1,3.7565762,15.922653,1,1,1,2976.2048,1869163.9,-12377.337,1488.1024,-13865.44
2025-11-10_91282CPK1_post,2025-11-10_91282CPK1,post,DGS3,3,2025-11-10,2025-11-18,1,0.0025,5,1,4.2189711,2.8216285,1,1,1,2650.0157,9391795.4,-5797.5645,1325.0079,-7122.5724
2025-11-12_91282CPJ4_post,2025-11-12_91282CPJ4,post,DGS10,10,2025-11-12,2025-11-19,1,0.0025,5,1,3.8172963,8.1442451,1,1,1,2928.8635,3596236.9,-14412.985,1464.4317,-15877.417
2025-11-19_912810UQ9_pre,2025-11-19_912810UQ9,pre,DGS20,20,2025-11-12,2025-11-19,-1,0.0025,5,1,3.7915681,12.929532,1,1,1,2948.7377,2280622.2,17223.525,1474.3689,15749.156
2025-11-13_912810UP1_post,2025-11-13_912810UP1,post,DGS30,30,2025-11-13,2025-11-20,1,0.0025,5,1,3.7655516,15.996627,1,1,1,2969.1108,1856085.5,-8537.6682,1484.5554,-10022.224
2025-11-24_91282CPL9_pre,2025-11-24_91282CPL9,pre,DGS2,2,2025-11-17,2025-11-24,-1,0.0025,5,1,4.5550928,1.9131408,1,1,1,2454.4703,12829533,-33698.612,1227.2351,-34925.847
2025-11-25_91282CPN5_pre,2025-11-25_91282CPN5,pre,DGS5,5,2025-11-18,2025-11-25,-1,0.0025,5,1,4.2138794,4.526746,1,1,1,2653.2178,5861203.2,-39719.939,1326.6089,-41046.548
2025-11-19_912810UQ9_post,2025-11-19_912810UQ9,post,DGS20,20,2025-11-19,2025-11-26,1,0.0025,5,1,3.7915681,12.86352,1,1,1,2948.7377,2292325.6,32994.382,1474.3689,31520.013
2025-11-26_91282CPM7_pre,2025-11-26_91282CPM7,pre,DGS7,7,2025-11-19,2025-11-26,-1,0.0025,5,1,4.1591231,6.0744795,1,1,1,2688.1483,4425314.7,-40465.064,1344.0742,-41809.138
2025-11-24_91282CPL9_post,2025-11-24_91282CPL9,post,DGS2,2,2025-11-24,2025-12-02,1,0.0025,5,1,3.9964674,1.9164047,1,1,1,2797.5557,14597938,-14855.736,1398.7778,-16254.514
2025-11-25_91282CPN5_post,2025-11-25_91282CPN5,post,DGS5,5,2025-11-25,2025-12-03,1,0.0025,5,1,3.8990076,4.5446277,1,1,1,2867.4835,6309611.4,-20211.6,1433.7418,-21645.341
2025-11-26_91282CPM7_post,2025-11-26_91282CPM7,post,DGS7,7,2025-11-26,2025-12-04,1,0.0025,5,1,4.0195497,6.1067179,1,1,1,2781.4907,4554804.6,-33181.961,1390.7453,-34572.706
2025-12-08_91282CPP0_pre,2025-12-08_91282CPP0,pre,DGS3,3,2025-12-01,2025-12-08,-1,0.0025,5,1,3.7658891,2.8221065,1,1,0.43133687,1280.5722,4537646.5,5212.6514,640.28609,4572.3653
2025-12-09_91282CPJ4_pre,2025-12-09_91282CPJ4,pre,DGS10,10,2025-12-02,2025-12-09,-1,0.0025,5,1,3.7330029,8.1403235,1,1,1,2994.999,3679213.7,26535.29,1497.4995,25037.791
2025-12-11_912810UP1_pre,2025-12-11_912810UP1,pre,DGS30,30,2025-12-04,2025-12-11,-1,0.0025,5,1,3.5237291,15.885861,0.5,1,1,1586.4358,998646.38,4521.006,793.2179,3727.7881
2025-12-08_91282CPP0_post,2025-12-08_91282CPP0,post,DGS3,3,2025-12-08,2025-12-15,1,0.0025,5,1,3.788885,2.820195,0.5,1,1,1475.4129,5231599,4391.5791,737.70646,3653.8726
2025-12-09_91282CPJ4_post,2025-12-09_91282CPJ4,post,DGS10,10,2025-12-09,2025-12-16,1,0.0025,5,1,3.5658059,8.105151,0.5,1,1,1567.7157,1934221.5,4934.661,783.85786,4150.8031
2025-12-17_912810UQ9_pre,2025-12-17_912810UQ9,pre,DGS20,20,2025-12-10,2025-12-17,-1,0.0025,5,1,3.3992355,12.830701,1,1,1,3289.0748,2563441.1,12468.44,1644.5374,10823.903
2025-12-11_912810UP1_post,2025-12-11_912810UP1,post,DGS30,30,2025-12-11,2025-12-18,1,0.0025,5,1,3.2789346,15.830917,1,1,1,3409.7477,2153853.6,-2802.9945,1704.8739,-4507.8684
2025-12-22_91282CPS4_pre,2025-12-22_91282CPS4,pre,DGS2,2,2025-12-15,2025-12-22,-1,0.0025,5,1,3.9423458,1.915238,1,1,1,2835.9612,14807357,-19548.41,1417.9806,-20966.391
2025-12-23_91282CPR6_pre,2025-12-23_91282CPR6,pre,DGS5,5,2025-12-16,2025-12-23,-1,0.0025,5,1,4.0567653,4.5279349,1,1,1,2755.9741,6086602.7,8110.7042,1377.987,6732.7171
2025-12-17_912810UQ9_post,2025-12-17_912810UQ9,post,DGS20,20,2025-12-17,2025-12-24,1,0.0025,5,1,3.4337557,12.787135,1,1,0.9574474,3117.4575,2437964,9957.0528,1558.7287,8398.3241
2025-12-24_91282CPQ8_pre,2025-12-24_91282CPQ8,pre,DGS7,7,2025-12-17,2025-12-24,-1,0.0025,5,1,3.9050887,6.0723391,1,1,0.9574474,2741.1893,4514223.1,-310.17577,1370.5947,-1680.7704
2025-12-22_91282CPS4_post,2025-12-22_91282CPS4,post,DGS2,2,2025-12-22,2025-12-30,1,0.0025,5,1,3.7610478,1.9168717,1,1,1,2972.6663,15507904,-3450.2147,1486.3331,-4936.5479
2025-12-23_91282CPR6_post,2025-12-23_91282CPR6,post,DGS5,5,2025-12-23,2025-12-31,1,0.0025,5,1,4.0651127,4.5243696,1,1,1,2750.3149,6078890.8,-2627.4481,1375.1574,-4002.6056
2025-12-24_91282CPQ8_post,2025-12-24_91282CPQ8,post,DGS7,7,2025-12-24,2026-01-02,1,0.0025,5,1,3.8969784,6.0723391,1,1,1,2868.9766,4724664.7,-11105.687,1434.4883,-12540.175
2026-01-12_91282CPJ4_pre,2026-01-12_91282CPJ4,pre,DGS10,10,2026-01-05,2026-01-12,-1,0.0025,5,1,3.4967297,8.1090482,1,1,1,3197.3704,3942966.3,5906.9384,1598.6852,4308.2532
2026-01-12_91282CPT2_pre,2026-01-12_91282CPT2,pre,DGS3,3,2026-01-05,2026-01-12,-1,0.0025,5,1,3.7319812,2.8230631,1,1,1,2995.8189,10611945,17932.819,1497.9095,16434.909
2026-01-13_912810UP1_pre,2026-01-13_912810UP1,pre,DGS30,30,2026-01-06,2026-01-13,-1,0.0025,5,1,3.1018037,15.703839,1,1,1,3604.464,2295275.7,-11453.841,1802.232,-13256.073
2026-01-12_91282CPJ4_post,2026-01-12_91282CPJ4,post,DGS10,10,2026-01-12,2026-01-20,1,0.0025,5,1,3.2578025,8.1012565,1,1,1,3431.8655,4236213.9,-36996.188,1715.9328,-38712.121
2026-01-12_91282CPT2_post,2026-01-12_91282CPT2,post,DGS3,3,2026-01-12,2026-01-20,1,0.0025,5,1,3.5083033,2.820195,1,1,1,3186.8225,11300008,-28542.676,1593.4112,-30136.087
2026-01-13_912810UP1_post,2026-01-13_912810UP1,post,DGS30,30,2026-01-13,2026-01-21,1,0.0025,5,1,2.9275141,15.758109,1,1,1,3819.0558,2423549.5,-14354.396,1909.5279,-16263.924
2026-01-21_912810UQ9_pre,2026-01-21_912810UQ9,pre,DGS20,20,2026-01-13,2026-01-21,-1,0.0025,5,1,3.1217752,12.798006,1,1,1,3581.4046,2798408.3,16953.808,1790.7023,15163.106
2026-01-26_91282CGH8_pre,2026-01-26_91282CGH8,pre,DGS5,5,2026-01-16,2026-01-26,-1,0.0025,5,1,3.5951945,4.5125152,1,1,1,3109.8011,6891502.7,-432.52535,1554.9005,-1987.4259
2026-01-27_91282CPW5_pre,2026-01-27_91282CPW5,pre,DGS5,5,2026-01-20,2026-01-27,-1,0.0025,5,1,3.6415679,4.5077863,1,1,1,3070.1995,6810880.7,-15632.756,1535.0997,-17167.856
2026-01-21_912810UQ9_post,2026-01-21_912810UQ9,post,DGS20,20,2026-01-21,2026-01-28,1,0.0025,5,1,3.2488155,12.743787,0.5,1,1,1720.6794,1350210.5,2043.8607,860.3397,1183.521
2026-01-29_91282CPY1_pre,2026-01-29_91282CPY1,pre,DGS7,7,2026-01-22,2026-01-29,-1,0.0025,5,1,3.5866986,6.0424877,0.5,1,1,1558.5837,2579374.2,-6442.8461,779.29185,-7222.138
2026-01-26_91282CGH8_post,2026-01-26_91282CGH8,post,DGS5,5,2026-01-26,2026-02-02,1,0.0025,5,1,3.6457157,4.5125152,0.5,1,1,1533.3532,3398001.2,-1399.8049,766.67662,-2166.4815
2026-01-27_91282CPW5_post,2026-01-27_91282CPW5,post,DGS5,5,2026-01-27,2026-02-03,1,0.0025,5,1,3.6584011,4.5136986,0.5,1,1,1528.0364,3385331,-2921.8874,764.01819,-3685.9056
2026-01-29_91282CPY1_post,2026-01-29_91282CPY1,post,DGS7,7,2026-01-29,2026-02-05,1,0.0025,5,1,3.3207106,6.0509949,1,1,1,3366.8517,5564129.1,13952.66,1683.4258,12269.235
2026-02-10_91282CQA2_pre,2026-02-10_91282CQA2,pre,DGS3,3,2026-02-03,2026-02-10,-1,0.0025,5,1,3.077667,2.8178083,1,0.5,1,1816.3661,6446024.4,-25398.392,908.18305,-26306.575
2026-02-11_91282CPZ8_pre,2026-02-11_91282CPZ8,pre,DGS10,10,2026-02-04,2026-02-11,-1,0.0025,5,1,3.1531528,8.0624597,1,0.5,1,1772.8826,2198935.2,-19837.628,886.44132,-20724.07
2026-02-12_912810UR7_pre,2026-02-12_912810UR7,pre,DGS30,30,2026-02-05,2026-02-12,-1,0.0025,5,1,2.8169684,15.721897,1,0.5,1,1984.4632,1262228.8,-26467.366,992.23158,-27459.597
2026-02-10_91282CQA2_post,2026-02-10_91282CQA2,post,DGS3,3,2026-02-10,2026-02-18,1,0.0025,5,1,3.064283,2.8244988,1,0.5,1,1824.2995,6458843.2,-198.45256,912.14974,-1110.6023
2026-02-18_912810UT3_pre,2026-02-18_912810UT3,pre,DGS20,20,2026-02-10,2026-02-18,-1,0.0025,5,1,3.2110332,12.841627,1,0.5,1,1740.9256,1355689.2,-14344.458,870.4628,-15214.921
2026-02-11_91282CPZ8_post,2026-02-11_91282CPZ8,post,DGS10,10,2026-02-11,2026-02-19,1,0.0025,5,1,3.1324797,8.105151,1,0.5,1,1784.5829,2201788.6,18145.1,892.29147,17252.808
2026-02-12_912810UR7_post,2026-02-12_912810UR7,post,DGS30,30,2026-02-12,2026-02-20,1,0.0025,5,1,2.9676219,15.959575,1,0.5,1,1883.7204,1180307.4,294.50683,941.86021,-647.35338
2026-02-24_91282CQB0_pre,2026-02-24_91282CQB0,pre,DGS2,2,2026-02-17,2026-02-24,-1,0.0025,5,1,3.3732078,1.9171053,1,0.5,1,1657.2267,8644421.6,300.56834,828.61333,-528.04499
2026-02-18_912810UT3_post,2026-02-18_912810UT3,post,DGS20,20,2026-02-18,2026-02-25,1,0.0025,5,1,3.3990278,12.929532,1,0.5,1,1644.6379,1272001.2,3542.7735,822.31896,2720.4545
2026-02-25_91282CQD6_pre,2026-02-25_91282CQD6,pre,DGS5,5,2026-02-18,2026-02-25,-1,0.0025,5,1,3.6410637,4.5315043,1,0.5,1,1535.3123,3388085.3,-7678.2209,767.65617,-8445.8771
2026-02-26_91282CQC8_pre,2026-02-26_91282CQC8,pre,DGS7,7,2026-02-19,2026-02-26,-1,0.0025,5,1,3.574233,6.0851981,1,0.5,1,1564.0195,2570203,-11063.064,782.00974,-11845.073
2026-02-24_91282CQB0_post,2026-02-24_91282CQB0,post,DGS2,2,2026-02-24,2026-03-03,1,0.0025,5,1,3.3820313,1.9171053,1,0.5,1,1652.9031,8621869,-13494.992,826.45154,-14321.444
2026-02-25_91282CQD6_post,2026-02-25_91282CQD6,post,DGS5,5,2026-02-25,2026-03-04,1,0.0025,5,1,3.5639437,4.5374626,1,0.5,1,1568.5348,3456854.6,-9384.3304,784.26742,-10168.598
2026-02-26_91282CQC8_post,2026-02-26_91282CQC8,post,DGS7,7,2026-02-26,2026-03-05,1,0.0025,5,1,3.5515175,6.1002504,1,0.5,1,1574.0229,2580259.5,-21841.357,787.01145,-22628.369
2026-03-10_91282CQE4_pre,2026-03-10_91282CQE4,pre,DGS3,3,2026-03-03,2026-03-10,-1,0.0025,5,1,3.632675,2.8244988,1,0.5,1,1538.8577,5448250.5,12344.084,769.42886,11574.655
2026-03-11_91282CPZ8_pre,2026-03-11_91282CPZ8,pre,DGS10,10,2026-03-04,2026-03-11,-1,0.0025,5,1,3.4738734,8.1403235,1,0.5,1,1609.2037,1976830.1,19034.184,804.60185,18229.582
2026-03-12_912810UR7_pre,2026-03-12_912810UR7,pre,DGS30,30,2026-03-05,2026-03-12,-1,0.0025,5,1,3.1722668,15.922653,1,0.5,1,1762.2004,1106725.4,24094.231,881.10021,23213.131
2026-03-10_91282CQE4_post,2026-03-10_91282CQE4,post,DGS3,3,2026-03-10,2026-03-17,1,0.0025,5,1,3.5789719,2.8206727,1,0.5,1,1561.9486,5537503.8,-15523.418,780.97428,-16304.392
2026-03-17_912810UT3_pre,2026-03-17_912810UT3,pre,DGS20,20,2026-03-10,2026-03-17,-1,0.0025,5,1,3.3450782,12.830701,1,0.5,1,1671.1627,1302471.8,11278.527,835.58136,10442.946
2026-03-11_91282CPZ8_post,2026-03-11_91282CPZ8,post,DGS10,10,2026-03-11,2026-03-18,1,0.0025,5,1,3.4196177,8.0934756,0.5,0.5,1,817.36767,1009909.4,-3946.4495,408.68384,-4355.1333
2026-03-12_912810UR7_post,2026-03-12_912810UR7,post,DGS30,30,2026-03-12,2026-03-19,1,0.0025,5,1,3.4743206,15.667818,0.5,0.5,1,804.49828,513471.81,4178.4764,402.24914,3776.2273
2026-03-17_912810UT3_post,2026-03-17_912810UT3,post,DGS20,20,2026-03-17,2026-03-24,1,0.0025,5,1,3.5160648,12.754603,0.5,0.5,1,794.94694,623262.77,-10831.641,397.47347,-11229.115
2026-03-24_91282CQH7_pre,2026-03-24_91282CQH7,pre,DGS2,2,2026-03-17,2026-03-24,-1,0.0025,5,1,3.8119645,1.9112797,0.5,0.5,1,733.24003,3836382.6,15974.491,366.62001,15607.871
2026-03-25_91282CQG9_pre,2026-03-25_91282CQG9,pre,DGS5,5,2026-03-18,2026-03-25,-1,0.0025,5,1,3.9265502,4.5066052,1,0.5,1,1423.6848,3159107,12559.083,711.84241,11847.24
2026-03-26_91282CQF1_pre,2026-03-26_91282CQF1,pre,DGS7,7,2026-03-19,2026-03-26,-1,0.0025,5,1,3.9927901,6.0403637,1,0.5,1,1400.0661,2317850.6,26191.857,700.03303,25491.824
2026-03-24_91282CQH7_post,2026-03-24_91282CQH7,post,DGS2,2,2026-03-24,2026-03-31,1,0.0025,5,1,4.0684469,1.9061767,1,0.5,1,1374.0305,7208306,15409.923,687.01523,14722.908
2026-03-25_91282CQG9_post,2026-03-25_91282CQG9,post,DGS5,5,2026-03-25,2026-04-01,1,0.0025,5,1,4.4888751,4.4959959,1,0.5,1,1245.3387,2769884,-1021.6624,622.66935,-1644.3318
2026-03-26_91282CQF1_post,2026-03-26_91282CQF1,post,DGS7,7,2026-03-26,2026-04-02,1,0.0025,5,1,4.4999686,6.0002118,1,0.5,1,1242.2687,2070374.7,16417.024,621.13433,15795.889
2026-04-07_91282CQJ3_pre,2026-04-07_91282CQJ3,pre,DGS3,3,2026-03-31,2026-04-07,-1,0.0025,5,1,4.788758,2.8097168,1,0.5,1,1167.3528,4154699.1,997.86293,583.67639,414.18655
2026-04-08_91282CPZ8_pre,2026-04-08_91282CPZ8,pre,DGS10,10,2026-04-01,2026-04-08,-1,0.0025,5,1,4.5079653,8.0470162,1,0.5,1,1240.065,1541024.6,-5173.0923,620.03249,-5793.1248
2026-04-09_912810UR7_pre,2026-04-09_912810UR7,pre,DGS30,30,2026-04-02,2026-04-09,-1,0.0025,5,1,4.1403349,15.667818,1,0.5,1,1350.1734,861749.48,2483.3468,675.08669,1808.2601
2026-04-07_91282CQJ3_post,2026-04-07_91282CQJ3,post,DGS3,3,2026-04-07,2026-04-14,1,0.0025,5,1,4.8728465,2.8092419,1,0.5,1,1147.2083,4083693.6,7001.4235,573.60415,6427.8194
2026-04-08_91282CPZ8_post,2026-04-08_91282CPZ8,post,DGS10,10,2026-04-08,2026-04-15,1,0.0025,5,1,4.5047056,8.0624597,1,0.5,1,1240.9623,1539185.8,198.36776,620.48116,-422.1134
2026-04-09_912810UR7_post,2026-04-09_912810UR7,post,DGS30,30,2026-04-09,2026-04-16,1,0.0025,5,1,4.1156996,15.631923,1,0.5,1,1358.2551,868898.27,-3838.3658,679.12755,-4517.4933
2026-04-22_912810UT3_pre,2026-04-22_912810UT3,pre,DGS20,20,2026-04-15,2026-04-22,-1,0.0025,5,1,4.215756,12.689906,1,0.5,1,1326.0184,1044939.4,-260.28432,663.00919,-923.29351
2026-04-27_91282CQK0_pre,2026-04-27_91282CQK0,pre,DGS5,5,2026-04-20,2026-04-27,-1,0.0025,5,1,5.0873444,4.5077863,1,0.5,1,1098.8385,2437645.5,8636.8939,549.41925,8087.4746
2026-04-27_91282CQL8_pre,2026-04-27_91282CQL8,pre,DGS2,2,2026-04-20,2026-04-27,-1,0.0025,5,1,4.8298741,1.9103503,1,0.5,1,1157.4153,6058654.7,6762.1472,578.70763,6183.4395
2026-04-28_91282CQN4_pre,2026-04-28_91282CQN4,pre,DGS7,7,2026-04-21,2026-04-28,-1,0.0025,5,1,4.809918,6.0339979,1,0.5,1,1162.2173,1926114.9,7939.131,581.10866,7358.0224
2026-04-22_912810UT3_post,2026-04-22_912810UT3,post,DGS20,20,2026-04-22,2026-04-29,1,0.0025,5,1,4.0871854,12.689906,0.5,0.5,1,683.86547,538905.05,-6665.7483,341.93273,-7007.681
2026-04-27_91282CQK0_post,2026-04-27_91282CQK0,post,DGS5,5,2026-04-27,2026-05-04,1,0.0025,5,1,5.1676963,4.4983503,0.5,0.5,1,540.8764,1202388.3,-7457.4015,270.4382,-7727.8397
2026-04-27_91282CQL8_post,2026-04-27_91282CQL8,post,DGS2,2,2026-04-27,2026-05-04,1,0.0025,5,1,4.8757152,1.9089574,0.5,0.5,1,573.26666,3003035.3,-9571.3165,286.63333,-9857.9498
2026-04-28_91282CQN4_post,2026-04-28_91282CQN4,post,DGS7,7,2026-04-28,2026-05-05,1,0.0025,5,1,4.8715419,6.0191825,0.5,0.5,1,573.75776,953215.41,-5038.2741,286.87888,-5325.1529
2026-05-11_91282CQR5_pre,2026-05-11_91282CQR5,pre,DGS3,3,2026-05-04,2026-05-11,-1,0.0025,5,1,5.0529401,2.8016609,1,0.5,1,1106.3203,3948801.5,-2449.1472,553.16013,-3002.3074
2026-05-12_91282CQQ7_pre,2026-05-12_91282CQQ7,pre,DGS10,10,2026-05-05,2026-05-12,-1,0.0025,5,1,4.513977,8.008594,1,0.5,1,1238.4135,1546355.7,3455.6467,619.20673,2836.44
2026-05-13_912810UU0_pre,2026-05-13_912810UU0,pre,DGS30,30,2026-05-06,2026-05-13,-1,0.0025,5,1,3.9834048,15.560511,1,0.5,1,1403.3648,901875.75,12302.384,701.68238,11600.702
2026-05-11_91282CQR5_post,2026-05-11_91282CQR5,post,DGS3,3,2026-05-11,2026-05-18,1,0.0025,5,1,5.1059675,2.8026068,1,0.5,1,1094.8307,3906472.7,-19334.96,547.41535,-19882.375
2026-05-12_91282CQQ7_post,2026-05-12_91282CQQ7,post,DGS10,10,2026-05-12,2026-05-19,1,0.0025,5,1,4.4032602,7.9971191,1,0.5,1,1269.5525,1587512.3,-26195.514,634.77624,-26830.291
2026-05-13_912810UU0_post,2026-05-13_912810UU0,post,DGS30,30,2026-05-13,2026-05-20,1,0.0025,5,1,3.6974186,15.401654,1,0.5,1,1511.9116,981655.34,-11624.476,755.95579,-12380.432
2026-05-20_912810UV8_pre,2026-05-20_912810UV8,pre,DGS20,20,2026-05-13,2026-05-20,-1,0.0025,5,1,3.9950181,12.51974,1,0.5,1,1399.2853,1117663.2,9292.3799,699.64263,8592.7373
2026-05-26_91282CQS3_pre,2026-05-26_91282CQS3,pre,DGS2,2,2026-05-18,2026-05-26,-1,0.0025,5,1,4.9179425,1.9022484,1,0.5,1,1136.6888,5975501.2,-7403.6905,568.34438,-7972.0349
2026-05-27_91282CQU8_pre,2026-05-27_91282CQU8,pre,DGS5,5,2026-05-19,2026-05-27,-1,0.0025,5,1,5.289794,4.4539255,1,0.5,1,1056.784,2372702.6,-16212.546,528.39202,-16740.938
2026-05-20_912810UV8_post,2026-05-20_912810UV8,post,DGS20,20,2026-05-20,2026-05-28,1,0.0025,5,1,4.3094955,12.446356,1,0.5,1,1297.175,1042212.7,15981.873,648.58751,15333.285
2026-05-28_91282CQT1_pre,2026-05-28_91282CQT1,pre,DGS7,7,2026-05-20,2026-05-28,-1,0.0025,5,1,5.071773,5.9708742,1,0.5,1,1102.2122,1845981.2,-11347.824,551.10609,-11898.93
2026-05-26_91282CQS3_post,2026-05-26_91282CQS3,post,DGS2,2,2026-05-26,2026-06-02,1,0.0025,5,1,5.0476543,1.9036334,1,0.5,1,1107.4788,5817710.4,-4001.4566,553.73939,-4555.196
2026-05-27_91282CQU8_post,2026-05-27_91282CQU8,post,DGS5,5,2026-05-27,2026-06-03,1,0.0025,5,1,5.3660104,4.4713839,1,0.5,1,1041.774,2329869.2,-3926.6166,520.88698,-4447.5036
2026-05-28_91282CQT1_post,2026-05-28_91282CQT1,post,DGS7,7,2026-05-28,2026-06-04,1,0.0025,5,1,5.1961252,5.9918082,1,0.5,1,1075.8343,1795508.6,-2993.4513,537.91717,-3531.3685
2026-06-09_91282CQV6_pre,2026-06-09_91282CQV6,pre,DGS3,3,2026-06-02,2026-06-09,-1,0.0025,5,1,5.2340692,2.7964671,1,0.5,1,1068.0352,3819230.2,7084.9855,534.01758,6550.9679
2026-06-10_91282CQQ7_pre,2026-06-10_91282CQQ7,pre,DGS10,10,2026-06-03,2026-06-10,-1,0.0025,5,1,4.7348927,7.985668,1,0.5,1,1180.6329,1478439.7,6809.2087,590.31643,6218.8922
2026-06-11_912810UU0_pre,2026-06-11_912810UU0,pre,DGS30,30,2026-06-04,2026-06-11,-1,0.0025,5,1,3.8787775,15.50728,1,0.5,1,1441.2195,929382.54,-3195.3438,720.60976,-3915.9535
2026-06-09_91282CQV6_post,2026-06-09_91282CQV6,post,DGS3,3,2026-06-09,2026-06-16,1,0.0025,5,1,5.2853865,2.7931697,1,0.5,1,1057.6653,3786613.1,8790.2753,528.83265,8261.4427
2026-06-16_912810UV8_pre,2026-06-16_912810UV8,pre,DGS20,20,2026-06-09,2026-06-16,-1,0.0025,5,1,4.2897855,12.530276,1,0.5,1,1303.1351,1039989.1,-13397.508,651.56753,-14049.076
2026-06-10_91282CQQ7_post,2026-06-10_91282CQQ7,post,DGS10,10,2026-06-10,2026-06-17,1,0.0025,5,1,4.7066487,7.9628368,0.5,0.5,1,593.85884,745788.04,3703.8536,296.92942,3406.9242
2026-06-11_912810UU0_post,2026-06-11_912810UU0,post,DGS30,30,2026-06-11,2026-06-18,1,0.0025,5,1,3.7565762,15.542736,0.5,0.5,1,744.05119,478713.13,3858.4359,372.0256,3486.4103
2026-06-23_91282CQY0_pre,2026-06-23_91282CQY0,pre,DGS2,2,2026-06-15,2026-06-23,-1,0.0025,5,1,5.2254268,1.9022484,0.5,0.5,1,534.9008,2811939.8,4503.8989,267.4504,4236.4485
2026-06-16_912810UV8_post,2026-06-16_912810UV8,post,DGS20,20,2026-06-16,2026-06-24,1,0.0025,5,1,3.8926267,12.636363,0.5,0.5,1,718.04599,568237.86,3790.8885,359.023,3431.8655
2026-06-24_91282CQX2_pre,2026-06-24_91282CQX2,pre,DGS5,5,2026-06-16,2026-06-24,-1,0.0025,5,1,5.1948203,4.4725514,0.5,0.5,1,538.05229,1203009.8,376.51438,269.02615,107.48823
2026-06-25_91282CQW4_pre,2026-06-25_91282CQW4,pre,DGS7,7,2026-06-17,2026-06-25,-1,0.0025,5,1,4.8889071,5.9750525,1,0.5,1,1143.4396,1913689.6,-12891.081,571.7198,-13462.801
2026-06-23_91282CQY0_post,2026-06-23_91282CQY0,post,DGS2,2,2026-06-23,2026-06-30,1,0.0025,5,1,5.1038924,1.900174,1,0.5,1,1095.2758,5764081.7,2602.0342,547.63791,2054.3963
2026-06-24_91282CQX2_post,2026-06-24_91282CQX2,post,DGS5,5,2026-06-24,2026-07-01,1,0.0025,5,1,4.9977113,4.4713839,1,0.5,1,1118.546,2501565.5,-7612.5029,559.27299,-8171.7759
2026-06-25_91282CQW4_post,2026-06-25_91282CQW4,post,DGS7,7,2026-06-25,2026-07-02,1,0.0025,5,1,4.8250757,5.9981093,1,0.5,1,1158.5663,1931552.4,-10199.47,579.28313,-10778.753
2026-07-07_91282CQZ7_pre,2026-07-07_91282CQZ7,pre,DGS3,3,2026-06-29,2026-07-07,-1,0.0025,5,1,5.0699904,2.7959957,1,0.5,1,1102.5997,3943495.8,8457.0217,551.29986,7905.7218
2026-07-08_91282CQQ7_pre,2026-07-08_91282CQQ7,pre,DGS10,10,2026-06-30,2026-07-08,-1,0.0025,5,1,4.2708776,8.0047664,1,0.5,1,1308.9043,1635156.1,15374.909,654.45214,14720.456
2026-07-09_912810UU0_pre,2026-07-09_912810UU0,pre,DGS30,30,2026-07-01,2026-07-09,-1,0.0025,5,1,3.3446137,15.50728,1,0.5,1,1671.3948,1077813,12980.352,835.6974,12144.654
2026-07-07_91282CQZ7_post,2026-07-07_91282CQZ7,post,DGS3,3,2026-07-07,2026-07-14,1,0.0025,5,1,4.988801,2.7922287,1,0.5,1,1120.5438,4013080.3,-5216.3416,560.27189,-5776.6134
2026-07-08_91282CQQ7_post,2026-07-08_91282CQQ7,post,DGS10,10,2026-07-08,2026-07-15,1,0.0025,5,1,4.385518,7.9590408,1,0.5,1,1274.6886,1601560.6,1544.7753,637.34431,907.43102
2026-07-09_912810UU0_post,2026-07-09_912810UU0,post,DGS30,30,2026-07-09,2026-07-16,1,0.0025,5,1,3.5012104,15.366691,1,0.5,1,1596.6392,1039026.1,-6093.5854,798.31961,-6891.905
2026-07-22_912810UV8_pre,2026-07-22_912810UV8,pre,DGS20,20,2026-07-15,2026-07-22,-1,0.0025,5,1,4.0147679,12.477728,1,0.5,1,1392.4018,1115909.7,13556.009,696.20088,12859.808
2026-07-27_91282CRA1_pre,2026-07-27_91282CRA1,pre,DGS5,5,2026-07-20,2026-07-27,-1,0.0025,5,1,5.0592813,4.4527652,1,0.5,1,1104.9336,2481454.9,7439.6071,552.4668,6887.1403
2026-07-27_91282CRB9_pre,2026-07-27_91282CRB9,pre,DGS2,2,2026-07-20,2026-07-27,-1,0.0025,5,1,5.2292096,1.8990231,1,0.5,1,1069.0277,5629355.9,10149.889,534.51386,9615.3749
2026-07-28_91282CRC7_pre,2026-07-28_91282CRC7,pre,DGS7,7,2026-07-21,2026-07-28,-1,0.0025,5,1,4.9138051,5.9479696,1,0.5,1,1137.6459,1912662.5,-3682.2637,568.82293,-4251.0866
2026-07-22_912810UV8_post,2026-07-22_912810UV8,post,DGS20,20,2026-07-22,2026-07-29,1,0.0025,5,1,4.0135364,12.373609,0.5,0.5,1,696.4145,562822.47,-2600.0727,348.20725,-2948.28
2026-07-27_91282CRA1_post,2026-07-27_91282CRA1,post,DGS5,5,2026-07-27,2026-08-03,1,0.0025,5,1,5.1002382,4.4446556,0.5,0.5,1,548.03028,1233009.6,155.71317,274.01514,-118.30197
2026-07-27_91282CRB9_post,2026-07-27_91282CRB9,post,DGS2,2,2026-07-27,2026-08-03,1,0.0025,5,1,5.2609584,1.8967247,0.5,0.5,1,531.28817,2801082.1,3451.6036,265.64408,3185.9595
2026-07-28_91282CRC7_post,2026-07-28_91282CRC7,post,DGS7,7,2026-07-28,2026-08-04,1,0.0025,5,1,4.9075924,5.9542036,0.5,0.5,1,569.54301,956539.36,155.56443,284.77151,-129.20707
2026-08-11_91282CRG8_pre,2026-08-11_91282CRG8,pre,DGS3,3,2026-08-04,2026-08-11,-1,0.0025,5,1,4.9268949,2.7889389,1,0.5,1,1134.6233,4068297.5,1860.0519,567.31166,1292.7402
2026-08-12_91282CRF0_pre,2026-08-12_91282CRF0,pre,DGS10,10,2026-08-05,2026-08-12,-1,0.0025,5,1,4.4909199,7.9325421,1,0.5,1,1244.7717,1569196.4,5912.8447,622.38584,5290.4588
2026-08-13_912810UW6_pre,2026-08-13_912810UW6,pre,DGS30,30,2026-08-06,2026-08-13,-1,0.0025,5,1,3.8088508,15.074381,1,0.5,1,1467.6789,973624.65,-1780.0007,733.83944,-2513.8402
2026-08-11_91282CRG8_post,2026-08-11_91282CRG8,post,DGS3,3,2026-08-11,2026-08-18,1,0.0025,5,1,5.1205524,2.7880001,1,0.5,1,1091.7123,3915754.1,1457.8216,545.85614,911.96548
2026-08-12_91282CRF0_post,2026-08-12_91282CRF0,post,DGS10,10,2026-08-12,2026-08-19,1,0.0025,5,1,4.6068912,7.9136927,1,0.5,1,1213.4365,1533337.9,3943.4497,606.71825,3336.7314
2026-08-19_912810UX4_pre,2026-08-19_912810UX4,pre,DGS20,20,2026-08-12,2026-08-19,-1,0.0025,5,1,4.2033078,12.301493,1,0.5,1,1329.9454,1081125.2,-9748.6662,664.97271,-10413.639
2026-08-13_912810UW6_post,2026-08-13_912810UW6,post,DGS30,30,2026-08-13,2026-08-20,1,0.0025,5,1,3.6767709,15.091337,1,0.5,1,1520.402,1007466.8,-2618.254,760.20102,-3378.455
2026-08-25_91282CRH6_pre,2026-08-25_91282CRH6,pre,DGS2,2,2026-08-18,2026-08-25,-1,0.0025,5,1,5.0207198,1.8994833,1,0.5,1,1113.42,5861699.3,-2745.7,556.71001,-3302.41
2026-08-19_912810UX4_post,2026-08-19_912810UX4,post,DGS20,20,2026-08-19,2026-08-26,1,0.0025,5,1,3.775441,12.373609,1,0.5,1,1480.6667,1196632.9,374.35808,740.33337,-365.97529
2026-08-26_91282CRK9_pre,2026-08-26_91282CRK9,pre,DGS5,5,2026-08-19,2026-08-26,-1,0.0025,5,1,4.7435951,4.4504459,1,0.5,1,1178.4669,2647974.9,2022.9887,589.23346,1433.7553
2026-08-27_91282CRJ2_pre,2026-08-27_91282CRJ2,pre,DGS7,7,2026-08-20,2026-08-27,-1,0.0025,5,1,4.5439163,5.9417451,1,0.5,1,1230.2537,2070525.9,-1553.3503,615.12686,-2168.4771
2026-08-25_91282CRH6_post,2026-08-25_91282CRH6,post,DGS2,2,2026-08-25,2026-09-01,1,0.0025,5,1,4.7274592,1.8999437,1,0.5,1,1182.4893,6223812.3,-25332.137,591.24466,-25923.382
2026-08-26_91282CRK9_post,2026-08-26_91282CRK9,post,DGS5,5,2026-08-26,2026-09-02,1,0.0025,5,1,4.7262938,4.4481284,1,0.5,1,1182.7809,2659052.9,-19686.849,591.39044,-20278.239
2026-08-27_91282CRJ2_post,2026-08-27_91282CRJ2,post,DGS7,7,2026-08-27,2026-09-03,1,0.0025,5,1,4.5342077,5.9438189,1,0.5,1,1232.8879,2074235.3,-13191.877,616.44396,-13808.321
2026-09-08_91282CRL7_pre,2026-09-08_91282CRL7,pre,DGS3,3,2026-08-31,2026-09-08,-1,0.0025,5,1,4.9554798,2.7819095,1,0.5,1,1128.0785,4055050.8,3951.4007,564.03923,3387.3615
2026-09-09_91282CRF0_pre,2026-09-09_91282CRF0,pre,DGS10,10,2026-09-01,2026-09-09,-1,0.0025,5,1,4.3974826,7.8724519,1,0.5,1,1271.2205,1614770.7,4734.1579,635.61024,4098.5477
2026-09-10_912810UW6_pre,2026-09-10_912810UW6,pre,DGS30,30,2026-09-02,2026-09-10,-1,0.0025,5,1,3.9288877,14.99004,1,0.5,1,1422.8378,949188.83,13780.021,711.41891,13068.602
2026-09-08_91282CRL7_post,2026-09-08_91282CRL7,post,DGS3,3,2026-09-08,2026-09-15,1,0.0025,5,1,4.7495465,2.7800396,1,0.5,1,1176.9903,4233717.5,-36939.256,588.49513,-37527.751
2026-09-15_912810UX4_pre,2026-09-15_912810UX4,pre,DGS20,20,2026-09-08,2026-09-15,-1,0.0025,5,1,4.0706681,12.281003,1,0.5,1,1373.2807,1118215.4,18737.531,686.64035,18050.891
2026-09-09_91282CRF0_post,2026-09-09_91282CRF0,post,DGS10,10,2026-09-09,2026-09-16,1,0.0025,5,1,4.0767704,7.8575325,0.5,0.5,1,685.61256,872554.54,-12096.968,342.80628,-12439.774
2026-09-10_912810UW6_post,2026-09-10_912810UW6,post,DGS30,30,2026-09-10,2026-09-17,1,0.0025,5,1,3.775441,14.823534,0.5,0.5,1,740.33337,499431.09,6097.1026,370.16669,5726.9359
2026-09-15_912810UX4_post,2026-09-15_912810UX4,post,DGS20,20,2026-09-15,2026-09-22,1,0.0025,5,1,4.076805,12.138991,0.5,0.5,1,685.60674,564797.12,4985.9372,342.80337,4643.1338
2026-09-22_91282CRP8_pre,2026-09-22_91282CRP8,pre,DGS2,2,2026-09-15,2026-09-22,-1,0.0025,5,1,4.7178888,1.8884875,0.5,0.5,1,592.44401,3137135,1944.732,296.22201,1648.51
2026-09-23_91282CRN3_pre,2026-09-23_91282CRN3,pre,DGS5,5,2026-09-16,2026-09-23,-1,0.0025,5,1,4.580726,4.3919031,1,0.5,1,1220.3677,2778676.2,15351.874,610.18384,14741.69
2026-09-22_91282CRP8_post,2026-09-22_91282CRP8,post,DGS2,2,2026-09-22,2026-09-29,1,0.0025,5,1,4.7589048,1.8875758,1,0.5,1,1174.6757,6223197.7,-20197.312,587.33786,-20784.65
2026-09-23_91282CRN3_post,2026-09-23_91282CRN3,post,DGS5,5,2026-09-23,2026-09-30,1,0.0025,5,1,4.5229796,4.3771628,1,0.5,1,1235.9485,2823629.3,-11836.524,617.97426,-12454.498
