date,month_end_zn__gross_pnl,month_end_zn__cost,month_end_zn__gross_notional,month_end_zn__traded_notional,supply_calendar__gross_pnl,supply_calendar__cost,supply_calendar__gross_notional,supply_calendar__traded_notional,month_end_zn_cost_2x__gross_pnl,month_end_zn_cost_2x__cost,month_end_zn_cost_2x__gross_notional,month_end_zn_cost_2x__traded_notional,supply_calendar_cost_2x__gross_pnl,supply_calendar_cost_2x__cost,supply_calendar_cost_2x__gross_notional,supply_calendar_cost_2x__traded_notional
2024-10-01,0.0,0.0,0.0,0.0,0.0,210.96875,9000000.0,9000000.0,0.0,0.0,0.0,0.0,0.0,421.9375,9000000.0,9000000.0
2024-10-02,0.0,0.0,0.0,0.0,3695.3125,202.6875,12000000.0,3000000.0,0.0,0.0,0.0,0.0,3695.3125,405.375,12000000.0,3000000.0
2024-10-03,0.0,0.0,0.0,0.0,27812.5,182.875,13000000.0,1000000.0,0.0,0.0,0.0,0.0,27812.5,365.75,13000000.0,1000000.0
2024-10-04,0.0,0.0,0.0,0.0,86593.75,0.0,13000000.0,0.0,0.0,0.0,0.0,0.0,86593.75,0.0,13000000.0,0.0
2024-10-07,0.0,0.0,0.0,0.0,32132.8125,0.0,13000000.0,0.0,0.0,0.0,0.0,0.0,32132.8125,0.0,13000000.0,0.0
2024-10-08,0.0,0.0,0.0,0.0,1179.6875,402.3125,12000000.0,17000000.0,0.0,0.0,0.0,0.0,1179.6875,804.625,12000000.0,17000000.0
2024-10-09,0.0,0.0,0.0,0.0,3921.875,396.5625,12000000.0,5000000.0,0.0,0.0,0.0,0.0,3921.875,793.125,12000000.0,5000000.0
2024-10-10,0.0,0.0,0.0,0.0,7593.75,365.75,12000000.0,3000000.0,0.0,0.0,0.0,0.0,7593.75,731.5,12000000.0,3000000.0
2024-10-11,0.0,0.0,0.0,0.0,12429.6875,0.0,12000000.0,0.0,0.0,0.0,0.0,0.0,12429.6875,0.0,12000000.0,0.0
2024-10-15,0.0,0.0,0.0,0.0,18109.375,0.0,12000000.0,0.0,0.0,0.0,0.0,0.0,18109.375,0.0,12000000.0,0.0
2024-10-16,0.0,0.0,0.0,0.0,12710.9375,424.09375,6000000.0,10000000.0,0.0,0.0,0.0,0.0,12710.9375,848.1875,6000000.0,10000000.0
2024-10-17,0.0,0.0,0.0,0.0,-19343.75,193.875,3000000.0,3000000.0,0.0,0.0,0.0,0.0,-19343.75,387.75,3000000.0,3000000.0
2024-10-18,0.0,0.0,0.0,0.0,-406.25,182.875,2000000.0,1000000.0,0.0,0.0,0.0,0.0,-406.25,365.75,2000000.0,1000000.0
2024-10-21,0.0,0.0,0.0,0.0,21875.0,382.6875,14000000.0,12000000.0,0.0,0.0,0.0,0.0,21875.0,765.375,14000000.0,12000000.0
2024-10-22,0.0,0.0,0.0,0.0,10679.6875,237.9375,17000000.0,3000000.0,0.0,0.0,0.0,0.0,10679.6875,475.875,17000000.0,3000000.0
2024-10-23,0.0,0.0,0.0,0.0,32234.375,465.5,17000000.0,3000000.0,0.0,0.0,0.0,0.0,32234.375,931.0,17000000.0,3000000.0
2024-10-24,0.0,0.0,0.0,0.0,-7046.875,0.0,17000000.0,0.0,0.0,0.0,0.0,0.0,-7046.875,0.0,17000000.0,0.0
2024-10-25,0.0,1083.9375,14000000.0,14000000.0,10617.1875,0.0,17000000.0,0.0,0.0,2167.875,14000000.0,14000000.0,10617.1875,0.0,17000000.0,0.0
2024-10-28,-44203.125,0.0,14000000.0,0.0,15882.8125,574.03125,25000000.0,16000000.0,-44203.125,0.0,14000000.0,0.0,15882.8125,1148.0625,25000000.0,16000000.0
2024-10-29,5765.625,0.0,14000000.0,0.0,390.625,687.375,27000000.0,9000000.0,5765.625,0.0,14000000.0,0.0,390.625,1374.75,27000000.0,9000000.0
2024-10-30,-5765.625,0.0,14000000.0,0.0,-2093.75,432.25,27000000.0,3000000.0,-5765.625,0.0,14000000.0,0.0,-2093.75,864.5,27000000.0,3000000.0
2024-10-31,-28828.125,1083.9375,0.0,14000000.0,-8906.25,0.0,27000000.0,0.0,-28828.125,2167.875,0.0,14000000.0,-8906.25,0.0,27000000.0,0.0
2024-11-01,0.0,0.0,0.0,0.0,14531.25,0.0,27000000.0,0.0,0.0,0.0,0.0,0.0,14531.25,0.0,27000000.0,0.0
2024-11-04,0.0,0.0,0.0,0.0,-10109.375,309.09375,12000000.0,9000000.0,0.0,0.0,0.0,0.0,-10109.375,618.1875,12000000.0,9000000.0
2024-11-05,0.0,0.0,0.0,0.0,-14828.125,564.0,8000000.0,7000000.0,0.0,0.0,0.0,0.0,-14828.125,1128.0,8000000.0,7000000.0
2024-11-06,0.0,0.0,0.0,0.0,15828.125,299.25,7000000.0,2000000.0,0.0,0.0,0.0,0.0,15828.125,598.5,7000000.0,2000000.0
2024-11-07,0.0,0.0,0.0,0.0,21015.625,0.0,7000000.0,0.0,0.0,0.0,0.0,0.0,21015.625,0.0,7000000.0,0.0
2024-11-08,0.0,0.0,0.0,0.0,8718.75,0.0,7000000.0,0.0,0.0,0.0,0.0,0.0,8718.75,0.0,7000000.0,0.0
2024-11-12,0.0,0.0,0.0,0.0,-35437.5,117.75,2000000.0,5000000.0,0.0,0.0,0.0,0.0,-35437.5,235.5,2000000.0,5000000.0
2024-11-13,0.0,0.0,0.0,0.0,-9156.25,380.5625,3000000.0,3000000.0,0.0,0.0,0.0,0.0,-9156.25,761.125,3000000.0,3000000.0
2024-11-14,0.0,0.0,0.0,0.0,-6000.0,99.75,2000000.0,1000000.0,0.0,0.0,0.0,0.0,-6000.0,199.5,2000000.0,1000000.0
2024-11-15,0.0,0.0,0.0,0.0,4000.0,0.0,2000000.0,0.0,0.0,0.0,0.0,0.0,4000.0,0.0,2000000.0,0.0
2024-11-18,0.0,0.0,0.0,0.0,500.0,250.21875,12000000.0,10000000.0,0.0,0.0,0.0,0.0,500.0,500.4375,12000000.0,10000000.0
2024-11-19,0.0,0.0,0.0,0.0,-12390.625,245.3125,18000000.0,5000000.0,0.0,0.0,0.0,0.0,-12390.625,490.625,18000000.0,5000000.0
2024-11-20,0.0,0.0,0.0,0.0,19437.5,822.8125,21000000.0,7000000.0,0.0,0.0,0.0,0.0,19437.5,1645.625,21000000.0,7000000.0
2024-11-21,0.0,0.0,0.0,0.0,15476.5625,0.0,21000000.0,0.0,0.0,0.0,0.0,0.0,15476.5625,0.0,21000000.0,0.0
2024-11-22,0.0,1321.875,16000000.0,16000000.0,-242.1875,0.0,21000000.0,0.0,0.0,2643.75,16000000.0,16000000.0,-242.1875,0.0,21000000.0,0.0
2024-11-25,135937.5,0.0,16000000.0,0.0,-43101.5625,520.0625,22000000.0,22000000.0,135937.5,0.0,16000000.0,0.0,-43101.5625,1040.125,22000000.0,22000000.0
2024-11-26,-30468.75,0.0,16000000.0,0.0,2671.875,480.8125,22000000.0,11000000.0,-30468.75,0.0,16000000.0,0.0,2671.875,961.625,22000000.0,11000000.0
2024-11-27,58593.75,0.0,16000000.0,0.0,22937.5,830.0,20000000.0,9000000.0,58593.75,0.0,16000000.0,0.0,22937.5,1660.0,20000000.0,9000000.0
2024-11-29,42187.5,1321.875,0.0,17000000.0,23203.125,0.0,20000000.0,0.0,42187.5,2643.75,0.0,17000000.0,23203.125,0.0,20000000.0,0.0
2024-12-02,0.0,0.0,0.0,0.0,-11757.8125,0.0,20000000.0,0.0,0.0,0.0,0.0,0.0,-11757.8125,0.0,20000000.0,0.0
2024-12-03,0.0,0.0,0.0,0.0,-1023.4375,539.6875,20000000.0,23000000.0,0.0,0.0,0.0,0.0,-1023.4375,1079.375,20000000.0,23000000.0
2024-12-04,0.0,0.0,0.0,0.0,6492.1875,447.0,18000000.0,8000000.0,0.0,0.0,0.0,0.0,6492.1875,894.0,18000000.0,8000000.0
2024-12-05,0.0,0.0,0.0,0.0,3757.8125,456.0625,16000000.0,5000000.0,0.0,0.0,0.0,0.0,3757.8125,912.125,16000000.0,5000000.0
2024-12-06,0.0,0.0,0.0,0.0,-16890.625,0.0,16000000.0,0.0,0.0,0.0,0.0,0.0,-16890.625,0.0,16000000.0,0.0
2024-12-09,0.0,0.0,0.0,0.0,30640.625,0.0,16000000.0,0.0,0.0,0.0,0.0,0.0,30640.625,0.0,16000000.0,0.0
2024-12-10,0.0,0.0,0.0,0.0,14671.875,798.875,18000000.0,25000000.0,0.0,0.0,0.0,0.0,14671.875,1597.75,18000000.0,25000000.0
2024-12-11,0.0,0.0,0.0,0.0,37828.125,317.25,16000000.0,4000000.0,0.0,0.0,0.0,0.0,37828.125,634.5,16000000.0,4000000.0
2024-12-12,0.0,0.0,0.0,0.0,15679.6875,266.0,16000000.0,2000000.0,0.0,0.0,0.0,0.0,15679.6875,532.0,16000000.0,2000000.0
2024-12-13,0.0,0.0,0.0,0.0,-12882.8125,0.0,16000000.0,0.0,0.0,0.0,0.0,0.0,-12882.8125,0.0,16000000.0,0.0
2024-12-16,0.0,0.0,0.0,0.0,125.0,142.28125,21000000.0,6000000.0,0.0,0.0,0.0,0.0,125.0,284.5625,21000000.0,6000000.0
2024-12-17,0.0,0.0,0.0,0.0,1031.25,784.6875,12000000.0,17000000.0,0.0,0.0,0.0,0.0,1031.25,1569.375,12000000.0,17000000.0
2024-12-18,0.0,0.0,0.0,0.0,-2937.5,387.75,14000000.0,5000000.0,0.0,0.0,0.0,0.0,-2937.5,775.5,14000000.0,5000000.0
2024-12-19,0.0,0.0,0.0,0.0,-3648.4375,83.125,13000000.0,1000000.0,0.0,0.0,0.0,0.0,-3648.4375,166.25,13000000.0,1000000.0
2024-12-20,0.0,0.0,0.0,0.0,-13117.1875,0.0,13000000.0,0.0,0.0,0.0,0.0,0.0,-13117.1875,0.0,13000000.0,0.0
2024-12-23,0.0,0.0,0.0,0.0,18992.1875,417.03125,19000000.0,17000000.0,0.0,0.0,0.0,0.0,18992.1875,834.0625,19000000.0,17000000.0
2024-12-24,0.0,1189.6875,15000000.0,15000000.0,1539.0625,491.15625,20000000.0,9000000.0,0.0,2379.375,15000000.0,15000000.0,1539.0625,982.3125,20000000.0,9000000.0
2024-12-26,12656.25,0.0,15000000.0,0.0,-687.5,546.375,20000000.0,7000000.0,12656.25,0.0,15000000.0,0.0,-687.5,1092.75,20000000.0,7000000.0
2024-12-27,-29531.25,0.0,15000000.0,0.0,-8937.5,240.40625,30000000.0,10000000.0,-29531.25,0.0,15000000.0,0.0,-8937.5,480.8125,30000000.0,10000000.0
2024-12-30,71718.75,0.0,15000000.0,0.0,35046.875,0.0,30000000.0,0.0,71718.75,0.0,15000000.0,0.0,35046.875,0.0,30000000.0,0.0
2024-12-31,-29531.25,1189.6875,0.0,15000000.0,-11171.875,441.0,20000000.0,13000000.0,-29531.25,2379.375,0.0,15000000.0,-11171.875,882.0,20000000.0,13000000.0
2025-01-02,0.0,0.0,0.0,0.0,6562.5,235.5,15000000.0,5000000.0,0.0,0.0,0.0,0.0,6562.5,471.0,15000000.0,5000000.0
2025-01-03,0.0,0.0,0.0,0.0,3398.4375,264.375,11000000.0,3000000.0,0.0,0.0,0.0,0.0,3398.4375,528.75,11000000.0,3000000.0
2025-01-06,0.0,0.0,0.0,0.0,2843.75,608.375,17000000.0,25000000.0,0.0,0.0,0.0,0.0,2843.75,1216.75,17000000.0,25000000.0
2025-01-07,0.0,0.0,0.0,0.0,7031.25,211.5,19000000.0,3000000.0,0.0,0.0,0.0,0.0,7031.25,423.0,19000000.0,3000000.0
2025-01-08,0.0,0.0,0.0,0.0,5531.25,332.5,19000000.0,2000000.0,0.0,0.0,0.0,0.0,5531.25,665.0,19000000.0,2000000.0
2025-01-09,0.0,0.0,0.0,0.0,13054.6875,0.0,19000000.0,0.0,0.0,0.0,0.0,0.0,13054.6875,0.0,19000000.0,0.0
2025-01-10,0.0,0.0,0.0,0.0,-67429.6875,0.0,19000000.0,0.0,0.0,0.0,0.0,0.0,-67429.6875,0.0,19000000.0,0.0
2025-01-13,0.0,0.0,0.0,0.0,-10609.375,367.96875,4000000.0,15000000.0,0.0,0.0,0.0,0.0,-10609.375,735.9375,4000000.0,15000000.0
2025-01-14,0.0,0.0,0.0,0.0,2875.0,460.875,3000000.0,4000000.0,0.0,0.0,0.0,0.0,2875.0,921.75,3000000.0,4000000.0
2025-01-15,0.0,0.0,0.0,0.0,-5000.0,166.25,2000000.0,1000000.0,0.0,0.0,0.0,0.0,-5000.0,332.5,2000000.0,1000000.0
2025-01-16,0.0,0.0,0.0,0.0,-7031.25,0.0,2000000.0,0.0,0.0,0.0,0.0,0.0,-7031.25,0.0,2000000.0,0.0
2025-01-17,0.0,0.0,0.0,0.0,-1406.25,578.9375,21000000.0,19000000.0,0.0,0.0,0.0,0.0,-1406.25,1157.875,21000000.0,19000000.0
2025-01-21,0.0,0.0,0.0,0.0,-10500.0,264.375,24000000.0,3000000.0,0.0,0.0,0.0,0.0,-10500.0,528.75,24000000.0,3000000.0
2025-01-22,0.0,0.0,0.0,0.0,18015.625,382.375,23000000.0,3000000.0,0.0,0.0,0.0,0.0,18015.625,764.75,23000000.0,3000000.0
2025-01-23,0.0,0.0,0.0,0.0,-640.625,0.0,23000000.0,0.0,0.0,0.0,0.0,0.0,-640.625,0.0,23000000.0,0.0
2025-01-24,0.0,0.0,0.0,0.0,-7546.875,0.0,23000000.0,0.0,0.0,0.0,0.0,0.0,-7546.875,0.0,23000000.0,0.0
2025-01-27,0.0,616.875,8000000.0,8000000.0,-52937.5,878.21875,14000000.0,29000000.0,0.0,1233.75,8000000.0,8000000.0,-52937.5,1756.4375,14000000.0,29000000.0
2025-01-28,-8750.0,0.0,8000000.0,0.0,-1492.1875,396.5625,13000000.0,5000000.0,-8750.0,0.0,8000000.0,0.0,-1492.1875,793.125,13000000.0,5000000.0
2025-01-29,-5468.75,0.0,8000000.0,0.0,-5804.6875,133.0,12000000.0,1000000.0,-5468.75,0.0,8000000.0,0.0,-5804.6875,266.0,12000000.0,1000000.0
2025-01-30,19687.5,0.0,8000000.0,0.0,12445.3125,0.0,12000000.0,0.0,19687.5,0.0,8000000.0,0.0,12445.3125,0.0,12000000.0,0.0
2025-01-31,-27343.75,616.875,0.0,8000000.0,-17492.1875,0.0,12000000.0,0.0,-27343.75,1233.75,0.0,8000000.0,-17492.1875,0.0,12000000.0,0.0
2025-02-03,0.0,0.0,0.0,0.0,-2187.5,299.28125,2000000.0,10000000.0,0.0,0.0,0.0,0.0,-2187.5,598.5625,2000000.0,10000000.0
2025-02-04,0.0,0.0,0.0,0.0,3750.0,465.8125,14000000.0,16000000.0,0.0,0.0,0.0,0.0,3750.0,931.625,14000000.0,16000000.0
2025-02-05,0.0,0.0,0.0,0.0,-7437.5,202.6875,17000000.0,3000000.0,0.0,0.0,0.0,0.0,-7437.5,405.375,17000000.0,3000000.0
2025-02-06,0.0,0.0,0.0,0.0,8906.25,182.875,18000000.0,1000000.0,0.0,0.0,0.0,0.0,8906.25,365.75,18000000.0,1000000.0
2025-02-07,0.0,0.0,0.0,0.0,37390.625,0.0,18000000.0,0.0,0.0,0.0,0.0,0.0,37390.625,0.0,18000000.0,0.0
2025-02-10,0.0,0.0,0.0,0.0,3781.25,0.0,18000000.0,0.0,0.0,0.0,0.0,0.0,3781.25,0.0,18000000.0,0.0
2025-02-11,0.0,0.0,0.0,0.0,22203.125,969.5,21000000.0,31000000.0,0.0,0.0,0.0,0.0,22203.125,1939.0,21000000.0,31000000.0
2025-02-12,0.0,0.0,0.0,0.0,39859.375,423.0,21000000.0,5000000.0,0.0,0.0,0.0,0.0,39859.375,846.0,21000000.0,5000000.0
2025-02-13,0.0,0.0,0.0,0.0,-9468.75,382.375,21000000.0,3000000.0,0.0,0.0,0.0,0.0,-9468.75,764.75,21000000.0,3000000.0
2025-02-14,0.0,0.0,0.0,0.0,22328.125,210.96875,30000000.0,9000000.0,0.0,0.0,0.0,0.0,22328.125,421.9375,30000000.0,9000000.0
2025-02-18,0.0,0.0,0.0,0.0,-19195.3125,8.8125,30000000.0,0.0,0.0,0.0,0.0,0.0,-19195.3125,17.625,30000000.0,0.0
2025-02-19,0.0,0.0,0.0,0.0,3992.1875,1149.625,18000000.0,22000000.0,0.0,0.0,0.0,0.0,3992.1875,2299.25,18000000.0,22000000.0
2025-02-20,0.0,0.0,0.0,0.0,12171.875,220.3125,15000000.0,3000000.0,0.0,0.0,0.0,0.0,12171.875,440.625,15000000.0,3000000.0
2025-02-21,0.0,0.0,0.0,0.0,3804.6875,199.5,14000000.0,1000000.0,0.0,0.0,0.0,0.0,3804.6875,399.0,14000000.0,1000000.0
2025-02-24,0.0,1172.0625,15000000.0,15000000.0,-7250.0,524.96875,18000000.0,22000000.0,0.0,2344.125,15000000.0,15000000.0,-7250.0,1049.9375,18000000.0,22000000.0
2025-02-25,87281.25,0.0,15000000.0,0.0,16906.25,282.0,22000000.0,4000000.0,87281.25,0.0,15000000.0,0.0,16906.25,564.0,22000000.0,4000000.0
2025-02-26,45718.75,0.0,15000000.0,0.0,18187.5,778.125,20000000.0,8000000.0,45718.75,0.0,15000000.0,0.0,18187.5,1556.25,20000000.0,8000000.0
2025-02-27,-33250.0,0.0,15000000.0,0.0,-18750.0,0.0,20000000.0,0.0,-33250.0,0.0,15000000.0,0.0,-18750.0,0.0,20000000.0,0.0
2025-02-28,60265.625,1172.0625,0.0,15000000.0,48640.625,0.0,20000000.0,0.0,60265.625,2344.125,0.0,15000000.0,48640.625,0.0,20000000.0,0.0
2025-03-03,0.0,0.0,0.0,0.0,22562.5,314.0,7000000.0,13000000.0,0.0,0.0,0.0,0.0,22562.5,628.0,7000000.0,13000000.0
2025-03-04,0.0,0.0,0.0,0.0,-9531.25,587.1875,17000000.0,17000000.0,0.0,0.0,0.0,0.0,-9531.25,1174.375,17000000.0,17000000.0
2025-03-05,0.0,0.0,0.0,0.0,-4250.0,475.875,16000000.0,6000000.0,0.0,0.0,0.0,0.0,-4250.0,951.75,16000000.0,6000000.0
2025-03-06,0.0,0.0,0.0,0.0,-375.0,182.875,17000000.0,1000000.0,0.0,0.0,0.0,0.0,-375.0,365.75,17000000.0,1000000.0
2025-03-07,0.0,0.0,0.0,0.0,23781.25,0.0,17000000.0,0.0,0.0,0.0,0.0,0.0,23781.25,0.0,17000000.0,0.0
2025-03-10,0.0,0.0,0.0,0.0,-67062.5,0.0,17000000.0,0.0,0.0,0.0,0.0,0.0,-67062.5,0.0,17000000.0,0.0
2025-03-11,0.0,0.0,0.0,0.0,42562.5,889.09375,19000000.0,28000000.0,0.0,0.0,0.0,0.0,42562.5,1778.1875,19000000.0,28000000.0
2025-03-12,0.0,0.0,0.0,0.0,3578.125,308.4375,18000000.0,4000000.0,0.0,0.0,0.0,0.0,3578.125,616.875,18000000.0,4000000.0
2025-03-13,0.0,0.0,0.0,0.0,-2781.25,282.625,17000000.0,2000000.0,0.0,0.0,0.0,0.0,-2781.25,565.25,17000000.0,2000000.0
2025-03-14,0.0,0.0,0.0,0.0,-15562.5,0.0,17000000.0,0.0,0.0,0.0,0.0,0.0,-15562.5,0.0,17000000.0,0.0
2025-03-17,0.0,0.0,0.0,0.0,-10429.6875,0.0,17000000.0,0.0,0.0,0.0,0.0,0.0,-10429.6875,0.0,17000000.0,0.0
2025-03-18,0.0,0.0,0.0,0.0,3960.9375,855.28125,9000000.0,22000000.0,0.0,0.0,0.0,0.0,3960.9375,1710.5625,9000000.0,22000000.0
2025-03-19,0.0,0.0,0.0,0.0,-1312.5,327.53125,13000000.0,6000000.0,0.0,0.0,0.0,0.0,-1312.5,655.0625,13000000.0,6000000.0
2025-03-20,0.0,0.0,0.0,0.0,-4343.75,372.9375,16000000.0,4000000.0,0.0,0.0,0.0,0.0,-4343.75,745.875,16000000.0,4000000.0
2025-03-21,0.0,0.0,0.0,0.0,-1265.625,0.0,16000000.0,0.0,0.0,0.0,0.0,0.0,-1265.625,0.0,16000000.0,0.0
2025-03-24,0.0,0.0,0.0,0.0,37875.0,0.0,16000000.0,0.0,0.0,0.0,0.0,0.0,37875.0,0.0,16000000.0,0.0
2025-03-25,0.0,1224.9375,15000000.0,15000000.0,-16859.375,574.5625,21000000.0,20000000.0,0.0,2449.875,15000000.0,15000000.0,-16859.375,1149.125,21000000.0,20000000.0
2025-03-26,-26062.5,0.0,15000000.0,0.0,4390.625,456.28125,21000000.0,10000000.0,-26062.5,0.0,15000000.0,0.0,4390.625,912.5625,21000000.0,10000000.0
2025-03-27,-19546.875,0.0,15000000.0,0.0,6453.125,546.375,21000000.0,7000000.0,-19546.875,0.0,15000000.0,0.0,6453.125,1092.75,21000000.0,7000000.0
2025-03-28,108593.75,0.0,15000000.0,0.0,69031.25,0.0,21000000.0,0.0,108593.75,0.0,15000000.0,0.0,69031.25,0.0,21000000.0,0.0
2025-03-31,2171.875,1224.9375,0.0,15000000.0,-1421.875,0.0,21000000.0,0.0,2171.875,2449.875,0.0,15000000.0,-1421.875,0.0,21000000.0,0.0
2025-04-01,0.0,0.0,0.0,0.0,42593.75,588.75,21000000.0,25000000.0,0.0,0.0,0.0,0.0,42593.75,1177.5,21000000.0,25000000.0
2025-04-02,0.0,0.0,0.0,0.0,-8687.5,428.375,18000000.0,8000000.0,0.0,0.0,0.0,0.0,-8687.5,856.75,18000000.0,8000000.0
2025-04-03,0.0,0.0,0.0,0.0,-36296.875,472.6875,17000000.0,5000000.0,0.0,0.0,0.0,0.0,-36296.875,945.375,17000000.0,5000000.0
2025-04-04,0.0,0.0,0.0,0.0,-54015.625,0.0,17000000.0,0.0,0.0,0.0,0.0,0.0,-54015.625,0.0,17000000.0,0.0
2025-04-07,0.0,0.0,0.0,0.0,99828.125,0.0,17000000.0,0.0,0.0,0.0,0.0,0.0,99828.125,0.0,17000000.0,0.0
2025-04-08,0.0,0.0,0.0,0.0,49484.375,559.3125,15000000.0,24000000.0,0.0,0.0,0.0,0.0,49484.375,1118.625,15000000.0,24000000.0
2025-04-09,0.0,0.0,0.0,0.0,2281.25,595.0625,16000000.0,6000000.0,0.0,0.0,0.0,0.0,2281.25,1190.125,16000000.0,6000000.0
2025-04-10,0.0,0.0,0.0,0.0,42156.25,365.75,16000000.0,3000000.0,0.0,0.0,0.0,0.0,42156.25,731.5,16000000.0,3000000.0
2025-04-11,0.0,0.0,0.0,0.0,-35500.0,0.0,16000000.0,0.0,0.0,0.0,0.0,0.0,-35500.0,0.0,16000000.0,0.0
2025-04-14,0.0,0.0,0.0,0.0,44812.5,235.5,26000000.0,10000000.0,0.0,0.0,0.0,0.0,44812.5,471.0,26000000.0,10000000.0
2025-04-15,0.0,0.0,0.0,0.0,7187.5,446.46875,19000000.0,15000000.0,0.0,0.0,0.0,0.0,7187.5,892.9375,19000000.0,15000000.0
2025-04-16,0.0,0.0,0.0,0.0,-9000.0,820.0,19000000.0,8000000.0,0.0,0.0,0.0,0.0,-9000.0,1640.0,19000000.0,8000000.0
2025-04-17,0.0,0.0,0.0,0.0,-9226.5625,166.25,18000000.0,1000000.0,0.0,0.0,0.0,0.0,-9226.5625,332.5,18000000.0,1000000.0
2025-04-21,0.0,0.0,0.0,0.0,-18257.8125,0.0,18000000.0,0.0,0.0,0.0,0.0,0.0,-18257.8125,0.0,18000000.0,0.0
2025-04-22,0.0,0.0,0.0,0.0,22695.3125,461.1875,18000000.0,20000000.0,0.0,0.0,0.0,0.0,22695.3125,922.375,18000000.0,20000000.0
2025-04-23,0.0,0.0,0.0,0.0,4398.4375,363.0625,18000000.0,8000000.0,0.0,0.0,0.0,0.0,4398.4375,726.125,18000000.0,8000000.0
2025-04-24,0.0,1022.25,13000000.0,13000000.0,25351.5625,647.9375,16000000.0,7000000.0,0.0,2044.5,13000000.0,13000000.0,25351.5625,1295.875,16000000.0,7000000.0
2025-04-25,34437.5,0.0,13000000.0,0.0,19101.5625,0.0,16000000.0,0.0,34437.5,0.0,13000000.0,0.0,19101.5625,0.0,16000000.0,0.0
2025-04-28,45312.5,0.0,13000000.0,0.0,34695.3125,225.6875,26000000.0,10000000.0,45312.5,0.0,13000000.0,0.0,34695.3125,451.375,26000000.0,10000000.0
2025-04-29,29000.0,0.0,13000000.0,0.0,12320.3125,393.125,19000000.0,12000000.0,29000.0,0.0,13000000.0,0.0,12320.3125,786.25,19000000.0,12000000.0
2025-04-30,7250.0,1022.25,0.0,13000000.0,-554.6875,181.53125,15000000.0,4000000.0,7250.0,2044.5,0.0,13000000.0,-554.6875,363.0625,15000000.0,4000000.0
2025-05-01,0.0,0.0,0.0,0.0,14718.75,303.4375,12000000.0,3000000.0,0.0,0.0,0.0,0.0,14718.75,606.875,12000000.0,3000000.0
2025-05-02,0.0,0.0,0.0,0.0,47171.875,0.0,12000000.0,0.0,0.0,0.0,0.0,0.0,47171.875,0.0,12000000.0,0.0
2025-05-05,0.0,0.0,0.0,0.0,6843.75,333.625,7000000.0,14000000.0,0.0,0.0,0.0,0.0,6843.75,667.25,7000000.0,14000000.0
2025-05-06,0.0,0.0,0.0,0.0,-2421.875,255.5625,6000000.0,3000000.0,0.0,0.0,0.0,0.0,-2421.875,511.125,6000000.0,3000000.0
2025-05-07,0.0,0.0,0.0,0.0,-656.25,0.0,6000000.0,0.0,0.0,0.0,0.0,0.0,-656.25,0.0,6000000.0,0.0
2025-05-08,0.0,0.0,0.0,0.0,-11890.625,249.375,7000000.0,2000000.0,0.0,0.0,0.0,0.0,-11890.625,498.75,7000000.0,2000000.0
2025-05-09,0.0,0.0,0.0,0.0,-390.625,0.0,7000000.0,0.0,0.0,0.0,0.0,0.0,-390.625,0.0,7000000.0,0.0
2025-05-12,0.0,0.0,0.0,0.0,-27312.5,107.9375,2000000.0,5000000.0,0.0,0.0,0.0,0.0,-27312.5,215.875,2000000.0,5000000.0
2025-05-13,0.0,0.0,0.0,0.0,-13750.0,88.125,1000000.0,1000000.0,0.0,0.0,0.0,0.0,-13750.0,176.25,1000000.0,1000000.0
2025-05-14,0.0,0.0,0.0,0.0,-4375.0,216.125,3000000.0,1000000.0,0.0,0.0,0.0,0.0,-4375.0,432.25,3000000.0,1000000.0
2025-05-15,0.0,0.0,0.0,0.0,-187.5,166.25,1000000.0,1000000.0,0.0,0.0,0.0,0.0,-187.5,332.5,1000000.0,1000000.0
2025-05-16,0.0,0.0,0.0,0.0,-4062.5,0.0,1000000.0,0.0,0.0,0.0,0.0,0.0,-4062.5,0.0,1000000.0,0.0
2025-05-19,0.0,0.0,0.0,0.0,7718.75,196.25,10000000.0,8000000.0,0.0,0.0,0.0,0.0,7718.75,392.5,10000000.0,8000000.0
2025-05-20,0.0,0.0,0.0,0.0,656.25,176.625,14000000.0,4000000.0,0.0,0.0,0.0,0.0,656.25,353.25,14000000.0,4000000.0
2025-05-21,0.0,0.0,0.0,0.0,45500.0,643.75,16000000.0,5000000.0,0.0,0.0,0.0,0.0,45500.0,1287.5,16000000.0,5000000.0
2025-05-22,0.0,0.0,0.0,0.0,-13093.75,0.0,16000000.0,0.0,0.0,0.0,0.0,0.0,-13093.75,0.0,16000000.0,0.0
2025-05-23,0.0,969.375,12000000.0,12000000.0,-7062.5,0.0,16000000.0,0.0,0.0,1938.75,12000000.0,12000000.0,-7062.5,0.0,16000000.0,0.0
2025-05-27,48125.0,0.0,12000000.0,0.0,-7156.25,397.40625,16000000.0,17000000.0,48125.0,0.0,12000000.0,0.0,-7156.25,794.8125,16000000.0,17000000.0
2025-05-28,-34375.0,0.0,12000000.0,0.0,453.125,353.25,16000000.0,8000000.0,-34375.0,0.0,12000000.0,0.0,453.125,706.5,16000000.0,8000000.0
2025-05-29,48125.0,0.0,12000000.0,0.0,18554.6875,639.125,15000000.0,7000000.0,48125.0,0.0,12000000.0,0.0,18554.6875,1278.25,15000000.0,7000000.0
2025-05-30,6875.0,969.375,0.0,12000000.0,8117.1875,0.0,15000000.0,0.0,6875.0,1938.75,0.0,12000000.0,8117.1875,0.0,15000000.0,0.0
2025-06-02,0.0,0.0,0.0,0.0,-18382.8125,0.0,15000000.0,0.0,0.0,0.0,0.0,0.0,-18382.8125,0.0,15000000.0,0.0
2025-06-03,0.0,0.0,0.0,0.0,-4945.3125,402.3125,15000000.0,17000000.0,0.0,0.0,0.0,0.0,-4945.3125,804.625,15000000.0,17000000.0
2025-06-04,0.0,0.0,0.0,0.0,17484.375,352.875,13000000.0,6000000.0,0.0,0.0,0.0,0.0,17484.375,705.75,13000000.0,6000000.0
2025-06-05,0.0,0.0,0.0,0.0,5820.3125,377.75,12000000.0,4000000.0,0.0,0.0,0.0,0.0,5820.3125,755.5,12000000.0,4000000.0
2025-06-06,0.0,0.0,0.0,0.0,55179.6875,0.0,12000000.0,0.0,0.0,0.0,0.0,0.0,55179.6875,0.0,12000000.0,0.0
2025-06-09,0.0,0.0,0.0,0.0,-12984.375,216.125,13000000.0,1000000.0,0.0,0.0,0.0,0.0,-12984.375,432.25,13000000.0,1000000.0
2025-06-10,0.0,0.0,0.0,0.0,-5617.1875,402.3125,13000000.0,17000000.0,0.0,0.0,0.0,0.0,-5617.1875,804.625,13000000.0,17000000.0
2025-06-11,0.0,0.0,0.0,0.0,-15640.625,264.375,12000000.0,3000000.0,0.0,0.0,0.0,0.0,-15640.625,528.75,12000000.0,3000000.0
2025-06-12,0.0,0.0,0.0,0.0,-14335.9375,249.375,12000000.0,2000000.0,0.0,0.0,0.0,0.0,-14335.9375,498.75,12000000.0,2000000.0
2025-06-13,0.0,0.0,0.0,0.0,-7500.0,0.0,12000000.0,0.0,0.0,0.0,0.0,0.0,-7500.0,0.0,12000000.0,0.0
2025-06-16,0.0,0.0,0.0,0.0,-617.1875,418.90625,15000000.0,6000000.0,0.0,0.0,0.0,0.0,-617.1875,837.8125,15000000.0,6000000.0
2025-06-17,0.0,0.0,0.0,0.0,19437.5,284.5625,9000000.0,10000000.0,0.0,0.0,0.0,0.0,19437.5,569.125,9000000.0,10000000.0
2025-06-18,0.0,0.0,0.0,0.0,-1328.125,290.8125,10000000.0,4000000.0,0.0,0.0,0.0,0.0,-1328.125,581.625,10000000.0,4000000.0
2025-06-20,0.0,0.0,0.0,0.0,-8085.9375,83.125,9000000.0,1000000.0,0.0,0.0,0.0,0.0,-8085.9375,166.25,9000000.0,1000000.0
2025-06-23,0.0,0.0,0.0,0.0,-19976.5625,0.0,9000000.0,0.0,0.0,0.0,0.0,0.0,-19976.5625,0.0,9000000.0,0.0
2025-06-24,0.0,934.125,12000000.0,12000000.0,-5757.8125,403.9375,13000000.0,14000000.0,0.0,1868.25,12000000.0,12000000.0,-5757.8125,807.875,13000000.0,14000000.0
2025-06-25,3312.5,0.0,12000000.0,0.0,-742.1875,255.125,15000000.0,6000000.0,3312.5,0.0,12000000.0,0.0,-742.1875,510.25,15000000.0,6000000.0
2025-06-26,34781.25,0.0,12000000.0,0.0,12367.1875,405.375,15000000.0,5000000.0,34781.25,0.0,12000000.0,0.0,12367.1875,810.75,15000000.0,5000000.0
2025-06-27,-21531.25,0.0,12000000.0,0.0,-14398.4375,0.0,15000000.0,0.0,-21531.25,0.0,12000000.0,0.0,-14398.4375,0.0,15000000.0,0.0
2025-06-30,33125.0,934.125,0.0,12000000.0,14078.125,201.15625,23000000.0,9000000.0,33125.0,1868.25,0.0,12000000.0,14078.125,402.3125,23000000.0,9000000.0
2025-07-01,0.0,0.0,0.0,0.0,-14039.0625,377.40625,17000000.0,11000000.0,0.0,0.0,0.0,0.0,-14039.0625,754.8125,17000000.0,11000000.0
2025-07-02,0.0,0.0,0.0,0.0,-1015.625,337.96875,15000000.0,5000000.0,0.0,0.0,0.0,0.0,-1015.625,675.9375,15000000.0,5000000.0
2025-07-03,0.0,0.0,0.0,0.0,21031.25,202.6875,12000000.0,3000000.0,0.0,0.0,0.0,0.0,21031.25,405.375,12000000.0,3000000.0
2025-07-07,0.0,0.0,0.0,0.0,26632.8125,0.0,12000000.0,0.0,0.0,0.0,0.0,0.0,26632.8125,0.0,12000000.0,0.0
2025-07-08,0.0,0.0,0.0,0.0,7210.9375,417.03125,13000000.0,18000000.0,0.0,0.0,0.0,0.0,7210.9375,834.0625,13000000.0,18000000.0
2025-07-09,0.0,0.0,0.0,0.0,-18687.5,387.75,13000000.0,5000000.0,0.0,0.0,0.0,0.0,-18687.5,775.5,13000000.0,5000000.0
2025-07-10,0.0,0.0,0.0,0.0,-5593.75,365.75,13000000.0,3000000.0,0.0,0.0,0.0,0.0,-5593.75,731.5,13000000.0,3000000.0
2025-07-11,0.0,0.0,0.0,0.0,-46500.0,0.0,13000000.0,0.0,0.0,0.0,0.0,0.0,-46500.0,0.0,13000000.0,0.0
2025-07-14,0.0,0.0,0.0,0.0,-1375.0,0.0,13000000.0,0.0,0.0,0.0,0.0,0.0,-1375.0,0.0,13000000.0,0.0
2025-07-15,0.0,0.0,0.0,0.0,-33156.25,215.875,4000000.0,9000000.0,0.0,0.0,0.0,0.0,-33156.25,431.75,4000000.0,9000000.0
2025-07-16,0.0,0.0,0.0,0.0,7875.0,460.875,3000000.0,4000000.0,0.0,0.0,0.0,0.0,7875.0,921.75,3000000.0,4000000.0
2025-07-17,0.0,0.0,0.0,0.0,468.75,199.5,2000000.0,1000000.0,0.0,0.0,0.0,0.0,468.75,399.0,2000000.0,1000000.0
2025-07-18,0.0,0.0,0.0,0.0,-4687.5,0.0,2000000.0,0.0,0.0,0.0,0.0,0.0,-4687.5,0.0,2000000.0,0.0
2025-07-21,0.0,0.0,0.0,0.0,-15000.0,490.625,18000000.0,16000000.0,0.0,0.0,0.0,0.0,-15000.0,981.25,18000000.0,16000000.0
2025-07-22,0.0,0.0,0.0,0.0,-17937.5,264.375,21000000.0,3000000.0,0.0,0.0,0.0,0.0,-17937.5,528.75,21000000.0,3000000.0
2025-07-23,0.0,0.0,0.0,0.0,43140.625,382.375,20000000.0,3000000.0,0.0,0.0,0.0,0.0,43140.625,764.75,20000000.0,3000000.0
2025-07-24,0.0,0.0,0.0,0.0,22312.5,0.0,20000000.0,0.0,0.0,0.0,0.0,0.0,22312.5,0.0,20000000.0,0.0
2025-07-25,0.0,616.875,8000000.0,8000000.0,-8187.5,0.0,20000000.0,0.0,0.0,1233.75,8000000.0,8000000.0,-8187.5,0.0,20000000.0,0.0
2025-07-28,-15312.5,0.0,8000000.0,0.0,10687.5,740.84375,13000000.0,24000000.0,-15312.5,0.0,8000000.0,0.0,10687.5,1481.6875,13000000.0,24000000.0
2025-07-29,41562.5,0.0,8000000.0,0.0,5226.5625,533.9375,17000000.0,11000000.0,41562.5,0.0,8000000.0,0.0,5226.5625,1067.875,17000000.0,11000000.0
2025-07-30,-25156.25,0.0,8000000.0,0.0,-16570.3125,353.3125,19000000.0,4000000.0,-25156.25,0.0,8000000.0,0.0,-16570.3125,706.625,19000000.0,4000000.0
2025-07-31,4375.0,616.875,0.0,8000000.0,-2937.5,216.125,20000000.0,2000000.0,4375.0,1233.75,0.0,8000000.0,-2937.5,432.25,20000000.0,2000000.0
2025-08-01,0.0,0.0,0.0,0.0,-14460.9375,0.0,20000000.0,0.0,0.0,0.0,0.0,0.0,-14460.9375,0.0,20000000.0,0.0
2025-08-04,0.0,0.0,0.0,0.0,-1867.1875,250.21875,12000000.0,8000000.0,0.0,0.0,0.0,0.0,-1867.1875,500.4375,12000000.0,8000000.0
2025-08-05,0.0,0.0,0.0,0.0,-5328.125,519.78125,15000000.0,18000000.0,0.0,0.0,0.0,0.0,-5328.125,1039.5625,15000000.0,18000000.0
2025-08-06,0.0,0.0,0.0,0.0,18039.0625,431.8125,15000000.0,6000000.0,0.0,0.0,0.0,0.0,18039.0625,863.625,15000000.0,6000000.0
2025-08-07,0.0,0.0,0.0,0.0,-8992.1875,415.625,15000000.0,3000000.0,0.0,0.0,0.0,0.0,-8992.1875,831.25,15000000.0,3000000.0
2025-08-08,0.0,0.0,0.0,0.0,-23929.6875,0.0,15000000.0,0.0,0.0,0.0,0.0,0.0,-23929.6875,0.0,15000000.0,0.0
2025-08-11,0.0,0.0,0.0,0.0,6023.4375,0.0,15000000.0,0.0,0.0,0.0,0.0,0.0,6023.4375,0.0,15000000.0,0.0
2025-08-12,0.0,0.0,0.0,0.0,-9093.75,250.21875,4000000.0,11000000.0,0.0,0.0,0.0,0.0,-9093.75,500.4375,4000000.0,11000000.0
2025-08-13,0.0,0.0,0.0,0.0,24375.0,477.5,3000000.0,5000000.0,0.0,0.0,0.0,0.0,24375.0,955.0,3000000.0,5000000.0
2025-08-14,0.0,0.0,0.0,0.0,375.0,199.5,2000000.0,1000000.0,0.0,0.0,0.0,0.0,375.0,399.0,2000000.0,1000000.0
2025-08-15,0.0,0.0,0.0,0.0,10500.0,0.0,2000000.0,0.0,0.0,0.0,0.0,0.0,10500.0,0.0,2000000.0,0.0
2025-08-18,0.0,0.0,0.0,0.0,3500.0,0.0,2000000.0,0.0,0.0,0.0,0.0,0.0,3500.0,0.0,2000000.0,0.0
2025-08-19,0.0,0.0,0.0,0.0,-9000.0,269.84375,13000000.0,11000000.0,0.0,0.0,0.0,0.0,-9000.0,539.6875,13000000.0,11000000.0
2025-08-20,0.0,0.0,0.0,0.0,-4007.8125,767.5,19000000.0,9000000.0,0.0,0.0,0.0,0.0,-4007.8125,1535.0,19000000.0,9000000.0
2025-08-21,0.0,0.0,0.0,0.0,14023.4375,282.0,22000000.0,4000000.0,0.0,0.0,0.0,0.0,14023.4375,564.0,22000000.0,4000000.0
2025-08-22,0.0,0.0,0.0,0.0,-50664.0625,0.0,22000000.0,0.0,0.0,0.0,0.0,0.0,-50664.0625,0.0,22000000.0,0.0
2025-08-25,0.0,1260.1875,16000000.0,16000000.0,19828.125,0.0,22000000.0,0.0,0.0,2520.375,16000000.0,16000000.0,19828.125,0.0,22000000.0,0.0
2025-08-26,33515.625,0.0,16000000.0,0.0,-31976.5625,529.875,22000000.0,23000000.0,33515.625,0.0,16000000.0,0.0,-31976.5625,1059.75,22000000.0,23000000.0
2025-08-27,29046.875,0.0,16000000.0,0.0,-8609.375,732.09375,20000000.0,12000000.0,29046.875,0.0,16000000.0,0.0,-8609.375,1464.1875,20000000.0,12000000.0
2025-08-28,22343.75,0.0,16000000.0,0.0,-6015.625,564.0,20000000.0,7000000.0,22343.75,0.0,16000000.0,0.0,-6015.625,1128.0,20000000.0,7000000.0
2025-08-29,-13406.25,1260.1875,0.0,16000000.0,-1710.9375,0.0,20000000.0,0.0,-13406.25,2520.375,0.0,16000000.0,-1710.9375,0.0,20000000.0,0.0
2025-09-02,0.0,0.0,0.0,0.0,-29281.25,235.5,30000000.0,10000000.0,0.0,0.0,0.0,0.0,-29281.25,471.0,30000000.0,10000000.0
2025-09-03,0.0,0.0,0.0,0.0,27242.1875,497.96875,22000000.0,14000000.0,0.0,0.0,0.0,0.0,27242.1875,995.9375,22000000.0,14000000.0
2025-09-04,0.0,0.0,0.0,0.0,804.6875,463.34375,18000000.0,7000000.0,0.0,0.0,0.0,0.0,804.6875,926.6875,18000000.0,7000000.0
2025-09-05,0.0,0.0,0.0,0.0,-47921.875,282.0,15000000.0,4000000.0,0.0,0.0,0.0,0.0,-47921.875,564.0,15000000.0,4000000.0
2025-09-08,0.0,0.0,0.0,0.0,-33359.375,0.0,15000000.0,0.0,0.0,0.0,0.0,0.0,-33359.375,0.0,15000000.0,0.0
2025-09-09,0.0,0.0,0.0,0.0,23140.625,797.78125,19000000.0,24000000.0,0.0,0.0,0.0,0.0,23140.625,1595.5625,19000000.0,24000000.0
2025-09-10,0.0,0.0,0.0,0.0,-29273.4375,361.3125,17000000.0,5000000.0,0.0,0.0,0.0,0.0,-29273.4375,722.625,17000000.0,5000000.0
2025-09-11,0.0,0.0,0.0,0.0,-7164.0625,349.125,16000000.0,3000000.0,0.0,0.0,0.0,0.0,-7164.0625,698.25,16000000.0,3000000.0
2025-09-12,0.0,0.0,0.0,0.0,-7632.8125,0.0,16000000.0,0.0,0.0,0.0,0.0,0.0,-7632.8125,0.0,16000000.0,0.0
2025-09-15,0.0,0.0,0.0,0.0,3140.625,0.0,16000000.0,0.0,0.0,0.0,0.0,0.0,3140.625,0.0,16000000.0,0.0
2025-09-16,0.0,0.0,0.0,0.0,6062.5,854.1875,10000000.0,21000000.0,0.0,0.0,0.0,0.0,6062.5,1708.375,10000000.0,21000000.0
2025-09-17,0.0,0.0,0.0,0.0,-10460.9375,383.40625,14000000.0,7000000.0,0.0,0.0,0.0,0.0,-10460.9375,766.8125,14000000.0,7000000.0
2025-09-18,0.0,0.0,0.0,0.0,-6609.375,424.8125,17000000.0,5000000.0,0.0,0.0,0.0,0.0,-6609.375,849.625,17000000.0,5000000.0
2025-09-19,0.0,0.0,0.0,0.0,12367.1875,0.0,17000000.0,0.0,0.0,0.0,0.0,0.0,12367.1875,0.0,17000000.0,0.0
2025-09-22,0.0,0.0,0.0,0.0,4078.125,0.0,17000000.0,0.0,0.0,0.0,0.0,0.0,4078.125,0.0,17000000.0,0.0
2025-09-23,0.0,0.0,0.0,0.0,-7742.1875,581.375,22000000.0,19000000.0,0.0,0.0,0.0,0.0,-7742.1875,1162.75,22000000.0,19000000.0
2025-09-24,0.0,1392.375,18000000.0,18000000.0,9617.1875,524.96875,22000000.0,12000000.0,0.0,2784.75,18000000.0,18000000.0,9617.1875,1049.9375,22000000.0,12000000.0
2025-09-25,-49375.0,0.0,18000000.0,0.0,-19500.0,616.875,22000000.0,8000000.0,-49375.0,0.0,18000000.0,0.0,-19500.0,1233.75,22000000.0,8000000.0
2025-09-26,-9875.0,0.0,18000000.0,0.0,1460.9375,0.0,22000000.0,0.0,-9875.0,0.0,18000000.0,0.0,1460.9375,0.0,22000000.0,0.0
2025-09-29,39500.0,0.0,18000000.0,0.0,18343.75,0.0,22000000.0,0.0,39500.0,0.0,18000000.0,0.0,18343.75,0.0,22000000.0,0.0
2025-09-30,-2468.75,1392.375,0.0,18000000.0,8015.625,588.75,23000000.0,25000000.0,-2468.75,2784.75,0.0,18000000.0,8015.625,1177.5,23000000.0,25000000.0
2025-10-01,0.0,0.0,0.0,0.0,11765.625,520.5,20000000.0,9000000.0,0.0,0.0,0.0,0.0,11765.625,1041.0,20000000.0,9000000.0
2025-10-02,0.0,0.0,0.0,0.0,-1296.875,541.1875,18000000.0,6000000.0,0.0,0.0,0.0,0.0,-1296.875,1082.375,18000000.0,6000000.0
2025-10-03,0.0,0.0,0.0,0.0,19164.0625,0.0,18000000.0,0.0,0.0,0.0,0.0,0.0,19164.0625,0.0,18000000.0,0.0
2025-10-06,0.0,0.0,0.0,0.0,28875.0,0.0,18000000.0,0.0,0.0,0.0,0.0,0.0,28875.0,0.0,18000000.0,0.0
2025-10-07,0.0,0.0,0.0,0.0,-23570.3125,598.5625,18000000.0,25000000.0,0.0,0.0,0.0,0.0,-23570.3125,1197.125,18000000.0,25000000.0
2025-10-08,0.0,0.0,0.0,0.0,-4218.75,519.9375,18000000.0,7000000.0,0.0,0.0,0.0,0.0,-4218.75,1039.875,18000000.0,7000000.0
2025-10-09,0.0,0.0,0.0,0.0,-6351.5625,482.125,18000000.0,3000000.0,0.0,0.0,0.0,0.0,-6351.5625,964.25,18000000.0,3000000.0
2025-10-10,0.0,0.0,0.0,0.0,73890.625,0.0,18000000.0,0.0,0.0,0.0,0.0,0.0,73890.625,0.0,18000000.0,0.0
2025-10-14,0.0,0.0,0.0,0.0,21734.375,0.0,18000000.0,0.0,0.0,0.0,0.0,0.0,21734.375,0.0,18000000.0,0.0
2025-10-15,0.0,0.0,0.0,0.0,-16984.375,615.15625,7000000.0,15000000.0,0.0,0.0,0.0,0.0,-16984.375,1230.3125,7000000.0,15000000.0
2025-10-16,0.0,0.0,0.0,0.0,19000.0,264.375,4000000.0,3000000.0,0.0,0.0,0.0,0.0,19000.0,528.75,4000000.0,3000000.0
2025-10-17,0.0,0.0,0.0,0.0,562.5,249.375,2000000.0,2000000.0,0.0,0.0,0.0,0.0,562.5,498.75,2000000.0,2000000.0
2025-10-20,0.0,0.0,0.0,0.0,-5937.5,569.125,21000000.0,19000000.0,0.0,0.0,0.0,0.0,-5937.5,1138.25,21000000.0,19000000.0
2025-10-21,0.0,0.0,0.0,0.0,-13492.1875,326.0625,25000000.0,4000000.0,0.0,0.0,0.0,0.0,-13492.1875,652.125,25000000.0,4000000.0
2025-10-22,0.0,0.0,0.0,0.0,-7140.625,465.5,24000000.0,3000000.0,0.0,0.0,0.0,0.0,-7140.625,931.0,24000000.0,3000000.0
2025-10-23,0.0,0.0,0.0,0.0,28328.125,0.0,24000000.0,0.0,0.0,0.0,0.0,0.0,28328.125,0.0,24000000.0,0.0
2025-10-24,0.0,0.0,0.0,0.0,1296.875,0.0,24000000.0,0.0,0.0,0.0,0.0,0.0,1296.875,0.0,24000000.0,0.0
2025-10-27,0.0,766.6875,10000000.0,10000000.0,9132.8125,868.40625,15000000.0,29000000.0,0.0,1533.375,10000000.0,10000000.0,9132.8125,1736.8125,15000000.0,29000000.0
2025-10-28,4078.125,0.0,10000000.0,0.0,1023.4375,493.5,13000000.0,6000000.0,4078.125,0.0,10000000.0,0.0,1023.4375,987.0,13000000.0,6000000.0
2025-10-29,-48937.5,0.0,10000000.0,0.0,-39906.25,149.625,12000000.0,1000000.0,-48937.5,0.0,10000000.0,0.0,-39906.25,299.25,12000000.0,1000000.0
2025-10-30,-17671.875,0.0,10000000.0,0.0,-10328.125,0.0,12000000.0,0.0,-17671.875,0.0,10000000.0,0.0,-10328.125,0.0,12000000.0,0.0
2025-10-31,-2718.75,766.6875,0.0,10000000.0,-593.75,0.0,12000000.0,0.0,-2718.75,1533.375,0.0,10000000.0,-593.75,0.0,12000000.0,0.0
2025-11-03,0.0,0.0,0.0,0.0,1226.5625,691.78125,19000000.0,26000000.0,0.0,0.0,0.0,0.0,1226.5625,1383.5625,19000000.0,26000000.0
2025-11-04,0.0,0.0,0.0,0.0,-2921.875,467.0625,21000000.0,6000000.0,0.0,0.0,0.0,0.0,-2921.875,934.125,21000000.0,6000000.0
2025-11-05,0.0,0.0,0.0,0.0,36343.75,249.375,22000000.0,2000000.0,0.0,0.0,0.0,0.0,36343.75,498.75,22000000.0,2000000.0
2025-11-06,0.0,0.0,0.0,0.0,-53250.0,0.0,22000000.0,0.0,0.0,0.0,0.0,0.0,-53250.0,0.0,22000000.0,0.0
2025-11-07,0.0,0.0,0.0,0.0,781.25,0.0,22000000.0,0.0,0.0,0.0,0.0,0.0,781.25,0.0,22000000.0,0.0
2025-11-10,0.0,0.0,0.0,0.0,16406.25,780.09375,22000000.0,33000000.0,0.0,0.0,0.0,0.0,16406.25,1560.1875,22000000.0,33000000.0
2025-11-12,0.0,0.0,0.0,0.0,-19828.125,948.375,25000000.0,10000000.0,0.0,0.0,0.0,0.0,-19828.125,1896.75,25000000.0,10000000.0
2025-11-13,0.0,0.0,0.0,0.0,7031.25,515.375,25000000.0,4000000.0,0.0,0.0,0.0,0.0,7031.25,1030.75,25000000.0,4000000.0
2025-11-14,0.0,0.0,0.0,0.0,-20742.1875,0.0,25000000.0,0.0,0.0,0.0,0.0,0.0,-20742.1875,0.0,25000000.0,0.0
2025-11-17,0.0,0.0,0.0,0.0,6265.625,122.65625,30000000.0,5000000.0,0.0,0.0,0.0,0.0,6265.625,245.3125,30000000.0,5000000.0
2025-11-18,0.0,0.0,0.0,0.0,6476.5625,701.59375,21000000.0,23000000.0,0.0,0.0,0.0,0.0,6476.5625,1403.1875,21000000.0,23000000.0
2025-11-19,0.0,0.0,0.0,0.0,3531.25,1368.0,21000000.0,14000000.0,0.0,0.0,0.0,0.0,3531.25,2736.0,21000000.0,14000000.0
2025-11-20,0.0,0.0,0.0,0.0,-9257.8125,266.0,19000000.0,2000000.0,0.0,0.0,0.0,0.0,-9257.8125,532.0,19000000.0,2000000.0
2025-11-21,0.0,1753.6875,23000000.0,23000000.0,-30140.625,0.0,19000000.0,0.0,0.0,3507.375,23000000.0,23000000.0,-30140.625,0.0,19000000.0,0.0
2025-11-24,24875.0,0.0,23000000.0,0.0,2515.625,490.625,30000000.0,21000000.0,24875.0,0.0,23000000.0,0.0,2515.625,981.25,30000000.0,21000000.0
2025-11-25,52859.375,0.0,23000000.0,0.0,-8992.1875,632.90625,30000000.0,14000000.0,52859.375,0.0,23000000.0,0.0,-8992.1875,1265.8125,30000000.0,14000000.0
2025-11-26,-3109.375,0.0,23000000.0,0.0,-6648.4375,1098.1875,28000000.0,12000000.0,-3109.375,0.0,23000000.0,0.0,-6648.4375,2196.375,28000000.0,12000000.0
2025-11-28,-46640.625,1753.6875,0.0,23000000.0,-22968.75,0.0,28000000.0,0.0,-46640.625,3507.375,0.0,23000000.0,-22968.75,0.0,28000000.0,0.0
2025-12-01,0.0,0.0,0.0,0.0,-58656.25,53.96875,30000000.0,2000000.0,0.0,0.0,0.0,0.0,-58656.25,107.9375,30000000.0,2000000.0
2025-12-02,0.0,0.0,0.0,0.0,12257.8125,667.59375,18000000.0,20000000.0,0.0,0.0,0.0,0.0,12257.8125,1335.1875,18000000.0,20000000.0
2025-12-03,0.0,0.0,0.0,0.0,8312.5,318.90625,11000000.0,7000000.0,0.0,0.0,0.0,0.0,8312.5,637.8125,11000000.0,7000000.0
2025-12-04,0.0,0.0,0.0,0.0,1203.125,528.5625,7000000.0,6000000.0,0.0,0.0,0.0,0.0,1203.125,1057.125,7000000.0,6000000.0
2025-12-05,0.0,0.0,0.0,0.0,15609.375,0.0,7000000.0,0.0,0.0,0.0,0.0,0.0,15609.375,0.0,7000000.0,0.0
2025-12-08,0.0,0.0,0.0,0.0,15617.1875,264.9375,14000000.0,11000000.0,0.0,0.0,0.0,0.0,15617.1875,529.875,14000000.0,11000000.0
2025-12-09,0.0,0.0,0.0,0.0,-2335.9375,458.25,12000000.0,6000000.0,0.0,0.0,0.0,0.0,-2335.9375,916.5,12000000.0,6000000.0
2025-12-10,0.0,0.0,0.0,0.0,7953.125,382.375,15000000.0,3000000.0,0.0,0.0,0.0,0.0,7953.125,764.75,15000000.0,3000000.0
2025-12-11,0.0,0.0,0.0,0.0,2437.5,448.875,16000000.0,3000000.0,0.0,0.0,0.0,0.0,2437.5,897.75,16000000.0,3000000.0
2025-12-12,0.0,0.0,0.0,0.0,-8992.1875,0.0,16000000.0,0.0,0.0,0.0,0.0,0.0,-8992.1875,0.0,16000000.0,0.0
2025-12-15,0.0,0.0,0.0,0.0,3726.5625,647.625,25000000.0,28000000.0,0.0,0.0,0.0,0.0,3726.5625,1295.25,25000000.0,28000000.0
2025-12-16,0.0,0.0,0.0,0.0,-6476.5625,453.0,30000000.0,9000000.0,0.0,0.0,0.0,0.0,-6476.5625,906.0,30000000.0,9000000.0
2025-12-17,0.0,0.0,0.0,0.0,3289.0625,647.5625,30000000.0,5000000.0,0.0,0.0,0.0,0.0,3289.0625,1295.125,30000000.0,5000000.0
2025-12-18,0.0,0.0,0.0,0.0,-9187.5,299.25,28000000.0,2000000.0,0.0,0.0,0.0,0.0,-9187.5,598.5,28000000.0,2000000.0
2025-12-19,0.0,0.0,0.0,0.0,18218.75,0.0,28000000.0,0.0,0.0,0.0,0.0,0.0,18218.75,0.0,28000000.0,0.0
2025-12-22,0.0,0.0,0.0,0.0,15750.0,853.6875,27000000.0,36000000.0,0.0,0.0,0.0,0.0,15750.0,1707.375,27000000.0,36000000.0
2025-12-23,0.0,0.0,0.0,0.0,-2656.25,623.09375,28000000.0,14000000.0,0.0,0.0,0.0,0.0,-2656.25,1246.1875,28000000.0,14000000.0
2025-12-24,0.0,1797.75,23000000.0,23000000.0,15734.375,644.125,30000000.0,7000000.0,0.0,3595.5,23000000.0,23000000.0,15734.375,1288.25,30000000.0,7000000.0
2025-12-26,12750.0,0.0,23000000.0,0.0,17078.125,0.0,30000000.0,0.0,12750.0,0.0,23000000.0,0.0,17078.125,0.0,30000000.0,0.0
2025-12-29,28687.5,0.0,23000000.0,0.0,16734.375,0.0,30000000.0,0.0,28687.5,0.0,23000000.0,0.0,16734.375,0.0,30000000.0,0.0
2025-12-30,-15937.5,0.0,23000000.0,0.0,-2414.0625,417.03125,12000000.0,18000000.0,-15937.5,0.0,23000000.0,0.0,-2414.0625,834.0625,12000000.0,18000000.0
2025-12-31,-41437.5,1797.75,0.0,23000000.0,-16585.9375,328.71875,5000000.0,7000000.0,-41437.5,3595.5,0.0,23000000.0,-16585.9375,657.4375,5000000.0,7000000.0
2026-01-02,0.0,0.0,0.0,0.0,-10078.125,378.9375,0.0,5000000.0,0.0,0.0,0.0,0.0,-10078.125,757.875,0.0,5000000.0
2026-01-05,0.0,0.0,0.0,0.0,0.0,777.4375,23000000.0,23000000.0,0.0,0.0,0.0,0.0,0.0,1554.875,23000000.0,23000000.0
2026-01-06,0.0,0.0,0.0,0.0,12531.25,315.875,26000000.0,2000000.0,0.0,0.0,0.0,0.0,12531.25,631.75,26000000.0,2000000.0
2026-01-07,0.0,0.0,0.0,0.0,-33718.75,0.0,26000000.0,0.0,0.0,0.0,0.0,0.0,-33718.75,0.0,26000000.0,0.0
2026-01-08,0.0,0.0,0.0,0.0,37062.5,0.0,26000000.0,0.0,0.0,0.0,0.0,0.0,37062.5,0.0,26000000.0,0.0
2026-01-09,0.0,0.0,0.0,0.0,984.375,0.0,26000000.0,0.0,0.0,0.0,0.0,0.0,984.375,0.0,26000000.0,0.0
2026-01-12,0.0,0.0,0.0,0.0,13171.875,1592.125,27000000.0,48000000.0,0.0,0.0,0.0,0.0,13171.875,3184.25,27000000.0,48000000.0
2026-01-13,0.0,0.0,0.0,0.0,7328.125,1064.0,30000000.0,8000000.0,0.0,0.0,0.0,0.0,7328.125,2128.0,30000000.0,8000000.0
2026-01-14,0.0,0.0,0.0,0.0,17328.125,0.0,30000000.0,0.0,0.0,0.0,0.0,0.0,17328.125,0.0,30000000.0,0.0
2026-01-15,0.0,0.0,0.0,0.0,-23687.5,0.0,30000000.0,0.0,0.0,0.0,0.0,0.0,-23687.5,0.0,30000000.0,0.0
2026-01-16,0.0,0.0,0.0,0.0,-34484.375,9.8125,30000000.0,0.0,0.0,0.0,0.0,0.0,-34484.375,19.625,30000000.0,0.0
2026-01-20,0.0,0.0,0.0,0.0,-21421.875,1192.46875,14000000.0,33000000.0,0.0,0.0,0.0,0.0,-21421.875,2384.9375,14000000.0,33000000.0
2026-01-21,0.0,0.0,0.0,0.0,-6625.0,947.625,10000000.0,7000000.0,0.0,0.0,0.0,0.0,-6625.0,1895.25,10000000.0,7000000.0
2026-01-22,0.0,0.0,0.0,0.0,8796.875,211.5,13000000.0,3000000.0,0.0,0.0,0.0,0.0,8796.875,423.0,13000000.0,3000000.0
2026-01-23,0.0,0.0,0.0,0.0,-3703.125,0.0,13000000.0,0.0,0.0,0.0,0.0,0.0,-3703.125,0.0,13000000.0,0.0
2026-01-26,0.0,987.0,13000000.0,13000000.0,-5156.25,201.15625,17000000.0,4000000.0,0.0,1974.0,13000000.0,13000000.0,-5156.25,402.3125,17000000.0,4000000.0
2026-01-27,-3500.0,0.0,13000000.0,0.0,-4187.5,569.125,13000000.0,13000000.0,-3500.0,0.0,13000000.0,0.0,-4187.5,1138.25,13000000.0,13000000.0
2026-01-28,-17500.0,0.0,13000000.0,0.0,-8812.5,199.5,11000000.0,1000000.0,-17500.0,0.0,13000000.0,0.0,-8812.5,399.0,11000000.0,1000000.0
2026-01-29,24500.0,0.0,13000000.0,0.0,7546.875,660.9375,14000000.0,8000000.0,24500.0,0.0,13000000.0,0.0,7546.875,1321.875,14000000.0,8000000.0
2026-01-30,-3500.0,987.0,0.0,13000000.0,2062.5,0.0,14000000.0,0.0,-3500.0,1974.0,0.0,13000000.0,2062.5,0.0,14000000.0,0.0
2026-02-02,0.0,0.0,0.0,0.0,-25359.375,191.34375,10000000.0,4000000.0,0.0,0.0,0.0,0.0,-25359.375,382.6875,10000000.0,4000000.0
2026-02-03,0.0,0.0,0.0,0.0,-609.375,740.84375,29000000.0,28000000.0,0.0,0.0,0.0,0.0,-609.375,1481.6875,29000000.0,28000000.0
2026-02-04,0.0,0.0,0.0,0.0,-4453.125,70.5,30000000.0,1000000.0,0.0,0.0,0.0,0.0,-4453.125,141.0,30000000.0,1000000.0
2026-02-05,0.0,0.0,0.0,0.0,-10078.125,781.9375,27000000.0,8000000.0,0.0,0.0,0.0,0.0,-10078.125,1563.875,27000000.0,8000000.0
2026-02-06,0.0,0.0,0.0,0.0,2875.0,0.0,27000000.0,0.0,0.0,0.0,0.0,0.0,2875.0,0.0,27000000.0,0.0
2026-02-09,0.0,0.0,0.0,0.0,-10125.0,0.0,27000000.0,0.0,0.0,0.0,0.0,0.0,-10125.0,0.0,27000000.0,0.0
2026-02-10,0.0,0.0,0.0,0.0,-38250.0,1524.4375,30000000.0,50000000.0,0.0,0.0,0.0,0.0,-38250.0,3048.875,30000000.0,50000000.0
2026-02-11,0.0,0.0,0.0,0.0,-4578.125,141.0,30000000.0,2000000.0,0.0,0.0,0.0,0.0,-4578.125,282.0,30000000.0,2000000.0
2026-02-12,0.0,0.0,0.0,0.0,-38390.625,648.375,30000000.0,5000000.0,0.0,0.0,0.0,0.0,-38390.625,1296.75,30000000.0,5000000.0
2026-02-13,0.0,0.0,0.0,0.0,26406.25,0.0,30000000.0,0.0,0.0,0.0,0.0,0.0,26406.25,0.0,30000000.0,0.0
2026-02-17,0.0,0.0,0.0,0.0,-11875.0,0.0,30000000.0,0.0,0.0,0.0,0.0,0.0,-11875.0,0.0,30000000.0,0.0
2026-02-18,0.0,0.0,0.0,0.0,-10859.375,1746.8125,14000000.0,38000000.0,0.0,0.0,0.0,0.0,-10859.375,3493.625,14000000.0,38000000.0
2026-02-19,0.0,0.0,0.0,0.0,3500.0,502.3125,19000000.0,6000000.0,0.0,0.0,0.0,0.0,3500.0,1004.625,19000000.0,6000000.0
2026-02-20,0.0,0.0,0.0,0.0,-11765.625,315.875,17000000.0,2000000.0,0.0,0.0,0.0,0.0,-11765.625,631.75,17000000.0,2000000.0
2026-02-23,0.0,2044.5,26000000.0,26000000.0,-30359.375,0.0,17000000.0,0.0,0.0,4089.0,26000000.0,26000000.0,-30359.375,0.0,17000000.0,0.0
2026-02-24,-21750.0,0.0,26000000.0,0.0,11281.25,309.09375,30000000.0,13000000.0,-21750.0,0.0,26000000.0,0.0,11281.25,618.1875,30000000.0,13000000.0
2026-02-25,-29000.0,0.0,26000000.0,0.0,3492.1875,1144.75,27000000.0,19000000.0,-29000.0,0.0,26000000.0,0.0,3492.1875,2289.5,27000000.0,19000000.0
2026-02-26,58000.0,0.0,26000000.0,0.0,5429.6875,863.625,27000000.0,11000000.0,58000.0,0.0,26000000.0,0.0,5429.6875,1727.25,27000000.0,11000000.0
2026-02-27,105125.0,2044.5,0.0,26000000.0,64265.625,0.0,27000000.0,0.0,105125.0,4089.0,0.0,26000000.0,64265.625,0.0,27000000.0,0.0
2026-03-02,0.0,0.0,0.0,0.0,-104312.5,0.0,27000000.0,0.0,0.0,0.0,0.0,0.0,-104312.5,0.0,27000000.0,0.0
2026-03-03,0.0,0.0,0.0,0.0,-9968.75,686.875,30000000.0,29000000.0,0.0,0.0,0.0,0.0,-9968.75,1373.75,30000000.0,29000000.0
2026-03-04,0.0,0.0,0.0,0.0,-9773.4375,698.9375,26000000.0,13000000.0,0.0,0.0,0.0,0.0,-9773.4375,1397.875,26000000.0,13000000.0
2026-03-05,0.0,0.0,0.0,0.0,17296.875,747.6875,23000000.0,8000000.0,0.0,0.0,0.0,0.0,17296.875,1495.375,23000000.0,8000000.0
2026-03-06,0.0,0.0,0.0,0.0,-15492.1875,0.0,23000000.0,0.0,0.0,0.0,0.0,0.0,-15492.1875,0.0,23000000.0,0.0
2026-03-09,0.0,0.0,0.0,0.0,4898.4375,0.0,23000000.0,0.0,0.0,0.0,0.0,0.0,4898.4375,0.0,23000000.0,0.0
2026-03-10,0.0,0.0,0.0,0.0,4664.0625,1213.4375,28000000.0,37000000.0,0.0,0.0,0.0,0.0,4664.0625,2426.875,28000000.0,37000000.0
2026-03-11,0.0,0.0,0.0,0.0,61843.75,493.5,26000000.0,6000000.0,0.0,0.0,0.0,0.0,61843.75,987.0,26000000.0,6000000.0
2026-03-12,0.0,0.0,0.0,0.0,-29992.1875,465.5,25000000.0,3000000.0,0.0,0.0,0.0,0.0,-29992.1875,931.0,25000000.0,3000000.0
2026-03-13,0.0,0.0,0.0,0.0,14234.375,0.0,25000000.0,0.0,0.0,0.0,0.0,0.0,14234.375,0.0,25000000.0,0.0
2026-03-16,0.0,0.0,0.0,0.0,16859.375,0.0,25000000.0,0.0,0.0,0.0,0.0,0.0,16859.375,0.0,25000000.0,0.0
2026-03-17,0.0,0.0,0.0,0.0,2953.125,1214.78125,13000000.0,31000000.0,0.0,0.0,0.0,0.0,2953.125,2429.5625,13000000.0,31000000.0
2026-03-18,0.0,0.0,0.0,0.0,-8859.375,476.53125,17000000.0,9000000.0,0.0,0.0,0.0,0.0,-8859.375,953.0625,17000000.0,9000000.0
2026-03-19,0.0,0.0,0.0,0.0,37937.5,528.5625,21000000.0,6000000.0,0.0,0.0,0.0,0.0,37937.5,1057.125,21000000.0,6000000.0
2026-03-20,0.0,0.0,0.0,0.0,48015.625,0.0,21000000.0,0.0,0.0,0.0,0.0,0.0,48015.625,0.0,21000000.0,0.0
2026-03-23,0.0,0.0,0.0,0.0,-38828.125,0.0,21000000.0,0.0,0.0,0.0,0.0,0.0,-38828.125,0.0,21000000.0,0.0
2026-03-24,0.0,0.0,0.0,0.0,54070.3125,722.5625,26000000.0,24000000.0,0.0,0.0,0.0,0.0,54070.3125,1445.125,26000000.0,24000000.0
2026-03-25,0.0,1603.875,20000000.0,20000000.0,-24203.125,593.65625,26000000.0,13000000.0,0.0,3207.75,20000000.0,20000000.0,-24203.125,1187.3125,26000000.0,13000000.0
2026-03-26,-130812.5,0.0,20000000.0,0.0,-27437.5,713.8125,25000000.0,9000000.0,-130812.5,0.0,20000000.0,0.0,-27437.5,1427.625,25000000.0,9000000.0
2026-03-27,-2843.75,0.0,20000000.0,0.0,27250.0,0.0,25000000.0,0.0,-2843.75,0.0,20000000.0,0.0,27250.0,0.0,25000000.0,0.0
2026-03-30,119437.5,0.0,20000000.0,0.0,71921.875,0.0,25000000.0,0.0,119437.5,0.0,20000000.0,0.0,71921.875,0.0,25000000.0,0.0
2026-03-31,42656.25,1603.875,0.0,20000000.0,22531.25,642.71875,23000000.0,27000000.0,42656.25,3207.75,0.0,20000000.0,22531.25,1285.4375,23000000.0,27000000.0
2026-04-01,0.0,0.0,0.0,0.0,-5070.3125,531.3125,20000000.0,9000000.0,0.0,0.0,0.0,0.0,-5070.3125,1062.625,20000000.0,9000000.0
2026-04-02,0.0,0.0,0.0,0.0,-1515.625,600.875,18000000.0,6000000.0,0.0,0.0,0.0,0.0,-1515.625,1201.75,18000000.0,6000000.0
2026-04-03,0.0,0.0,0.0,0.0,26679.6875,0.0,18000000.0,0.0,0.0,0.0,0.0,0.0,26679.6875,0.0,18000000.0,0.0
2026-04-06,0.0,0.0,0.0,0.0,-9539.0625,0.0,18000000.0,0.0,0.0,0.0,0.0,0.0,-9539.0625,0.0,18000000.0,0.0
2026-04-07,0.0,0.0,0.0,0.0,7375.0,593.65625,17000000.0,25000000.0,0.0,0.0,0.0,0.0,7375.0,1187.3125,17000000.0,25000000.0
2026-04-08,0.0,0.0,0.0,0.0,-14687.5,502.3125,18000000.0,6000000.0,0.0,0.0,0.0,0.0,-14687.5,1004.625,18000000.0,6000000.0
2026-04-09,0.0,0.0,0.0,0.0,5359.375,532.0,18000000.0,4000000.0,0.0,0.0,0.0,0.0,5359.375,1064.0,18000000.0,4000000.0
2026-04-10,0.0,0.0,0.0,0.0,-15578.125,0.0,18000000.0,0.0,0.0,0.0,0.0,0.0,-15578.125,0.0,18000000.0,0.0
2026-04-13,0.0,0.0,0.0,0.0,14140.625,0.0,18000000.0,0.0,0.0,0.0,0.0,0.0,14140.625,0.0,18000000.0,0.0
2026-04-14,0.0,0.0,0.0,0.0,27390.625,294.375,5000000.0,12000000.0,0.0,0.0,0.0,0.0,27390.625,588.75,5000000.0,12000000.0
2026-04-15,0.0,0.0,0.0,0.0,-12796.875,571.4375,4000000.0,5000000.0,0.0,0.0,0.0,0.0,-12796.875,1142.875,4000000.0,5000000.0
2026-04-16,0.0,0.0,0.0,0.0,-218.75,266.0,2000000.0,2000000.0,0.0,0.0,0.0,0.0,-218.75,532.0,2000000.0,2000000.0
2026-04-17,0.0,0.0,0.0,0.0,-16031.25,0.0,2000000.0,0.0,0.0,0.0,0.0,0.0,-16031.25,0.0,2000000.0,0.0
2026-04-20,0.0,0.0,0.0,0.0,-1187.5,544.59375,20000000.0,18000000.0,0.0,0.0,0.0,0.0,-1187.5,1089.1875,20000000.0,18000000.0
2026-04-21,0.0,0.0,0.0,0.0,36515.625,317.25,24000000.0,4000000.0,0.0,0.0,0.0,0.0,36515.625,634.5,24000000.0,4000000.0
2026-04-22,0.0,0.0,0.0,0.0,7296.875,482.125,23000000.0,3000000.0,0.0,0.0,0.0,0.0,7296.875,964.25,23000000.0,3000000.0
2026-04-23,0.0,0.0,0.0,0.0,19843.75,0.0,23000000.0,0.0,0.0,0.0,0.0,0.0,19843.75,0.0,23000000.0,0.0
2026-04-24,0.0,713.8125,9000000.0,9000000.0,-24242.1875,0.0,23000000.0,0.0,0.0,1427.625,9000000.0,9000000.0,-24242.1875,0.0,23000000.0,0.0
2026-04-27,-15187.5,0.0,9000000.0,0.0,14828.125,809.53125,14000000.0,27000000.0,-15187.5,0.0,9000000.0,0.0,14828.125,1619.0625,14000000.0,27000000.0
2026-04-28,-13921.875,0.0,9000000.0,0.0,-3812.5,475.875,12000000.0,6000000.0,-13921.875,0.0,9000000.0,0.0,-3812.5,951.75,12000000.0,6000000.0
2026-04-29,-40500.0,0.0,9000000.0,0.0,-35968.75,166.25,11000000.0,1000000.0,-40500.0,0.0,9000000.0,0.0,-35968.75,332.5,11000000.0,1000000.0
2026-04-30,18984.375,713.8125,0.0,9000000.0,13500.0,0.0,11000000.0,0.0,18984.375,1427.625,0.0,9000000.0,13500.0,0.0,11000000.0,0.0
2026-05-01,0.0,0.0,0.0,0.0,812.5,0.0,11000000.0,0.0,0.0,0.0,0.0,0.0,812.5,0.0,11000000.0,0.0
2026-05-04,0.0,0.0,0.0,0.0,-24601.5625,549.5,14000000.0,21000000.0,0.0,0.0,0.0,0.0,-24601.5625,1099.0,14000000.0,21000000.0
2026-05-05,0.0,0.0,0.0,0.0,-2343.75,405.375,15000000.0,5000000.0,0.0,0.0,0.0,0.0,-2343.75,810.75,15000000.0,5000000.0
2026-05-06,0.0,0.0,0.0,0.0,-30265.625,282.625,17000000.0,2000000.0,0.0,0.0,0.0,0.0,-30265.625,565.25,17000000.0,2000000.0
2026-05-07,0.0,0.0,0.0,0.0,27578.125,0.0,17000000.0,0.0,0.0,0.0,0.0,0.0,27578.125,0.0,17000000.0,0.0
2026-05-08,0.0,0.0,0.0,0.0,-18890.625,0.0,17000000.0,0.0,0.0,0.0,0.0,0.0,-18890.625,0.0,17000000.0,0.0
2026-05-11,0.0,0.0,0.0,0.0,34375.0,564.21875,17000000.0,24000000.0,0.0,0.0,0.0,0.0,34375.0,1128.4375,17000000.0,24000000.0
2026-05-12,0.0,0.0,0.0,0.0,16257.8125,502.3125,17000000.0,6000000.0,0.0,0.0,0.0,0.0,16257.8125,1004.625,17000000.0,6000000.0
2026-05-13,0.0,0.0,0.0,0.0,4468.75,897.75,19000000.0,6000000.0,0.0,0.0,0.0,0.0,4468.75,1795.5,19000000.0,6000000.0
2026-05-14,0.0,0.0,0.0,0.0,6390.625,0.0,19000000.0,0.0,0.0,0.0,0.0,0.0,6390.625,0.0,19000000.0,0.0
2026-05-15,0.0,0.0,0.0,0.0,-54539.0625,0.0,19000000.0,0.0,0.0,0.0,0.0,0.0,-54539.0625,0.0,19000000.0,0.0
2026-05-18,0.0,0.0,0.0,0.0,-9890.625,549.5,19000000.0,23000000.0,0.0,0.0,0.0,0.0,-9890.625,1099.0,19000000.0,23000000.0
2026-05-19,0.0,0.0,0.0,0.0,-3609.375,491.0625,21000000.0,8000000.0,0.0,0.0,0.0,0.0,-3609.375,982.125,21000000.0,8000000.0
2026-05-20,0.0,0.0,0.0,0.0,-41000.0,1205.1875,22000000.0,10000000.0,0.0,0.0,0.0,0.0,-41000.0,2410.375,22000000.0,10000000.0
2026-05-21,0.0,0.0,0.0,0.0,20640.625,0.0,22000000.0,0.0,0.0,0.0,0.0,0.0,20640.625,0.0,22000000.0,0.0
2026-05-22,0.0,1277.8125,16000000.0,16000000.0,15656.25,0.0,22000000.0,0.0,0.0,2555.625,16000000.0,16000000.0,15656.25,0.0,22000000.0,0.0
2026-05-26,86093.75,0.0,16000000.0,0.0,-39304.6875,539.6875,22000000.0,23000000.0,86093.75,0.0,16000000.0,0.0,-39304.6875,1079.375,22000000.0,23000000.0
2026-05-27,11328.125,0.0,16000000.0,0.0,2062.5,471.0,22000000.0,10000000.0,11328.125,0.0,16000000.0,0.0,2062.5,942.0,22000000.0,10000000.0
2026-05-28,20390.625,0.0,16000000.0,0.0,8085.9375,880.875,20000000.0,9000000.0,20390.625,0.0,16000000.0,0.0,8085.9375,1761.75,20000000.0,9000000.0
2026-05-29,4531.25,1277.8125,0.0,16000000.0,4625.0,0.0,20000000.0,0.0,4531.25,2555.625,0.0,16000000.0,4625.0,0.0,20000000.0,0.0
2026-06-01,0.0,0.0,0.0,0.0,-24546.875,0.0,20000000.0,0.0,0.0,0.0,0.0,0.0,-24546.875,0.0,20000000.0,0.0
2026-06-02,0.0,0.0,0.0,0.0,5453.125,544.59375,20000000.0,23000000.0,0.0,0.0,0.0,0.0,5453.125,1089.1875,20000000.0,23000000.0
2026-06-03,0.0,0.0,0.0,0.0,-8250.0,473.4375,18000000.0,8000000.0,0.0,0.0,0.0,0.0,-8250.0,946.875,18000000.0,8000000.0
2026-06-04,0.0,0.0,0.0,0.0,-7031.25,556.8125,16000000.0,5000000.0,0.0,0.0,0.0,0.0,-7031.25,1113.625,16000000.0,5000000.0
2026-06-05,0.0,0.0,0.0,0.0,45703.125,0.0,16000000.0,0.0,0.0,0.0,0.0,0.0,45703.125,0.0,16000000.0,0.0
2026-06-08,0.0,0.0,0.0,0.0,8656.25,0.0,16000000.0,0.0,0.0,0.0,0.0,0.0,8656.25,0.0,16000000.0,0.0
2026-06-09,0.0,0.0,0.0,0.0,-17421.875,848.75,18000000.0,25000000.0,0.0,0.0,0.0,0.0,-17421.875,1697.5,18000000.0,25000000.0
2026-06-10,0.0,0.0,0.0,0.0,10453.125,361.3125,17000000.0,5000000.0,0.0,0.0,0.0,0.0,10453.125,722.625,17000000.0,5000000.0
2026-06-11,0.0,0.0,0.0,0.0,-19437.5,415.625,16000000.0,3000000.0,0.0,0.0,0.0,0.0,-19437.5,831.25,16000000.0,3000000.0
2026-06-12,0.0,0.0,0.0,0.0,-3437.5,0.0,16000000.0,0.0,0.0,0.0,0.0,0.0,-3437.5,0.0,16000000.0,0.0
2026-06-15,0.0,0.0,0.0,0.0,4468.75,142.28125,22000000.0,6000000.0,0.0,0.0,0.0,0.0,4468.75,284.5625,22000000.0,6000000.0
2026-06-16,0.0,0.0,0.0,0.0,2929.6875,862.90625,12000000.0,17000000.0,0.0,0.0,0.0,0.0,2929.6875,1725.8125,12000000.0,17000000.0
2026-06-17,0.0,0.0,0.0,0.0,15312.5,431.8125,15000000.0,5000000.0,0.0,0.0,0.0,0.0,15312.5,863.625,15000000.0,5000000.0
2026-06-18,0.0,0.0,0.0,0.0,5117.1875,149.625,14000000.0,1000000.0,0.0,0.0,0.0,0.0,5117.1875,299.25,14000000.0,1000000.0
2026-06-22,0.0,0.0,0.0,0.0,20367.1875,0.0,14000000.0,0.0,0.0,0.0,0.0,0.0,20367.1875,0.0,14000000.0,0.0
2026-06-23,0.0,0.0,0.0,0.0,-12171.875,446.46875,20000000.0,19000000.0,0.0,0.0,0.0,0.0,-12171.875,892.9375,20000000.0,19000000.0
2026-06-24,0.0,1445.25,18000000.0,18000000.0,-3226.5625,553.84375,22000000.0,10000000.0,0.0,2890.5,18000000.0,18000000.0,-3226.5625,1107.6875,22000000.0,10000000.0
2026-06-25,15375.0,0.0,18000000.0,0.0,4390.625,634.5,23000000.0,8000000.0,15375.0,0.0,18000000.0,0.0,4390.625,1269.0,23000000.0,8000000.0
2026-06-26,28187.5,0.0,18000000.0,0.0,21640.625,0.0,23000000.0,0.0,28187.5,0.0,18000000.0,0.0,21640.625,0.0,23000000.0,0.0
2026-06-29,-12812.5,0.0,18000000.0,0.0,-12921.875,171.71875,30000000.0,7000000.0,-12812.5,0.0,18000000.0,0.0,-12921.875,343.4375,30000000.0,7000000.0
2026-06-30,-48687.5,1445.25,0.0,18000000.0,-24273.4375,568.5625,20000000.0,16000000.0,-48687.5,2890.5,0.0,18000000.0,-24273.4375,1137.125,20000000.0,16000000.0
2026-07-01,0.0,0.0,0.0,0.0,-3921.875,564.1875,17000000.0,8000000.0,0.0,0.0,0.0,0.0,-3921.875,1128.375,17000000.0,8000000.0
2026-07-02,0.0,0.0,0.0,0.0,789.0625,326.0625,13000000.0,4000000.0,0.0,0.0,0.0,0.0,789.0625,652.125,13000000.0,4000000.0
2026-07-06,0.0,0.0,0.0,0.0,1445.3125,0.0,13000000.0,0.0,0.0,0.0,0.0,0.0,1445.3125,0.0,13000000.0,0.0
2026-07-07,0.0,0.0,0.0,0.0,34906.25,485.71875,19000000.0,20000000.0,0.0,0.0,0.0,0.0,34906.25,971.4375,19000000.0,20000000.0
2026-07-08,0.0,0.0,0.0,0.0,8125.0,528.75,19000000.0,7000000.0,0.0,0.0,0.0,0.0,8125.0,1057.5,19000000.0,7000000.0
2026-07-09,0.0,0.0,0.0,0.0,13062.5,598.5,19000000.0,4000000.0,0.0,0.0,0.0,0.0,13062.5,1197.0,19000000.0,4000000.0
2026-07-10,0.0,0.0,0.0,0.0,-23656.25,0.0,19000000.0,0.0,0.0,0.0,0.0,0.0,-23656.25,0.0,19000000.0,0.0
2026-07-13,0.0,0.0,0.0,0.0,-32187.5,0.0,19000000.0,0.0,0.0,0.0,0.0,0.0,-32187.5,0.0,19000000.0,0.0
2026-07-14,0.0,0.0,0.0,0.0,24750.0,314.0,5000000.0,13000000.0,0.0,0.0,0.0,0.0,24750.0,628.0,5000000.0,13000000.0
2026-07-15,0.0,0.0,0.0,0.0,13687.5,596.875,4000000.0,6000000.0,0.0,0.0,0.0,0.0,13687.5,1193.75,4000000.0,6000000.0
2026-07-16,0.0,0.0,0.0,0.0,-125.0,299.25,2000000.0,2000000.0,0.0,0.0,0.0,0.0,-125.0,598.5,2000000.0,2000000.0
2026-07-17,0.0,0.0,0.0,0.0,-8125.0,0.0,2000000.0,0.0,0.0,0.0,0.0,0.0,-8125.0,0.0,2000000.0,0.0
2026-07-20,0.0,0.0,0.0,0.0,15625.0,569.125,21000000.0,19000000.0,0.0,0.0,0.0,0.0,15625.0,1138.25,21000000.0,19000000.0
2026-07-21,0.0,0.0,0.0,0.0,23546.875,317.25,25000000.0,4000000.0,0.0,0.0,0.0,0.0,23546.875,634.5,25000000.0,4000000.0
2026-07-22,0.0,0.0,0.0,0.0,33234.375,498.75,24000000.0,3000000.0,0.0,0.0,0.0,0.0,33234.375,997.5,24000000.0,3000000.0
2026-07-23,0.0,0.0,0.0,0.0,31500.0,0.0,24000000.0,0.0,0.0,0.0,0.0,0.0,31500.0,0.0,24000000.0,0.0
2026-07-24,0.0,0.0,0.0,0.0,-22062.5,0.0,24000000.0,0.0,0.0,0.0,0.0,0.0,-22062.5,0.0,24000000.0,0.0
2026-07-27,0.0,722.625,9000000.0,9000000.0,-13515.625,848.78125,14000000.0,28000000.0,0.0,1445.25,9000000.0,9000000.0,-13515.625,1697.5625,14000000.0,28000000.0
2026-07-28,19218.75,0.0,9000000.0,0.0,6156.25,475.875,12000000.0,6000000.0,19218.75,0.0,9000000.0,0.0,6156.25,951.75,12000000.0,6000000.0
2026-07-29,-2562.5,0.0,9000000.0,0.0,-265.625,166.25,11000000.0,1000000.0,-2562.5,0.0,9000000.0,0.0,-265.625,332.5,11000000.0,1000000.0
2026-07-30,-19218.75,0.0,9000000.0,0.0,-6171.875,0.0,11000000.0,0.0,-19218.75,0.0,9000000.0,0.0,-6171.875,0.0,11000000.0,0.0
2026-07-31,-44843.75,722.625,0.0,9000000.0,-26250.0,0.0,11000000.0,0.0,-44843.75,1445.25,0.0,9000000.0,-26250.0,0.0,11000000.0,0.0
2026-08-03,0.0,0.0,0.0,0.0,18695.3125,279.65625,2000000.0,9000000.0,0.0,0.0,0.0,0.0,18695.3125,559.3125,2000000.0,9000000.0
2026-08-04,0.0,0.0,0.0,0.0,7593.75,482.4375,14000000.0,16000000.0,0.0,0.0,0.0,0.0,7593.75,964.875,14000000.0,16000000.0
2026-08-05,0.0,0.0,0.0,0.0,-4125.0,264.375,17000000.0,3000000.0,0.0,0.0,0.0,0.0,-4125.0,528.75,17000000.0,3000000.0
2026-08-06,0.0,0.0,0.0,0.0,30515.625,299.25,19000000.0,2000000.0,0.0,0.0,0.0,0.0,30515.625,598.5,19000000.0,2000000.0
2026-08-07,0.0,0.0,0.0,0.0,-14109.375,0.0,19000000.0,0.0,0.0,0.0,0.0,0.0,-14109.375,0.0,19000000.0,0.0
2026-08-10,0.0,0.0,0.0,0.0,27609.375,0.0,19000000.0,0.0,0.0,0.0,0.0,0.0,27609.375,0.0,19000000.0,0.0
2026-08-11,0.0,0.0,0.0,0.0,-12187.5,642.71875,19000000.0,27000000.0,0.0,0.0,0.0,0.0,-12187.5,1285.4375,19000000.0,27000000.0
2026-08-12,0.0,0.0,0.0,0.0,8039.0625,877.875,21000000.0,9000000.0,0.0,0.0,0.0,0.0,8039.0625,1755.75,21000000.0,9000000.0
2026-08-13,0.0,0.0,0.0,0.0,4453.125,631.75,21000000.0,4000000.0,0.0,0.0,0.0,0.0,4453.125,1263.5,21000000.0,4000000.0
2026-08-14,0.0,0.0,0.0,0.0,-23171.875,0.0,21000000.0,0.0,0.0,0.0,0.0,0.0,-23171.875,0.0,21000000.0,0.0
2026-08-17,0.0,0.0,0.0,0.0,-13570.3125,0.0,21000000.0,0.0,0.0,0.0,0.0,0.0,-13570.3125,0.0,21000000.0,0.0
2026-08-18,0.0,0.0,0.0,0.0,8132.8125,647.625,22000000.0,27000000.0,0.0,0.0,0.0,0.0,8132.8125,1295.25,22000000.0,27000000.0
2026-08-19,0.0,0.0,0.0,0.0,20046.875,1290.25,25000000.0,15000000.0,0.0,0.0,0.0,0.0,20046.875,2580.5,25000000.0,15000000.0
2026-08-20,0.0,0.0,0.0,0.0,-14976.5625,693.8125,27000000.0,7000000.0,0.0,0.0,0.0,0.0,-14976.5625,1387.625,27000000.0,7000000.0
2026-08-21,0.0,0.0,0.0,0.0,16843.75,0.0,27000000.0,0.0,0.0,0.0,0.0,0.0,16843.75,0.0,27000000.0,0.0
2026-08-24,0.0,0.0,0.0,0.0,312.5,0.0,27000000.0,0.0,0.0,0.0,0.0,0.0,312.5,0.0,27000000.0,0.0
2026-08-25,0.0,1692.0,21000000.0,21000000.0,-23218.75,677.0625,28000000.0,28000000.0,0.0,3384.0,21000000.0,21000000.0,-23218.75,1354.125,28000000.0,28000000.0
2026-08-26,-39000.0,0.0,21000000.0,0.0,4609.375,971.125,25000000.0,15000000.0,-39000.0,0.0,21000000.0,0.0,4609.375,1942.25,25000000.0,15000000.0
2026-08-27,-15000.0,0.0,21000000.0,0.0,-2382.8125,722.625,25000000.0,9000000.0,-15000.0,0.0,21000000.0,0.0,-2382.8125,1445.25,25000000.0,9000000.0
2026-08-28,-87000.0,0.0,21000000.0,0.0,-73078.125,0.0,25000000.0,0.0,-87000.0,0.0,21000000.0,0.0,-73078.125,0.0,25000000.0,0.0
2026-08-31,-42000.0,1692.0,0.0,21000000.0,-15617.1875,107.9375,30000000.0,5000000.0,-42000.0,3384.0,0.0,21000000.0,-15617.1875,215.875,30000000.0,5000000.0
2026-09-01,0.0,0.0,0.0,0.0,-32992.1875,639.15625,19000000.0,18000000.0,0.0,0.0,0.0,0.0,-32992.1875,1278.3125,19000000.0,18000000.0
2026-09-02,0.0,0.0,0.0,0.0,1703.125,593.625,15000000.0,8000000.0,0.0,0.0,0.0,0.0,1703.125,1187.25,15000000.0,8000000.0
2026-09-03,0.0,0.0,0.0,0.0,-11203.125,361.3125,10000000.0,4000000.0,0.0,0.0,0.0,0.0,-11203.125,722.625,10000000.0,4000000.0
2026-09-04,0.0,0.0,0.0,0.0,7859.375,0.0,10000000.0,0.0,0.0,0.0,0.0,0.0,7859.375,0.0,10000000.0,0.0
2026-09-08,0.0,0.0,0.0,0.0,13359.375,822.03125,23000000.0,21000000.0,0.0,0.0,0.0,0.0,13359.375,1644.0625,23000000.0,21000000.0
2026-09-09,0.0,0.0,0.0,0.0,12007.8125,440.625,21000000.0,5000000.0,0.0,0.0,0.0,0.0,12007.8125,881.25,21000000.0,5000000.0
2026-09-10,0.0,0.0,0.0,0.0,3257.8125,465.5,20000000.0,3000000.0,0.0,0.0,0.0,0.0,3257.8125,931.0,20000000.0,3000000.0
2026-09-11,0.0,0.0,0.0,0.0,-24281.25,0.0,20000000.0,0.0,0.0,0.0,0.0,0.0,-24281.25,0.0,20000000.0,0.0
2026-09-14,0.0,0.0,0.0,0.0,2218.75,0.0,20000000.0,0.0,0.0,0.0,0.0,0.0,2218.75,0.0,20000000.0,0.0
2026-09-15,0.0,0.0,0.0,0.0,-8570.3125,1063.78125,11000000.0,25000000.0,0.0,0.0,0.0,0.0,-8570.3125,2127.5625,11000000.0,25000000.0
2026-09-16,0.0,0.0,0.0,0.0,12140.625,444.1875,15000000.0,8000000.0,0.0,0.0,0.0,0.0,12140.625,888.375,15000000.0,8000000.0
2026-09-17,0.0,0.0,0.0,0.0,171.875,166.25,14000000.0,1000000.0,0.0,0.0,0.0,0.0,171.875,332.5,14000000.0,1000000.0
2026-09-18,0.0,0.0,0.0,0.0,16062.5,0.0,14000000.0,0.0,0.0,0.0,0.0,0.0,16062.5,0.0,14000000.0,0.0
2026-09-21,0.0,0.0,0.0,0.0,953.125,0.0,14000000.0,0.0,0.0,0.0,0.0,0.0,953.125,0.0,14000000.0,0.0
2026-09-22,0.0,0.0,0.0,0.0,453.125,698.03125,21000000.0,23000000.0,0.0,0.0,0.0,0.0,453.125,1396.0625,21000000.0,23000000.0
2026-09-23,0.0,0.0,0.0,0.0,6648.4375,603.46875,21000000.0,13000000.0,0.0,0.0,0.0,0.0,6648.4375,1206.9375,21000000.0,13000000.0
2026-09-24,0.0,1586.25,19000000.0,19000000.0,-1414.0625,0.0,21000000.0,0.0,0.0,3172.5,19000000.0,19000000.0,-1414.0625,0.0,21000000.0,0.0
2026-09-25,0.0,0.0,19000000.0,0.0,13242.1875,0.0,21000000.0,0.0,0.0,0.0,19000000.0,0.0,13242.1875,0.0,21000000.0,0.0
2026-09-28,-67500.0,0.0,19000000.0,0.0,-32265.625,0.0,21000000.0,0.0,-67500.0,0.0,19000000.0,0.0,-32265.625,0.0,21000000.0,0.0
2026-09-29,-11250.0,0.0,19000000.0,0.0,11273.4375,348.34375,7000000.0,14000000.0,-11250.0,0.0,19000000.0,0.0,11273.4375,696.6875,7000000.0,14000000.0
2026-09-30,-39375.0,1586.25,0.0,19000000.0,-7382.8125,309.09375,0.0,7000000.0,-39375.0,3172.5,0.0,19000000.0,-7382.8125,618.1875,0.0,7000000.0
