month,bucket,neg_dy_bp,z_fdd_b,neg_dy_bp_demeaned,z_fdd_b_demeaned
1993-01,1-3y,6,-0.90748055,-1.5,-0.67775599
1993-01,3-7y,14,1.6530721,6.5,1.8827966
1993-01,7-10y,9,-0.7716435,1.5,-0.54191895
1993-01,20y+,1,-0.89284625,-6.5,-0.66312169
1993-02,1-3y,7,1.6418994,0.75,0.99811422
1993-02,3-7y,7,-0.90476432,0.75,-1.5485495
1993-02,7-10y,6,1.0172831,-0.25,0.37349795
1993-02,20y+,5,0.8207225,-1.25,0.17693733
1993-03,1-3y,-4,-0.67927536,2,-0.085836116
1993-03,3-7y,-5,-0.46750771,1,0.12593154
1993-03,7-10y,-5,-0.64968603,1,-0.056246786
1993-03,20y+,-10,-0.57728788,-4,0.016151364
1993-04,1-3y,-4,-0.91293598,4,-0.67259373
1993-04,3-7y,-5,1.5164985,3,1.7568408
1993-04,7-10y,-11,-0.74025812,-3,-0.49991587
1993-04,20y+,-12,-0.82467343,-4,-0.58433118
1993-05,1-3y,-5,1.5764898,-4,0.77476701
1993-05,3-7y,-0,-0.40438552,1,-1.2061083
1993-05,7-10y,-0,1.0954392,1,0.29371635
1993-05,20y+,1,0.93934777,2,0.13762497
1993-06,1-3y,12,-0.62367106,2.75,-0.019155932
1993-06,3-7y,11,-0.55103449,1.75,0.053480642
1993-06,7-10y,8,-0.6546614,-1.25,-0.050146271
1993-06,20y+,6,-0.58869357,-3.25,0.015821561
1993-07,1-3y,9,-0.4223367,-0.75,0.092922245
1993-07,3-7y,9,-0.4777174,-0.75,0.037541544
1993-07,7-10y,10,-0.62634653,0.25,-0.11108758
1993-07,20y+,11,-0.53463515,1.25,-0.019376208
1993-08,1-3y,-3,1.4236032,-7.5,0.61408314
1993-08,3-7y,6,-0.67418196,1.5,-1.4837021
1993-08,7-10y,6,1.1105703,1.5,0.30105024
1993-08,20y+,9,1.3780888,4.5,0.56856869
1993-09,1-3y,1,-0.64351215,-0.75,9.4334508e-05
1993-09,3-7y,2,-0.63472043,0.25,0.0088860551
1993-09,7-10y,2,-0.66821562,0.25,-0.024609137
1993-09,20y+,2,-0.62797774,0.25,0.015628748
1993-10,1-3y,-4,-0.39687137,-6,-0.14284726
1993-10,3-7y,-1,-0.5328091,-3,-0.27878499
1993-10,7-10y,4,-0.63710485,2,-0.38308074
1993-10,10-20y,5,0.85853106,3,1.1125552
1993-10,20y+,6,-0.56186628,4,-0.30784218
1993-11,1-3y,-3,2.0355536,-2.2,1.1873876
1993-11,3-7y,-1,-0.15399195,-0.2,-1.002158
1993-11,7-10y,-1,1.3327983,-0.2,0.48463228
1993-11,10-20y,-0,1.3596061,0.8,0.51144004
1993-11,20y+,1,-0.33313591,1.8,-1.1813019
1993-12,1-3y,-5,-0.59205399,5.4,-0.23670474
1993-12,3-7y,-12,-0.60643962,-1.6,-0.25109038
1993-12,7-10y,-11,-0.66864368,-0.6,-0.31329443
1993-12,10-20y,-12,0.68997452,-1.6,1.0453238
1993-12,20y+,-12,-0.59958347,-1.6,-0.24423422
1994-01,1-3y,-1,-0.41138798,-8,-0.12759504
1994-01,3-7y,6,-0.41663564,-1,-0.1328427
1994-01,7-10y,8,-0.66087581,1,-0.37708287
1994-01,10-20y,11,0.66654399,4,0.95033693
1994-01,20y+,11,-0.59660925,4,-0.31281631
1994-02,1-3y,-10,1.4154847,-1,0.57019427
1994-02,3-7y,-10,-0.52994416,-1,-1.3752345
1994-02,7-10y,-10,1.2504211,-1,0.40513067
1994-02,10-20y,-8,0.73882425,1,-0.10646613
1994-02,20y+,-7,1.3516661,2,0.50637574
1994-03,1-3y,-11,-0.38085481,2.4,0.28312411
1994-03,3-7y,-15,-1.1325701,-1.6,-0.46859118
1994-03,7-10y,-16,-0.79759671,-2.6,-0.13361779
1994-03,10-20y,-13,-0.087294832,0.4,0.57668409
1994-03,20y+,-12,-0.92157816,1.4,-0.25759924
1994-04,1-3y,-11,-0.3839731,-3.5527137e-14,-0.074795597
1994-04,3-7y,-11,-0.57279346,5.3290705e-14,-0.26361595
1994-04,7-10y,-13,-0.65861443,-2,-0.34943692
1994-04,10-20y,-10,0.65983677,1,0.96901428
1994-04,20y+,-10,-0.59034331,1,-0.2811658
1994-05,1-3y,-7,1.8491091,-3.8,0.91068957
1994-05,3-7y,-2,0.13926754,1.2,-0.79915203
1994-05,7-10y,-0,1.3925836,3.2,0.45416407
1994-05,10-20y,-4,1.5021032,-0.8,0.56368363
1994-05,20y+,-3,-0.19096567,0.2,-1.1293852
1994-06,1-3y,-13,-0.44805358,-0.2,0.18000032
1994-06,3-7y,-16,-1.076051,-3.2,-0.44799706
1994-06,7-10y,-12,-0.78760135,0.8,-0.15954745
1994-06,10-20y,-12,0.033269044,0.8,0.66132294
1994-06,20y+,-11,-0.86183265,1.8,-0.23377875
1994-07,1-3y,14,-0.40174232,-1,-0.11379383
1994-07,3-7y,17,-0.531292,2,-0.24334351
1994-07,7-10y,15,-0.64754809,-5.3290705e-14,-0.3595996
1994-07,10-20y,15,0.68453534,3.5527137e-14,0.97248383
1994-07,20y+,14,-0.54369538,-1,-0.25574689
1994-08,1-3y,7,1.3366301,-2.8,0.56269366
1994-08,3-7y,12,-0.57838298,2.2,-1.3523194
1994-08,7-10y,10,1.1888687,0.2,0.41493221
1994-08,10-20y,11,0.61734162,1.2,-0.15659483
1994-08,20y+,9,1.3052248,-0.8,0.53128838
1994-09,1-3y,-8,-0.44963665,-3,0.15756377
1994-09,3-7y,-7,-1.0726635,-2,-0.46546304
1994-09,7-10y,-5,-0.78587601,3.5527137e-14,-0.17867559
1994-09,10-20y,-3,0.12805979,2,0.73526022
1994-09,20y+,-2,-0.85588578,3,-0.24868535
1994-10,1-3y,3,-0.43883268,-3.8,-0.1589747
1994-10,3-7y,6,-0.49660214,-0.8,-0.21674416
1994-10,7-10y,7,-0.63986644,0.2,-0.36000846
1994-10,10-20y,9,0.7036729,2.2,0.98353088
1994-10,20y+,9,-0.52766153,2.2,-0.24780355
1994-11,1-3y,-22,1.7734183,-11.2,0.92544618
1994-11,3-7y,-15,0.16764175,-4.2,-0.68033037
1994-11,7-10y,-10,1.3415665,0.8,0.49359438
1994-11,10-20y,-4,1.1293021,6.8,0.28132999
1994-11,20y+,-3,-0.17206806,7.8,-1.0200402
1994-12,1-3y,5,-0.505815,5.2,0.052669591
1994-12,3-7y,3,-1.0328709,3.2,-0.47438629
1994-12,7-10y,1,-0.76802909,1.2,-0.2095445
1994-12,10-20y,-6,0.3228168,-5.8,0.88130139
1994-12,20y+,-4,-0.80852478,-3.8,-0.25004019
1995-01,1-3y,24,-0.67085744,3.8,-0.59922351
1995-01,3-7y,22,0.0072996812,1.8,0.078933613
1995-01,7-10y,20,-0.51672996,-0.2,-0.44509603
1995-01,10-20y,18,1.0345491,-2.2,1.106183
1995-01,20y+,17,-0.21243102,-3.2,-0.14079709
1995-02,1-3y,13,0.99163914,1.8,-0.11534927
1995-02,3-7y,14,0.047311946,2.8,-1.0596765
1995-02,7-10y,12,1.3322395,0.8,0.22525113
1995-02,10-20y,9,1.4515227,-2.2,0.34453433
1995-02,20y+,8,1.7122287,-3.2,0.60524026
1995-03,1-3y,-18,-0.66677724,-3.6,-0.31957108
1995-03,3-7y,-18,-0.54626119,-3.6,-0.19905503
1995-03,7-10y,-15,-0.6497533,-0.6,-0.30254715
1995-03,10-20y,-10,0.65060783,4.4,0.99781398
1995-03,20y+,-11,-0.52384688,3.4,-0.17664072
1995-04,1-3y,-14,-0.64705471,-6.8,-0.64523923
1995-04,3-7y,-11,0.042834843,-3.8,0.044650316
1995-04,7-10y,-6,-0.51743456,1.2,-0.51561909
1995-04,10-20y,-3,1.3374118,4.2,1.3392273
1995-04,20y+,-2,-0.22483478,5.2,-0.22301931
1995-05,1-3y,12,1.5121429,0.6,0.32088741
1995-05,3-7y,12,0.666737,0.6,-0.5245185
1995-05,7-10y,14,1.5512475,2.6,0.35999197
1995-05,10-20y,9,2.0321166,-2.4,0.84086105
1995-05,20y+,10,0.19403358,-1.4,-0.99722193
1995-06,1-3y,-8,-0.65187862,0.8,-0.31857584
1995-06,3-7y,-8,-0.46674072,0.8,-0.13343795
1995-06,7-10y,-10,-0.64726385,-1.2,-0.31396107
1995-06,10-20y,-9,0.60556895,-0.2,0.93887173
1995-06,20y+,-9,-0.50619963,-0.2,-0.17289686
1995-07,1-3y,6,-0.67528412,5.4,-0.65747701
1995-07,3-7y,3,0.05017309,2.4,0.067980199
1995-07,7-10y,-2,-0.50702169,-2.6,-0.48921458
1995-07,10-20y,-2,1.2223976,-2.6,1.2402047
1995-07,20y+,-2,-0.17930045,-2.6,-0.16149334
1995-08,1-3y,5,1.3741957,-2.2,0.73322114
1995-08,3-7y,6,-0.83366297,-1.2,-1.4746376
1995-08,7-10y,10,1.2321806,2.8,0.591206
1995-08,10-20y,8,0.085074239,0.8,-0.55590036
1995-08,20y+,7,1.3470854,-0.2,0.70611079
1995-09,1-3y,6,-0.6732969,-2.2,-0.32882719
1995-09,3-7y,7,-0.47263308,-1.2,-0.12816337
1995-09,7-10y,9,-0.65049441,0.8,-0.3060247
1995-09,10-20y,10,0.58987346,1.8,0.93434317
1995-09,20y+,9,-0.5157976,0.8,-0.1713279
1995-10,1-3y,3,-0.68824564,4.2,-0.66019274
1995-10,3-7y,-1,-0.00062452407,0.2,0.027428373
1995-10,7-10y,-3,-0.51092007,-1.8,-0.48286717
1995-10,10-20y,-3,1.2327588,-1.8,1.2608117
1995-10,20y+,-2,-0.17323308,-0.8,-0.14518018
1995-11,1-3y,13,1.4651591,-1.4,0.17938104
1995-11,3-7y,17,0.68061791,2.6,-0.60516013
1995-11,7-10y,15,1.6876044,0.6,0.40182641
1995-11,10-20y,16,2.3917267,1.6,1.1059486
1995-11,20y+,11,0.20378206,-3.4,-1.081996
1995-12,1-3y,10,-0.65184664,-1.2,-0.28319425
1995-12,3-7y,12,-0.44551109,0.8,-0.076858695
1995-12,7-10y,13,-0.66677301,1.8,-0.29812062
1995-12,10-20y,11,0.46816141,-0.2,0.83681381
1995-12,20y+,10,-0.54729264,-1.2,-0.17864025
1996-01,1-3y,18,-0.68359187,5.8,-0.66948849
1996-01,3-7y,16,0.029198084,3.8,0.043301466
1996-01,7-10y,10,-0.51943868,-2.2,-0.5053353
1996-01,10-20y,9,1.2994942,-3.2,1.3135976
1996-01,20y+,8,-0.19617867,-4.2,-0.18207529
1996-02,1-3y,-31,1.4555071,-15,0.78210715
1996-02,3-7y,-20,-0.71603744,-4,-1.3894374
1996-02,7-10y,-16,1.3252119,1.7763568e-14,0.65181196
1996-02,10-20y,-7,-0.080372154,9,-0.7537721
1996-02,20y+,-6,1.3826903,10,0.70929039
1996-03,1-3y,-10,-1.6332478,-0.8,-1.7428226
1996-03,3-7y,-10,-1.2869688,-0.8,-1.3965437
1996-03,7-10y,-8,-0.24551404,1.2,-0.35508892
1996-03,10-20y,-9,3.2489437,0.2,3.1393688
1996-03,20y+,-9,0.46466129,0.2,0.35508641
1996-04,1-3y,-8,0.2135544,-0.8,0.61157948
1996-04,3-7y,-6,1.1522675,1.2,1.5502926
1996-04,7-10y,-9,-0.93596815,-1.8,-0.53794308
1996-04,10-20y,-5,-1.225629,2.2,-0.8276039
1996-04,20y+,-8,-1.1943501,-0.8,-0.79632507
1996-05,1-3y,-24,1.7396399,-4.4,0.71790146
1996-05,3-7y,-22,0.24914757,-2.4,-0.77259087
1996-05,7-10y,-20,1.5908109,-0.4,0.56907245
1996-05,10-20y,-16,1.7438822,3.6,0.72214375
1996-05,20y+,-16,-0.21478836,3.6,-1.2365268
1996-06,1-3y,21,-0.67854276,-0.4,-0.31514677
1996-06,3-7y,25,-0.31768061,3.6,0.045715387
1996-06,7-10y,21,-0.6722099,-0.4,-0.30881391
1996-06,10-20y,21,0.40022774,-0.4,0.76362374
1996-06,20y+,19,-0.54877445,-2.4,-0.18537845
1996-07,1-3y,6,-1.2085526,-0.8,-1.0296945
1996-07,3-7y,8,-0.33282356,1.2,-0.1539654
1996-07,7-10y,7,0.79340845,0.2,0.9722666
1996-07,10-20y,7,0.39778289,0.2,0.57664105
1996-07,20y+,6,-0.54410593,-0.8,-0.36524777
1996-08,1-3y,-16,1.5640783,-1,0.49240929
1996-08,3-7y,-16,0.10447747,-1,-0.96719155
1996-08,7-10y,-16,0.89866685,-1,-0.17300218
1996-08,10-20y,-14,1.3352973,1,0.26362823
1996-08,20y+,-13,1.4558252,2,0.38415621
1996-09,1-3y,6,-0.71344092,3.5527137e-14,-0.3476992
1996-09,3-7y,6,-0.32446848,-5.3290705e-14,0.041273239
1996-09,7-10y,5,-0.68339965,-1,-0.31765793
1996-09,10-20y,7,0.43157438,1,0.7973161
1996-09,20y+,6,-0.53897392,3.5527137e-14,-0.1732322
1996-10,1-3y,13,-1.2304033,-2.6,-1.0939124
1996-10,3-7y,16,-0.28914901,0.4,-0.15265812
1996-10,7-10y,17,0.78229729,1.4,0.91878819
1996-10,10-20y,16,0.5557598,0.4,0.69225069
1996-10,20y+,16,-0.50095922,0.4,-0.36446833
1996-11,1-3y,10,1.2109817,0.8,0.21281916
1996-11,3-7y,10,-0.042929358,0.8,-1.0410919
1996-11,7-10y,9,0.87400293,-0.2,-0.12415961
1996-11,10-20y,9,1.4461766,-0.2,0.44801405
1996-11,20y+,8,1.5025808,-1.2,0.5044183
1996-12,1-3y,-3,-0.73151684,2.8,-0.42222614
1996-12,3-7y,-8,-0.3000684,-2.2,0.0092222972
1996-12,7-10y,-7,-0.67938366,-1.2,-0.37009296
1996-12,10-20y,-5,0.66612126,0.8,0.97541196
1996-12,20y+,-6,-0.50160586,-0.2,-0.19231516
1997-01,1-3y,17,-0.81987451,1.4,-1.0541822
1997-01,3-7y,16,0.27454914,0.4,0.04024141
1997-01,7-10y,16,-0.51318646,0.4,-0.74749419
1997-01,10-20y,15,2.3934999,-0.6,2.1591922
1997-01,20y+,14,-0.16344944,-1.6,-0.39775718
1997-02,1-3y,-20,1.1315025,-2.8,-0.0014697084
1997-02,3-7y,-20,0.093760827,-2.8,-1.0392113
1997-02,7-10y,-17,1.1851761,0.2,0.052203966
1997-02,10-20y,-15,1.7193158,2.2,0.58634367
1997-02,20y+,-14,1.5351056,3.2,0.4021334
1997-03,1-3y,-16,-0.80068814,1.4,-0.49064099
1997-03,3-7y,-19,-0.25609156,-1.6,0.053955586
1997-03,7-10y,-20,-0.67364987,-2.6,-0.36360272
1997-03,10-20y,-16,0.67367078,1.4,0.98371793
1997-03,20y+,-16,-0.49347695,1.4,-0.18342981
1997-04,1-3y,23,-0.86061148,1.8,-1.072372
1997-04,3-7y,26,0.3032338,4.8,0.091473313
1997-04,7-10y,21,-0.51144747,-0.2,-0.72320796
1997-04,10-20y,18,2.2844265,-3.2,2.072666
1997-04,20y+,18,-0.15679887,-3.2,-0.36855936
1997-05,1-3y,3,1.313457,-3.6,-0.047314402
1997-05,3-7y,8,0.51414281,1.4,-0.84662864
1997-05,7-10y,7,1.3189379,0.4,-0.04183357
1997-05,10-20y,8,3.6864883,1.4,2.3257169
1997-05,20y+,7,-0.029168805,0.4,-1.3899402
1997-06,1-3y,-5,-0.89294459,3.6,-0.69783063
1997-06,3-7y,-9,-0.31290518,-0.4,-0.11779122
1997-06,7-10y,-9,-0.63125711,-0.4,-0.43614315
1997-06,10-20y,-10,1.2567871,-1.4,1.4519011
1997-06,20y+,-10,-0.39525004,-1.4,-0.20013607
1997-07,1-3y,13,-0.97194124,-2.6,-1.3471246
1997-07,3-7y,18,0.22307607,2.4,-0.15210728
1997-07,7-10y,16,-0.47795049,0.4,-0.85313384
1997-07,10-20y,16,3.1578541,0.4,2.7826707
1997-07,20y+,15,-0.055121674,-0.6,-0.43030502
1997-08,1-3y,4,0.76427255,-0.8,-0.82269679
1997-08,3-7y,3,0.39057118,-1.8,-1.1963982
1997-08,7-10y,5,1.3102339,0.2,-0.27673548
1997-08,10-20y,6,3.7009596,1.2,2.1139903
1997-08,20y+,6,1.7688095,1.2,0.18184016
1997-09,1-3y,-2,-0.88067485,4.2,-0.65296743
1997-09,3-7y,-3,-0.35456713,3.2,-0.12685971
1997-09,7-10y,-8,-0.64366336,-1.8,-0.41595594
1997-09,10-20y,-9,1.1567907,-2.8,1.3844982
1997-09,20y+,-9,-0.41642251,-2.8,-0.18871509
1997-10,1-3y,-1,-0.99986094,-7,-1.3895093
1997-10,3-7y,7,0.15619329,1,-0.23345506
1997-10,7-10y,7,-0.48104243,1,-0.87069078
1997-10,10-20y,8,3.3218563,2,2.9322079
1997-10,20y+,9,-0.048904475,3,-0.43855282
1997-11,1-3y,-8,0.30619263,-4.6,-0.95977022
1997-11,3-7y,-6,0.12578434,-2.6,-1.1401785
1997-11,7-10y,-4,1.1367367,-0.6,-0.12922617
1997-11,10-20y,1,2.8803863,4.4,1.6144235
1997-11,20y+,-0,1.8807143,3.4,0.61475141
1997-12,1-3y,1,-0.90409604,1.2,-0.66709033
1997-12,3-7y,1,-0.42184957,1.2,-0.18484386
1997-12,7-10y,1,-0.64053185,1.2,-0.40352614
1997-12,10-20y,-2,1.1668637,-1.8,1.4038694
1997-12,20y+,-2,-0.38541481,-1.8,-0.1484091
1998-01,1-3y,7,-1.0415435,-1.6,-1.3754104
1998-01,3-7y,10,0.17803041,1.4,-0.15583645
1998-01,7-10y,10,-0.49532699,1.4,-0.82919384
1998-01,10-20y,8,3.049619,-0.6,2.7157521
1998-01,20y+,8,-0.021444608,-0.6,-0.35531147
1998-02,1-3y,-9,0.32572259,-4.6,-1.1433649
1998-02,3-7y,-6,0.34143595,-1.6,-1.1276515
1998-02,7-10y,-4,1.3632092,0.4,-0.10587829
1998-02,10-20y,-2,3.2558315,2.4,1.7867441
1998-02,20y+,-1,2.059238,3.4,0.59015057
1998-03,1-3y,-2,-0.94575184,-0.2,-0.68871342
1998-03,3-7y,-2,-0.38568957,-0.2,-0.12865115
1998-03,7-10y,-3,-0.63867775,-1.2,-0.38163933
1998-03,10-20y,-2,1.0636228,-0.2,1.3206612
1998-03,20y+,-0,-0.37869574,1.8,-0.12165732
1998-04,1-3y,2,-1.1821622,2.2,-1.4951723
1998-04,3-7y,-0,0.27630637,0.2,-0.036703768
1998-04,7-10y,-1,-0.48212402,-0.8,-0.79513415
1998-04,10-20y,-2,2.9285095,-1.8,2.6154994
1998-04,20y+,-0,0.024520973,0.2,-0.28848916
1998-05,1-3y,10,0.025193012,1,-1.615918
1998-05,3-7y,9,1.045593,5.3290705e-14,-0.59551808
1998-05,7-10y,8,1.5283237,-1,-0.11278735
1998-05,10-20y,9,5.1756233,-3.5527137e-14,3.5345122
1998-05,20y+,9,0.43082227,5.3290705e-14,-1.2102888
1998-06,1-3y,-0,-1.0678428,-2,-0.77810113
1998-06,3-7y,1,-0.36026115,-1,-0.070519427
1998-06,7-10y,2,-0.64156404,-3.5527137e-14,-0.35182232
1998-06,10-20y,3,0.99288778,1,1.2826295
1998-06,20y+,4,-0.37192834,2,-0.082186618
1998-07,1-3y,-1,-0.51474809,0.8,-0.79366316
1998-07,3-7y,-3,-1.8219459,-1.2,-2.100861
1998-07,7-10y,-3,-0.39956241,-1.2,-0.67847748
1998-07,10-20y,-0,3.8487423,1.8,3.5698272
1998-07,20y+,-2,0.28208947,-0.2,0.0031744047
1998-08,1-3y,27,-1.6936557,7.6,-3.2986216
1998-08,3-7y,22,2.0063063,2.6,0.40134043
1998-08,7-10y,20,1.3278996,0.6,-0.27706628
1998-08,10-20y,14,3.8887554,-5.4,2.2837896
1998-08,20y+,14,2.4955237,-5.4,0.89055784
1998-09,1-3y,13,-0.33590903,-4.4,-0.068866247
1998-09,3-7y,20,-2.3298245,2.6,-2.0627817
1998-09,7-10y,20,-0.55045379,2.6,-0.28341101
1998-09,10-20y,17,1.9519039,-0.4,2.2189467
1998-09,20y+,17,-0.070930553,-0.4,0.19611223
1998-10,1-3y,11,-0.42676792,5.8,-0.59485476
1998-10,3-7y,8,-1.7821558,2.8,-1.9502427
1998-10,7-10y,9,-0.43211211,3.8,-0.60019894
1998-10,10-20y,-0,3.1985913,-5.2,3.0305045
1998-10,20y+,-2,0.28287874,-7.2,0.1147919
1998-11,1-3y,9,-1.7228423,-3.2,-3.0712309
1998-11,3-7y,9,1.640484,-3.2,0.29209535
1998-11,7-10y,10,1.4726309,-2.2,0.12424227
1998-11,10-20y,16,3.0443455,3.8,1.6959569
1998-11,20y+,17,2.307325,4.8,0.95893639
1998-12,1-3y,24,-0.27692012,5.4,-0.0055195013
1998-12,3-7y,18,-2.2669222,-0.6,-1.9955216
1998-12,7-10y,21,-0.55927208,2.4,-0.28787145
1998-12,10-20y,16,1.846412,-2.6,2.1178126
1998-12,20y+,14,-0.10030069,-4.6,0.17109993
1999-01,1-3y,1,-0.4943521,-1,-0.69169798
1999-01,3-7y,-0,-1.7162226,-2,-1.9135685
1999-01,7-10y,1,-0.42495932,-1,-0.6223052
1999-01,10-20y,5,3.3143495,3,3.1170036
1999-01,20y+,3,0.30791393,1,0.11056805
1999-02,1-3y,-22,-1.5793881,0.6,-3.2501485
1999-02,3-7y,-26,1.8607379,-3.4,0.18997751
1999-02,7-10y,-26,1.2145802,-3.4,-0.45618023
1999-02,10-20y,-18,4.3424243,4.6,2.6716639
1999-02,20y+,-21,2.5154477,1.6,0.84468733
1999-03,1-3y,3,-0.23180412,4.8,0.065748141
1999-03,3-7y,-0,-2.1997718,1.8,-1.9022195
1999-03,7-10y,-4,-0.58386488,-2.2,-0.28631261
1999-03,10-20y,-4,1.7116523,-2.2,2.0092046
1999-03,20y+,-4,-0.18397289,-2.2,0.11357937
1999-04,1-3y,-4,-0.43728058,5.6,-0.597774
1999-04,3-7y,-10,-1.6687078,-0.4,-1.8292012
1999-04,7-10y,-13,-0.45643531,-3.4,-0.61692873
1999-04,10-20y,-10,3.1775524,-0.4,3.017059
1999-04,20y+,-11,0.18733837,-1.4,0.026844946
1999-05,1-3y,-14,-1.3252532,-2.2,-2.7243662
1999-05,3-7y,-17,2.0491235,-5.2,0.65001047
1999-05,7-10y,-14,1.6842909,-2.2,0.28517788
1999-05,10-20y,-7,4.1243341,4.8,2.7252211
1999-05,20y+,-7,0.46306975,4.8,-0.93604326
1999-06,1-3y,22,-0.13302728,-0.6,0.26330471
1999-06,3-7y,26,-2.18104,3.4,-1.784708
1999-06,7-10y,24,-0.60902749,1.4,-0.2126955
1999-06,10-20y,22,1.206417,-0.6,1.602749
1999-06,20y+,19,-0.26498215,-3.6,0.13134984
1999-07,1-3y,-2,-0.21023281,4,0.02106176
1999-07,3-7y,-9,-1.9253498,-3,-1.6940552
1999-07,7-10y,-6,-0.58364715,3.5527137e-14,-0.35235258
1999-07,10-20y,-6,1.6889466,-5.3290705e-14,1.9202412
1999-07,20y+,-7,-0.12618977,-1,0.1051048
1999-08,1-3y,-20,-1.7174586,2.2,-3.2142961
1999-08,3-7y,-25,1.7625591,-2.8,0.26572166
1999-08,7-10y,-25,1.6469545,-2.8,0.15011704
1999-08,10-20y,-21,3.3729587,1.2,1.8761212
1999-08,20y+,-20,2.4191737,2.2,0.92233617
1999-09,1-3y,-8,-0.20050927,3.6,0.031820857
1999-09,3-7y,-13,-1.9589927,-1.4,-1.7266626
1999-09,7-10y,-15,-0.5812423,-3.4,-0.34891218
1999-09,10-20y,-11,1.7572838,0.6,1.9896139
1999-09,20y+,-11,-0.17819011,0.6,0.054140012
1999-10,1-3y,19,-0.18178428,-0.8,-0.019183099
1999-10,3-7y,17,-1.8091283,-2.8,-1.6465271
1999-10,7-10y,20,-0.58438732,0.2,-0.42178613
1999-10,10-20y,23,1.9046662,3.2,2.0672674
1999-10,20y+,20,-0.14237222,0.2,0.020228964
1999-11,1-3y,-8,-1.3127727,1.4,-2.7938949
1999-11,3-7y,-9,2.2780917,0.4,0.79696947
1999-11,7-10y,-10,1.3588145,-0.6,-0.12230781
1999-11,10-20y,-11,4.5547522,-1.6,3.0736299
1999-11,20y+,-9,0.52672562,0.4,-0.95439665
1999-12,1-3y,-3,-0.17819074,0.4,0.050530681
1999-12,3-7y,-4,-1.8171696,-0.6,-1.5884482
1999-12,7-10y,-5,-0.58466858,-1.6,-0.35594715
1999-12,10-20y,-3,1.6070847,0.4,1.8358062
1999-12,20y+,-2,-0.17066294,1.4,0.058058485
2000-01,1-3y,-17,-0.26681769,-17.2,-0.080509799
2000-01,3-7y,-11,-1.7408964,-11.2,-1.5545885
2000-01,7-10y,2,-0.56709045,1.8,-0.38078256
2000-01,10-20y,12,1.7662478,11.8,1.9525557
2000-01,20y+,15,-0.12298274,14.8,0.063325145
2000-02,1-3y,8,-1.762568,5.4,-3.4236855
2000-02,3-7y,5,1.3774865,2.4,-0.28363096
2000-02,7-10y,2,1.4254598,-0.6,-0.23565768
2000-02,10-20y,-1,4.4313243,-3.6,2.7702068
2000-02,20y+,-1,2.8338848,-3.6,1.1727673
2000-03,1-3y,16,-0.47602012,-0.6,-0.35189086
2000-03,3-7y,19,-1.6694663,2.4,-1.545337
2000-03,7-10y,18,-0.54907596,1.4,-0.4249467
2000-03,10-20y,15,2.092079,-1.6,2.2162083
2000-03,20y+,15,-0.018162928,-1.6,0.10596632
2000-04,1-3y,-32,-0.47424502,-10,-0.41020722
2000-04,3-7y,-33,-1.6117,-11,-1.5476622
2000-04,7-10y,-23,-0.53036692,-1,-0.46632911
2000-04,10-20y,-11,2.2537122,11,2.31775
2000-04,20y+,-11,0.042410661,11,0.10644846
2000-05,1-3y,10,-1.5666256,-6.2,-3.2659697
2000-05,3-7y,17,2.0865831,0.8,0.38723893
2000-05,7-10y,18,1.2065851,1.8,-0.49275909
2000-05,10-20y,19,5.8591105,2.8,4.1597663
2000-05,20y+,17,0.91106776,0.8,-0.7882764
2000-06,1-3y,12,-0.70424317,2.4,-0.67034259
2000-06,3-7y,11,-1.4574753,1.4,-1.4235748
2000-06,7-10y,8,-0.50839314,-1.6,-0.47449255
2000-06,10-20y,8,2.3978444,-1.6,2.431745
2000-06,20y+,9,0.10276429,-0.6,0.13666488
2000-07,1-3y,5,-0.7076078,3.2,-0.6888389
2000-07,3-7y,1,-1.453902,-0.8,-1.4351331
2000-07,7-10y,-0,-0.50227918,-1.8,-0.48351028
2000-07,10-20y,1,2.4288318,-0.8,2.4476007
2000-07,20y+,2,0.1411127,0.2,0.1598816
2000-08,1-3y,1,-1.346873,0.4,-2.7397072
2000-08,3-7y,2,0.98922096,1.4,-0.40361322
2000-08,7-10y,-0,1.4931052,-0.6,0.10027103
2000-08,10-20y,-0,4.1119467,-0.6,2.7191125
2000-08,20y+,-0,1.716771,-0.6,0.32393681
2000-09,1-3y,13,-0.6866852,6.8,-0.67738267
2000-09,3-7y,9,-1.432488,2.8,-1.4231854
2000-09,7-10y,4,-0.52775914,-2.2,-0.51845662
2000-09,10-20y,3,2.5351195,-3.2,2.5444221
2000-09,20y+,2,0.065300145,-4.2,0.074602669
2000-10,1-3y,-7,-0.7038762,-3.5527137e-14,-0.72859924
2000-10,3-7y,-9,-1.3926391,-2,-1.4173621
2000-10,7-10y,-10,-0.51566086,-3,-0.5403839
2000-10,10-20y,-5,2.6216554,2,2.5969324
2000-10,20y+,-4,0.1141359,3,0.089412861
2000-11,1-3y,25,-1.6975501,9.8,-3.464169
2000-11,3-7y,21,2.1760733,5.8,0.40945438
2000-11,7-10y,15,1.3473758,-0.2,-0.4192431
2000-11,10-20y,8,5.921231,-7.2,4.1546121
2000-11,20y+,7,1.0859645,-8.2,-0.68065436
2000-12,1-3y,-1,-0.76614349,5,-0.72093164
2000-12,3-7y,-6,-1.4063132,-1.7763568e-14,-1.3611014
2000-12,7-10y,-10,-0.50077907,-4,-0.45556723
2000-12,10-20y,-7,2.3094524,-1,2.3546643
2000-12,20y+,-6,0.13772413,7.1054274e-14,0.18293597
2001-01,1-3y,16,-0.72401692,6,-0.6579849
2001-01,3-7y,9,-1.3983933,-1,-1.3323612
2001-01,7-10y,10,-0.50306025,-5.3290705e-14,-0.43702823
2001-01,10-20y,8,2.1862271,-2,2.2522591
2001-01,20y+,7,0.10908325,-3,0.17511528
2001-02,1-3y,22,-1.1071424,0.4,-1.7384812
2001-02,3-7y,24,0.32346116,2.4,-0.30787758
2001-02,7-10y,23,1.5350973,1.4,0.90375858
2001-02,10-20y,21,0.39847772,-0.6,-0.23286103
2001-02,20y+,18,2.0068,-3.6,1.3754612
2001-03,1-3y,9,-0.54926541,14,-0.36554743
2001-03,3-7y,-6,-1.5607796,-1,-1.3770616
2001-03,7-10y,-8,-0.55774521,-3,-0.37402723
2001-03,10-20y,-10,1.8059142,-5,1.9896322
2001-03,20y+,-10,-0.05671386,-5,0.12700412
2001-04,1-3y,-14,-0.66011312,-3.2,-0.53610206
2001-04,3-7y,-19,-1.4445399,-8.2,-1.3205288
2001-04,7-10y,-13,-0.52665557,-2.2,-0.4026445
2001-04,10-20y,-5,2.0093905,5.8,2.1334016
2001-04,20y+,-3,0.0018627283,7.8,0.12587379
2001-05,1-3y,10,-1.1705705,0.4,-2.0842908
2001-05,3-7y,11,1.6282095,1.4,0.71448924
2001-05,7-10y,9,1.2732626,-0.6,0.3595423
2001-05,10-20y,9,2.7018084,-0.6,1.7880881
2001-05,20y+,9,0.13589143,-0.6,-0.77782887
2001-06,1-3y,-29,-0.4133589,-4.6,-0.11357001
2001-06,3-7y,-32,-1.6246698,-7.6,-1.3248809
2001-06,7-10y,-26,-0.61836951,-1.6,-0.31858062
2001-06,10-20y,-19,1.378299,5.4,1.6780879
2001-06,20y+,-16,-0.22084527,8.4,0.078943627
2001-07,1-3y,19,-0.29109756,6,0.015939913
2001-07,3-7y,17,-1.6434123,4,-1.3363749
2001-07,7-10y,13,-0.6247998,-7.1054274e-15,-0.31776233
2001-07,10-20y,9,1.2700801,-4,1.5771175
2001-07,20y+,7,-0.24595773,-6,0.061079741
2001-08,1-3y,14,-1.1923779,3.8,-2.6492625
2001-08,3-7y,11,1.2514252,0.8,-0.20545942
2001-08,7-10y,9,1.9027858,-1.2,0.44590118
2001-08,10-20y,9,3.6721862,-1.2,2.2153016
2001-08,20y+,8,1.6504038,-2.2,0.19351917
2001-09,1-3y,8,0.35470401,-4,0.81093385
2001-09,3-7y,7,-1.8971618,-5,-1.440932
2001-09,7-10y,13,-0.69078741,1,-0.23455757
2001-09,10-20y,16,0.46049409,4,0.91672393
2001-09,20y+,16,-0.50839809,4,-0.052168248
2001-10,1-3y,19,0.380026,-7,0.99005982
2001-10,3-7y,23,-2.2261246,-3,-1.6160908
2001-10,7-10y,26,0.43158321,-3.1974423e-14,1.041617
2001-10,10-20y,23,-0.78013727,-3,-0.17010344
2001-10,20y+,39,-0.85551646,13,-0.24548263
2001-11,1-3y,38,0.54564326,13.6,0.35549736
2001-11,3-7y,33,1.1594454,8.6,0.96929951
2001-11,7-10y,27,0.62448121,2.6,0.43433531
2001-11,10-20y,12,-0.58521044,-12.4,-0.77535633
2001-11,20y+,12,-0.79362995,-12.4,-0.98377585
2001-12,1-3y,15,1.1295132,6,1.7586689
2001-12,3-7y,11,-2.1281357,2,-1.49898
2001-12,7-10y,11,-0.79818609,2,-0.16903035
2001-12,10-20y,7,-0.56397304,-2,0.065182705
2001-12,20y+,1,-0.78499703,-8,-0.15584129
2002-01,1-3y,1,1.3683776,-2,2.0207895
2002-01,3-7y,4,-2.1523043,1,-1.4998924
2002-01,7-10y,3,-0.8145827,-3.5527137e-14,-0.16217079
2002-01,10-20y,4,-0.82465455,1,-0.17224264
2002-01,20y+,3,-0.83889558,-3.5527137e-14,-0.18648367
2002-02,1-3y,-9,-0.008961242,-3.25,-1.5266958
2002-02,3-7y,-4,1.6801601,1.75,0.16242557
2002-02,7-10y,-4,2.144183,1.75,0.62644846
2002-02,10-20y,-6,2.2555563,-0.25,0.73782176
2002-03,1-3y,5,1.328081,4.25,1.9353164
2002-03,3-7y,-1,-2.1116579,-1.75,-1.5044225
2002-03,7-10y,-2,-0.81786412,-2.75,-0.21062873
2002-03,10-20y,1,-0.82750058,0.25,-0.22026518
2002-04,1-3y,4,1.3574279,2.25,1.9588551
2002-04,3-7y,-0,-2.0810324,-1.75,-1.4796053
2002-04,7-10y,-0,-0.81663789,-1.75,-0.21521073
2002-04,10-20y,3,-0.86546625,1.25,-0.26403909
2002-05,1-3y,6,0.66762678,-1.5,0.55941716
2002-05,3-7y,10,1.7377962,2.5,1.6295866
2002-05,7-10y,8,1.1512226,0.5,1.043013
2002-05,10-20y,6,-3.1238071,-1.5,-3.2320167
2002-06,1-3y,3,-1.774362,2.25,-1.7215674
2002-06,3-7y,4,-1.0964607,3.25,-1.0436661
2002-06,7-10y,1,-0.45927219,0.25,-0.40647754
2002-06,10-20y,-5,3.1189164,-5.75,3.171711
2002-07,1-3y,5,1.8027884,6.75,2.8039003
2002-07,3-7y,-2,-2.4205475,-0.25,-1.4194356
2002-07,7-10y,-8,-0.96845028,-6.25,0.032661617
2002-07,10-20y,-2,-2.4182382,-0.25,-1.4171263
2002-08,1-3y,5,-0.62871482,-1.5,-2.193431
2002-08,3-7y,7,2.5770962,0.5,1.01238
2002-08,7-10y,8,2.9336579,1.5,1.3689417
2002-08,10-20y,6,1.3768255,-0.5,-0.18789072
2002-09,1-3y,21,1.4821618,11.25,2.338601
2002-09,3-7y,13,-2.2051311,3.25,-1.3486919
2002-09,7-10y,6,-0.89667898,-3.75,-0.040239788
2002-09,10-20y,-1,-1.8061085,-10.75,-0.94966927
2002-10,1-3y,30,1.4574082,7.25,2.1728313
2002-10,3-7y,29,-2.0764319,6.25,-1.3610088
2002-10,7-10y,19,-0.85832268,-3.75,-0.14289955
2002-10,10-20y,13,-1.3843461,-9.75,-0.66892297
2002-11,1-3y,2,-3.3864027,4.5,-4.7733048
2002-11,3-7y,-2,2.7866363,0.5,1.3997342
2002-11,7-10y,-4,2.9575972,-1.5,1.5706951
2002-11,10-20y,-6,3.1897777,-3.5,1.8028755
2002-12,1-3y,12,1.2021236,-5.3290705e-15,1.7845688
2002-12,3-7y,14,-1.8837505,2,-1.3013053
2002-12,7-10y,12,-0.80852121,1.5987212e-14,-0.22607602
2002-12,10-20y,10,-0.83963267,-2,-0.25718748
2003-01,1-3y,-2,1.1447913,-0.5,1.6151498
2003-01,3-7y,-5,-1.7784316,-3.5,-1.3080731
2003-01,7-10y,-2,-0.76945316,-0.5,-0.29909462
2003-01,10-20y,3,-0.47834066,4.5,-0.0079821314
2003-02,1-3y,7,-0.62107724,-5.5,-1.7804048
2003-02,3-7y,13,2.3657914,0.5,1.2064639
2003-02,7-10y,15,2.5808556,2.5,1.421528
2003-02,10-20y,15,0.31174045,2.5,-0.8475871
2003-03,1-3y,18,1.1042537,2,1.5965024
2003-03,3-7y,19,-1.7582333,3,-1.2659845
2003-03,7-10y,14,-0.77381291,-2,-0.28156415
2003-03,10-20y,13,-0.54120246,-3,-0.048953708
2003-04,1-3y,11,1.1078081,4.25,1.5657589
2003-04,3-7y,7,-1.7185843,0.25,-1.2606335
2003-04,7-10y,4,-0.76263077,-2.75,-0.30467996
2003-04,10-20y,5,-0.45839624,-1.75,-0.00044542961
2003-05,1-3y,5,0.23376289,5.75,-1.5353541
2003-05,3-7y,3,1.6683709,3.75,-0.10074605
2003-05,7-10y,-3,2.7459421,-2.25,0.97682515
2003-05,10-20y,-8,2.428392,-7.25,0.65927499
2003-06,1-3y,-18,0.13866937,4.25,0.79577116
2003-06,3-7y,-25,0.24838482,-2.75,0.90548661
2003-06,7-10y,-25,-0.92082364,-2.75,-0.26372184
2003-06,10-20y,-21,-2.0946377,1.25,-1.4375359
2003-07,1-3y,-28,0.83075588,-0.25,1.1985608
2003-07,3-7y,-28,-1.6093902,-0.25,-1.2415853
2003-07,7-10y,-27,-0.70756247,0.75,-0.33975753
2003-07,10-20y,-28,0.014977001,-0.25,0.38278195
2003-08,1-3y,7,3.4651082,-0.75,2.0337214
2003-08,3-7y,6,1.0717475,-1.75,-0.35963936
2003-08,7-10y,8,2.3666414,0.25,0.93525451
2003-08,10-20y,10,-1.1779497,2.25,-2.6093365
2003-09,1-3y,16,-0.42139151,-3,0.3987324
2003-09,3-7y,22,-0.0038048254,3,0.81631909
2003-09,7-10y,20,1.0346057,1,1.8547296
2003-09,10-20y,18,-3.889905,-1,-3.0697811
2003-10,1-3y,-2,0.21545038,1,0.82348722
2003-10,3-7y,-6,0.39115979,-3,0.99919663
2003-10,7-10y,-3,-0.96373212,-2.220446e-14,-0.35569528
2003-10,10-20y,-1,-2.0750254,2,-1.4669886
2003-11,1-3y,-22,0.37220989,-2.25,-1.8468459
2003-11,3-7y,-23,1.7977422,-3.25,-0.42131356
2003-11,7-10y,-19,2.7461338,0.75,0.52707803
2003-11,10-20y,-15,3.9601372,4.75,1.7410814
2003-12,1-3y,-1,-0.32045155,4.25,0.44606668
2003-12,3-7y,-5,-0.07968894,0.25,0.68682929
2003-12,7-10y,-7,0.6829527,-1.75,1.4494709
2003-12,10-20y,-8,-3.3488851,-2.75,-2.5823669
2004-01,1-3y,-9,0.19017515,-6,0.8083491
2004-01,3-7y,-4,0.29090433,-1,0.90907827
2004-01,7-10y,-0,-1.0001756,3,-0.38200167
2004-01,10-20y,1,-1.9535996,4,-1.3354257
2004-02,1-3y,3,3.6710919,-1.5,3.0400817
2004-02,3-7y,2,0.012657262,-2.5,-0.61835301
2004-02,7-10y,6,1.5015996,1.5,0.8705893
2004-02,10-20y,7,-2.6613077,2.5,-3.292318
2004-03,1-3y,-9,-0.31106463,1.5,0.34995497
2004-03,3-7y,-10,-0.19744281,0.5,0.4635768
2004-03,7-10y,-11,0.60704503,-0.5,1.2680646
2004-03,10-20y,-12,-2.742616,-1.5,-2.0815964
2004-04,1-3y,-3,0.13462764,2.5,0.6881814
2004-04,3-7y,-6,0.19126031,-0.5,0.74481407
2004-04,7-10y,-7,-0.97528045,-1.5,-0.4217267
2004-04,10-20y,-6,-1.5648225,-0.5,-1.0112688
2004-05,1-3y,5,2.8169344,-3,1.5866659
2004-05,3-7y,9,0.58230415,1,-0.64796438
2004-05,7-10y,9,1.6246653,1,0.39439679
2004-05,10-20y,9,-0.10282978,1,-1.3330983
2004-06,1-3y,4,-0.4068015,0.25,0.29101581
2004-06,3-7y,4,-0.32762846,0.25,0.37018884
2004-06,7-10y,4,0.28914578,0.25,0.98696308
2004-06,10-20y,3,-2.345985,-0.75,-1.6481677
2004-07,1-3y,7,-0.073240032,5.25,0.49651927
2004-07,3-7y,2,0.070278547,0.25,0.64003785
2004-07,7-10y,-1,-0.96446011,-2.75,-0.39470081
2004-07,10-20y,-1,-1.3116156,-2.75,-0.7418563
2004-08,1-3y,10,2.8962864,-2.25,2.1512618
2004-08,3-7y,13,0.055411873,0.75,-0.68961276
2004-08,7-10y,13,1.1544293,0.75,0.40940468
2004-08,10-20y,13,-1.1260291,0.75,-1.8710537
2004-09,1-3y,-1,-2.3644211,5.75,-1.9653034
2004-09,3-7y,-5,0.41972796,1.75,0.81884565
2004-09,7-10y,-10,0.57803934,-3.25,0.97715702
2004-09,10-20y,-11,-0.22981697,-4.25,0.16930071
2004-10,1-3y,-2,-0.11329073,2.5,0.42191038
2004-10,3-7y,-5,0.043441611,-0.5,0.57864272
2004-10,7-10y,-6,-1.0286956,-1.5,-0.49349447
2004-10,10-20y,-5,-1.0422597,-0.5,-0.50705863
2004-11,1-3y,-4,2.06626,9.25,1.0324708
2004-11,3-7y,-14,0.38979235,-0.75,-0.64399689
2004-11,7-10y,-17,1.4132805,-3.75,0.37949129
2004-11,10-20y,-18,0.26582408,-4.75,-0.76796516
2004-12,1-3y,-1,-0.5550944,-5.25,0.044753592
2004-12,3-7y,2,-0.27002748,-2.25,0.32982051
2004-12,7-10y,6,0.23185447,1.75,0.83170246
2004-12,10-20y,10,-1.8061246,5.75,-1.2062766
2005-01,1-3y,-6,-0.072536049,-8,0.50943323
2005-01,3-7y,-0,-0.055050003,-2,0.52691928
2005-01,7-10y,6,-0.97031885,4,-0.38834957
2005-01,10-20y,8,-1.2299722,6,-0.64800294
2005-02,1-3y,-13,2.550245,-4,1.931669
2005-02,3-7y,-12,-0.032246905,-3,-0.65082293
2005-02,7-10y,-7,1.0636252,2,0.44504916
2005-02,10-20y,-4,-1.1073192,5,-1.7258952
2005-03,1-3y,8,-2.2785581,-1.75,-1.9422005
2005-03,3-7y,12,0.38181423,2.25,0.71817185
2005-03,7-10y,10,0.52053971,0.25,0.85689734
2005-03,10-20y,9,0.030773638,-0.75,0.36713126
2005-04,1-3y,-2,-0.10678255,-4.75,0.46989787
2005-04,3-7y,4,-0.10215455,1.25,0.47452587
2005-04,7-10y,5,-0.96850499,2.25,-0.39182457
2005-04,10-20y,4,-1.1292796,1.25,-0.55259918
2005-05,1-3y,1,1.4194968,-1.5,-0.013652426
2005-05,3-7y,2,0.9607046,-0.5,-0.47244466
2005-05,7-10y,4,1.5386392,1.5,0.10548993
2005-05,10-20y,3,1.8137564,0.5,0.38060716
2005-06,1-3y,-7,-2.032864,-4,-1.652424
2005-06,3-7y,-3,0.14261033,-1.110223e-14,0.52305031
2005-06,7-10y,-2,0.45171661,1,0.83215658
2005-06,10-20y,-0,-0.083222866,3,0.29721711
2005-07,1-3y,-7,-0.62364067,-2.25,-0.48495247
2005-07,3-7y,-6,0.21792089,-1.25,0.3566091
2005-07,7-10y,-3,-0.63158746,1.75,-0.49289926
2005-07,10-20y,-3,0.48255442,1.75,0.62124262
2005-08,1-3y,16,1.5599502,-0.5,0.81684914
2005-08,3-7y,19,0.11495966,2.5,-0.62814141
2005-08,7-10y,16,1.1510515,-0.5,0.40795041
2005-08,10-20y,15,0.14644292,-1.5,-0.59665814
2005-09,1-3y,-11,-0.58445834,-5,0.015240079
2005-09,3-7y,-7,-0.60622214,-1,-0.0065237165
2005-09,7-10y,-4,0.084156961,2,0.68385538
2005-09,10-20y,-2,-1.2922702,4,-0.69257174
2005-10,1-3y,-6,-0.66126759,-1.75,-0.5634899
2005-10,3-7y,-4,0.26971665,0.25,0.36749435
2005-10,7-10y,-3,-0.6041754,1.25,-0.50639771
2005-10,10-20y,-4,0.60461557,0.25,0.70239326
2005-11,1-3y,-6,0.98085415,-2.75,-0.32812747
2005-11,3-7y,-4,0.79409909,-0.75,-0.51488253
2005-11,7-10y,-2,1.6124073,1.25,0.30342569
2005-11,10-20y,-1,1.8485659,2.25,0.53958431
2005-12,1-3y,-4,-2.041339,-2.5,-1.6843202
2005-12,3-7y,-3,0.10020403,-1.5,0.45722286
2005-12,7-10y,-1,0.41701184,0.5,0.77403068
2005-12,10-20y,2,0.096047804,3.5,0.45306664
2006-01,1-3y,-8,-0.12606483,-3,0.49401176
2006-01,3-7y,-6,-0.44256963,-1,0.17750695
2006-01,7-10y,-4,-0.97780101,1,-0.35772443
2006-01,10-20y,-2,-0.93387087,3,-0.31379428
2006-02,1-3y,-1,1.2855253,1.4,0.36537836
2006-02,3-7y,-4,-0.011020014,-1.6,-0.93116697
2006-02,7-10y,-2,1.0208233,0.4,0.10067635
2006-02,10-20y,-2,-0.28480727,0.4,-1.2049542
2006-02,20y+,-3,2.5902134,-0.6,1.6700665
2006-03,1-3y,-10,-0.38022386,4.4,0.32482933
2006-03,3-7y,-13,-0.58598188,1.4,0.1190713
2006-03,7-10y,-16,-0.0074438229,-1.6,0.69760936
2006-03,10-20y,-16,-1.666967,-1.6,-0.96191385
2006-03,20y+,-17,-0.88464932,-2.6,-0.17959614
2006-04,1-3y,2,-0.19695925,7.4,0.45652183
2006-04,3-7y,-2,-0.26064526,3.4,0.39283582
2006-04,7-10y,-8,-1.011932,-2.6,-0.35845097
2006-04,10-20y,-9,-1.0470621,-3.6,-0.39358105
2006-04,20y+,-10,-0.7508067,-4.6,-0.09732562
2006-05,1-3y,-10,1.3811695,-0.8,0.47018142
2006-05,3-7y,-11,0.74377318,-1.8,-0.16721492
2006-05,7-10y,-9,1.4340859,0.2,0.52309784
2006-05,10-20y,-8,1.304658,1.2,0.39366995
2006-05,20y+,-8,-0.30874618,1.2,-1.2197343
2006-06,1-3y,11,-0.43947113,0.4,0.27957885
2006-06,3-7y,12,-0.63689358,1.4,0.082156406
2006-06,7-10y,10,-0.19691404,-0.6,0.52213595
2006-06,10-20y,11,-1.4848758,0.4,-0.76582585
2006-06,20y+,9,-0.83709534,-1.6,-0.11804536
2006-07,1-3y,14,-0.15004959,4.8,0.57428362
2006-07,3-7y,11,-0.38960489,1.8,0.33472833
2006-07,7-10y,8,-1.0896115,-1.2,-0.36527831
2006-07,10-20y,7,-1.2075865,-2.2,-0.48325325
2006-07,20y+,6,-0.78481361,-3.2,-0.060480392
2006-08,1-3y,7,1.1914187,1.2,-0.11051912
2006-08,3-7y,6,0.79708744,0.2,-0.50485033
2006-08,7-10y,5,1.4104195,-0.8,0.10848173
2006-08,10-20y,6,1.4189517,0.2,0.11701393
2006-08,20y+,5,1.6918116,-0.8,0.38987379
2006-09,1-3y,-8,-0.54432397,-0.4,0.1616364
2006-09,3-7y,-8,-0.60286492,-0.4,0.10309546
2006-09,7-10y,-8,-0.095790167,-0.4,0.61017021
2006-09,10-20y,-7,-1.4664422,0.6,-0.76048181
2006-09,20y+,-7,-0.82038064,0.6,-0.11442026
2006-10,1-3y,17,-0.39077396,-0.2,0.2887352
2006-10,3-7y,18,-0.31397434,0.8,0.36553482
2006-10,7-10y,17,-1.0071332,-0.2,-0.32762403
2006-10,10-20y,17,-0.95120384,-0.2,-0.27169468
2006-10,20y+,17,-0.73446047,-0.2,-0.054951305
2006-11,1-3y,11,1.2380906,2,0.61150455
2006-11,3-7y,10,0.33721469,1,-0.28937139
2006-11,7-10y,9,1.2143546,-1.7763568e-14,0.5877685
2006-11,10-20y,8,0.7579783,-1,0.13139222
2006-11,20y+,7,-0.4147078,-2,-1.0412939
2006-12,1-3y,-11,-0.60998531,-2.8,0.13606023
2006-12,3-7y,-11,-0.61933327,-2.8,0.12671226
2006-12,7-10y,-8,-0.039134091,0.2,0.70691144
2006-12,10-20y,-6,-1.5972961,2.2,-0.85125058
2006-12,20y+,-5,-0.86447887,3.2,-0.11843334
2007-01,1-3y,4,-0.30899812,0.4,0.31022309
2007-01,3-7y,3,-0.39963126,-0.6,0.21958995
2007-01,7-10y,4,-0.96351087,0.4,-0.34428966
2007-01,10-20y,4,-0.74145239,0.4,-0.12223118
2007-01,20y+,3,-0.68251342,-0.6,-0.063292205
2007-02,1-3y,22,0.43714217,4,-0.78284503
2007-02,3-7y,20,0.84083974,2,-0.37914746
2007-02,7-10y,17,1.4505773,-1,0.23059013
2007-02,10-20y,16,1.7704377,-2,0.55045049
2007-02,20y+,15,1.6009391,-3,0.38095187
2007-03,1-3y,-2,-0.71395121,2.8,-0.0627577
2007-03,3-7y,-6,-0.6050598,-1.2,0.046133706
2007-03,7-10y,-5,-0.021229548,-0.2,0.62996396
2007-03,10-20y,-6,-1.1589882,-1.2,-0.50779471
2007-03,20y+,-5,-0.75673876,-0.2,-0.10554525
2007-04,1-3y,-2,-0.36062259,-1.4,0.24511697
2007-04,3-7y,-0,-0.39544641,0.6,0.21029315
2007-04,7-10y,-0,-0.9185055,0.6,-0.31276594
2007-04,10-20y,-0,-0.72246189,0.6,-0.11672233
2007-04,20y+,-1,-0.63166141,-0.4,-0.025921848
2007-05,1-3y,-7,-0.13700236,-3,-1.5316482
2007-05,3-7y,-7,1.3642188,-3,-0.030427115
2007-05,7-10y,-4,1.8317242,0,0.43707827
2007-05,10-20y,-1,2.9264133,3,1.5317674
2007-05,20y+,-1,0.98787561,3,-0.40677028
2007-06,1-3y,-0,-0.6668203,-5.2,-0.03895615
2007-06,3-7y,5,-0.59799663,-0.2,0.02986752
2007-06,7-10y,6,-0.058578903,0.8,0.56928524
2007-06,10-20y,7,-1.0629515,1.8,-0.4350874
2007-06,20y+,8,-0.75297337,2.8,-0.12510922
2007-07,1-3y,18,-0.38691461,2.8,0.23427688
2007-07,3-7y,20,-0.40030968,4.8,0.22088181
2007-07,7-10y,14,-0.96123319,-1.2,-0.3400417
2007-07,10-20y,12,-0.67935667,-3.2,-0.058165186
2007-07,20y+,12,-0.67814329,-3.2,-0.056951804
2007-08,1-3y,13,-1.0592977,4.6,-1.8378074
2007-08,3-7y,14,0.71325232,5.6,-0.065257364
2007-08,7-10y,6,1.3934612,-2.4,0.61495155
2007-08,10-20y,5,1.291627,-3.4,0.51311728
2007-08,20y+,4,1.5535056,-4.4,0.77499589
2007-09,1-3y,8,-0.87451877,2,-0.49047068
2007-09,3-7y,8,-0.23593831,2,0.14810978
2007-09,7-10y,4,0.17892096,-2,0.56296905
2007-09,10-20y,5,-0.36868583,-1,0.015362252
2007-09,20y+,5,-0.62001848,-1,-0.2359704
2007-10,1-3y,-20,-0.49281925,-7.4,-0.15347167
2007-10,3-7y,-15,-0.013022238,-2.4,0.32632534
2007-10,7-10y,-11,-0.72516305,1.6,-0.38581547
2007-10,10-20y,-9,0.065982294,3.6,0.40532987
2007-10,20y+,-8,-0.53171565,4.6,-0.19236807
2007-11,1-3y,-12,-1.3942406,2.6,-2.3384284
2007-11,3-7y,-18,1.1876235,-3.4,0.2434357
2007-11,7-10y,-14,1.652859,0.6,0.70867118
2007-11,10-20y,-15,2.3106525,-0.4,1.3664647
2007-11,20y+,-14,0.96404469,0.6,0.019856863
2007-12,1-3y,19,-0.57561682,0.6,-0.188957
2007-12,3-7y,20,-0.31889129,1.6,0.067768533
2007-12,7-10y,19,0.13044063,0.6,0.51710045
2007-12,10-20y,17,-0.52691884,-1.4,-0.14025902
2007-12,20y+,17,-0.64231278,-1.4,-0.25565296
2008-01,1-3y,6,-0.23255061,8.6,0.14189372
2008-01,3-7y,-1,-0.036016435,1.6,0.3384279
2008-01,7-10y,-6,-0.81535632,-3.4,-0.44091199
2008-01,10-20y,-5,-0.20275771,-2.4,0.17168662
2008-01,20y+,-7,-0.58554058,-4.4,-0.21109625
2008-02,1-3y,48,-0.55661908,10.4,-1.2294892
2008-02,3-7y,48,0.8036106,10.4,0.13074046
2008-02,7-10y,38,1.1135423,0.4,0.4406722
2008-02,10-20y,28,0.69045445,-9.6,0.017584312
2008-02,20y+,26,1.3133624,-11.6,0.64049224
2008-03,1-3y,17,-0.027537712,9.6,0.54415633
2008-03,3-7y,15,-0.37456162,7.6,0.19713243
2008-03,7-10y,6,0.043879519,-1.4,0.61557356
2008-03,10-20y,-1,-1.6474978,-8.4,-1.0758038
2008-03,20y+,-0,-0.85275257,-7.4,-0.28105853
2008-04,1-3y,12,0.064293575,2.4,0.79635382
2008-04,3-7y,12,0.54185409,2.4,1.2739143
2008-04,7-10y,10,-1.3585539,0.4,-0.62649366
2008-04,10-20y,7,-1.9954272,-2.6,-1.263367
2008-04,20y+,7,-0.91246778,-2.6,-0.18040753
2008-05,1-3y,-20,-0.18382345,-1.7763568e-14,-0.72075102
2008-05,3-7y,-26,1.0677888,-6,0.53086123
2008-05,7-10y,-21,1.4033789,-1,0.86645131
2008-05,10-20y,-18,-0.16914751,2,-0.70607507
2008-05,20y+,-15,0.56644111,5,0.029513553
2008-06,1-3y,24,-0.2776179,8.8,0.23959335
2008-06,3-7y,18,-0.17843943,2.8,0.33877182
2008-06,7-10y,11,0.1348369,-4.2,0.65204815
2008-06,10-20y,11,-1.4346051,-4.2,-0.91739384
2008-06,20y+,12,-0.83023074,-3.2,-0.31301949
2008-07,1-3y,18,0.063834021,3.2,0.57210731
2008-07,3-7y,20,0.20579263,5.2,0.71406592
2008-07,7-10y,14,-1.0820951,-0.8,-0.57382184
2008-07,10-20y,12,-0.98830727,-2.8,-0.48003398
2008-07,20y+,10,-0.74059069,-4.8,-0.2323174
2008-08,1-3y,-3,-0.93875866,1.2,-1.8834932
2008-08,3-7y,-6,1.5933731,-1.8,0.64863854
2008-08,7-10y,-4,1.62063,0.2,0.67589547
2008-08,10-20y,-5,0.86451712,-0.8,-0.080217424
2008-08,20y+,-3,1.5839112,1.2,0.63917662
2008-09,1-3y,3,-0.20474712,2,0.3498223
2008-09,3-7y,-7,-0.012800014,-8,0.5417694
2008-09,7-10y,-5,0.14176312,-6,0.69633254
2008-09,10-20y,5,-1.7960756,4,-1.2415062
2008-09,20y+,9,-0.90098748,8,-0.34641806
2008-10,1-3y,3,-0.98111333,20.2,-0.56907107
2008-10,3-7y,-13,3.7777033,4.2,4.1897456
2008-10,7-10y,-22,-0.63558208,-4.8,-0.22353982
2008-10,10-20y,-31,-3.0512904,-13.8,-2.6392482
2008-10,20y+,-23,-1.1699288,-5.8,-0.75788655
2008-11,1-3y,9,1.9822624,-9.4,1.6973541
2008-11,3-7y,9,-0.37467797,-9.4,-0.6595862
2008-11,7-10y,27,0.91619239,8.6,0.63128416
2008-11,10-20y,22,-2.1927931,3.6,-2.4777013
2008-11,20y+,25,1.0935574,6.6,0.8086492
2008-12,1-3y,14,2.4623667,15.8,3.0519257
2008-12,3-7y,-1,-0.94406737,0.8,-0.35450843
2008-12,7-10y,-5,0.1249283,-3.2,0.71448724
2008-12,10-20y,-11,-3.2659615,-9.2,-2.6764026
2008-12,20y+,-6,-1.3250608,-4.2,-0.7355019
2009-01,1-3y,-9,2.574922,6.6,3.1172359
2009-01,3-7y,-18,-0.88015822,-2.4,-0.33784434
2009-01,7-10y,-17,-0.054949077,-1.4,0.4873648
2009-01,10-20y,-15,-3.1075851,0.6,-2.5652712
2009-01,20y+,-19,-1.243799,-3.4,-0.70148516
2009-02,1-3y,-4,1.5378708,12,0.99004416
2009-02,3-7y,-15,-0.27917696,1,-0.82700364
2009-02,7-10y,-24,2.3779769,-8,1.8301502
2009-02,10-20y,-19,-2.3384361,-3,-2.8862628
2009-02,20y+,-18,1.4408988,-2,0.89307214
2009-03,1-3y,15,1.6016576,0.2,2.1180006
2009-03,3-7y,17,-1.7685244,2.2,-1.2521814
2009-03,7-10y,10,1.2893734,-4.8,1.8057164
2009-03,10-20y,15,-3.9960767,0.2,-3.4797337
2009-03,20y+,17,0.29185515,2.2,0.80819815
2009-04,1-3y,8,1.5964971,15.6,2.2174201
2009-04,3-7y,-6,-2.5106718,1.6,-1.8897488
2009-04,7-10y,-13,1.5169556,-5.4,2.1378787
2009-04,10-20y,-11,-2.5885374,-3.4,-1.9676144
2009-04,20y+,-16,-1.1188587,-8.4,-0.49793562
2009-05,1-3y,-0,1.7830393,1.4,1.8219444
2009-05,3-7y,-11,-1.8049256,-9.6,-1.7660205
2009-05,7-10y,-2,2.4280513,-0.6,2.4669564
2009-05,10-20y,2,-3.7937735,3.4,-3.7548684
2009-05,20y+,4,1.193083,5.4,1.2319882
2009-06,1-3y,8,0.89914439,-6.4,1.4090558
2009-06,3-7y,20,-2.6228579,5.6,-2.1129465
2009-06,7-10y,19,1.7170162,4.6,2.2269276
2009-06,10-20y,13,-2.9856356,-1.4,-2.4757242
2009-06,20y+,12,0.44277589,-2.4,0.9526873
2009-07,1-3y,-5,1.3778107,-23,1.9283881
2009-07,3-7y,10,-2.0951328,-8,-1.5445555
2009-07,7-10y,23,1.2183657,5,1.7689431
2009-07,10-20y,31,-3.4020328,13,-2.8514555
2009-07,20y+,31,0.14810244,13,0.69867978
2009-08,1-3y,8,1.2504328,2.2,1.1783939
2009-08,3-7y,9,-2.0761494,3.2,-2.1481883
2009-08,7-10y,5,2.5669346,-0.8,2.4948957
2009-08,10-20y,3,-2.5600278,-2.8,-2.6320668
2009-08,20y+,4,1.1790045,-1.8,1.1069655
2009-09,1-3y,-2,0.98891867,-9.8,1.4885059
2009-09,3-7y,6,-1.8216566,-1.8,-1.3220694
2009-09,7-10y,9,1.3216707,1.2,1.821258
2009-09,10-20y,12,-3.0403205,4.2,-2.5407332
2009-09,20y+,14,0.053451478,6.2,0.55303874
2009-10,1-3y,16,0.98253628,-1.2,1.4427633
2009-10,3-7y,22,-2.1015617,4.8,-1.6413347
2009-10,7-10y,18,1.3427113,0.8,1.8029384
2009-10,10-20y,16,-2.6096621,-1.2,-2.1494351
2009-10,20y+,14,0.084841042,-3.2,0.54506807
2009-11,1-3y,10,1.2080267,-3.4,1.304198
2009-11,3-7y,19,-1.9744381,5.6,-1.8782669
2009-11,7-10y,16,1.8278109,2.6,1.9239821
2009-11,10-20y,13,-2.1043275,-0.4,-2.0081563
2009-11,20y+,9,0.56207183,-4.4,0.65824305
2009-12,1-3y,-14,0.91070359,-9.6,1.3035766
2009-12,3-7y,-12,-2.0894284,-7.6,-1.6965554
2009-12,7-10y,-3,1.2559947,1.4,1.6488678
2009-12,10-20y,2,-2.0054459,6.4,-1.6125728
2009-12,20y+,5,-0.036189284,9.4,0.35668377
2010-01,1-3y,4,0.82956647,-8.8817842e-15,1.1790195
2010-01,3-7y,5,-1.9666942,1,-1.6172412
2010-01,7-10y,3,1.2085239,-1,1.5579769
2010-01,10-20y,4,-1.7898918,-8.8817842e-15,-1.4404388
2010-01,20y+,4,-0.028769307,-8.8817842e-15,0.3206837
2010-02,1-3y,10,0.81760143,-6.8,0.61635063
2010-02,3-7y,17,-1.048612,0.2,-1.2498628
2010-02,7-10y,19,1.8171617,2.2,1.6159109
2010-02,10-20y,20,-1.1458718,3.2,-1.3471226
2010-02,20y+,18,0.56597466,1.2,0.36472386
2010-03,1-3y,8,0.66713064,0.4,1.010116
2010-03,3-7y,10,-1.9465608,2.4,-1.6035755
2010-03,7-10y,7,1.0989618,-0.6,1.4419472
2010-03,10-20y,8,-1.4582427,0.4,-1.1152573
2010-03,20y+,5,-0.076215688,-2.6,0.26676967
2010-04,1-3y,12,0.64736498,-2.2,1.0147375
2010-04,3-7y,17,-1.9827923,2.8,-1.6154198
2010-04,7-10y,14,1.0042937,-0.2,1.3716663
2010-04,10-20y,14,-1.3884466,-0.2,-1.0210741
2010-04,20y+,14,-0.11728259,-0.2,0.25008997
2010-05,1-3y,1,0.67923297,7.4,0.81916309
2010-05,3-7y,-6,-1.8016626,0.4,-1.6617325
2010-05,7-10y,-8,1.2821083,-1.6,1.4220384
2010-05,10-20y,-9,-1.2385825,-2.6,-1.0986524
2010-05,20y+,-10,0.37925329,-3.6,0.51918341
2010-06,1-3y,6,0.29636531,-8.4,0.62862314
2010-06,3-7y,14,-1.8348252,-0.4,-1.5025674
2010-06,7-10y,17,0.97764619,2.6,1.309904
2010-06,10-20y,17,-1.1224012,2.6,-0.79014337
2010-06,20y+,18,0.021925731,3.6,0.35418356
2010-07,1-3y,7,0.17552707,-2,0.49530978
2010-07,3-7y,16,-1.7384821,7,-1.4186994
2010-07,7-10y,9,0.92291506,-7.1054274e-15,1.2426978
2010-07,10-20y,8,-0.99985998,-1,-0.68007727
2010-07,20y+,5,0.040986397,-4,0.3607691
2010-08,1-3y,6,0.20374094,-1,0.014639151
2010-08,3-7y,7,-0.90850634,-8.8817842e-15,-1.0976081
2010-08,7-10y,7,1.4354846,-8.8817842e-15,1.2463828
2010-08,10-20y,8,-0.4939313,1,-0.68303309
2010-08,20y+,7,0.708721,-8.8817842e-15,0.51961921
2010-09,1-3y,3,0.16635042,-5.8,0.48868282
2010-09,3-7y,10,-2.0320436,1.2,-1.7097112
2010-09,7-10y,9,0.92216865,0.2,1.244501
2010-09,10-20y,12,-0.80780973,3.2,-0.48547734
2010-09,20y+,10,0.13967231,1.2,0.46200471
2010-10,1-3y,3,0.13742942,5.8,0.48797326
2010-10,3-7y,3,-2.3027799,5.8,-1.952236
2010-10,7-10y,-4,1.0619567,-1.2,1.4125005
2010-10,10-20y,-8,-0.74904937,-5.2,-0.39850553
2010-10,20y+,-8,0.099723981,-5.2,0.45026782
2010-11,1-3y,-0,0.026267217,0.6,-0.061639813
2010-11,3-7y,-7,-1.7788101,-6.4,-1.8667172
2010-11,7-10y,-4,1.5594116,-3.4,1.4715046
2010-11,10-20y,2,-0.14228363,2.6,-0.23019066
2010-11,20y+,6,0.77495008,6.6,0.68704305
2010-12,1-3y,10,0.33261737,2.4,0.55335436
2010-12,3-7y,7,-2.6461716,-0.6,-2.4254346
2010-12,7-10y,6,0.89863687,-1.6,1.1193739
2010-12,10-20y,7,-0.35598103,-0.6,-0.13524404
2010-12,20y+,8,0.66721345,0.4,0.88795044
2011-01,1-3y,4,0.0097731262,8.4,0.14362261
2011-01,3-7y,1,-1.6481682,5.4,-1.5143187
2011-01,7-10y,-7,0.6256983,-2.6,0.75954779
2011-01,10-20y,-10,-0.062584746,-5.6,0.071264737
2011-01,20y+,-10,0.40603408,-5.6,0.53988356
2011-02,1-3y,5,-0.26573327,-1.6,-0.50301935
2011-02,3-7y,3,-0.76891086,-3.6,-1.0061969
2011-02,7-10y,4,1.2287081,-2.6,0.99142202
2011-02,10-20y,10,-0.10104725,3.4,-0.33833332
2011-02,20y+,11,1.0934137,4.4,0.85612759
2011-03,1-3y,-1,-0.29820523,0.4,-0.094646653
2011-03,3-7y,-4,-1.5390539,-2.6,-1.3354953
2011-03,7-10y,-1,0.50143272,0.4,0.70499129
2011-03,10-20y,-1,0.039378244,0.4,0.24293682
2011-03,20y+,-0,0.27865524,1.4,0.48221382
2011-04,1-3y,6,-0.39031373,-1.8,-0.22347946
2011-04,3-7y,13,-1.386261,5.2,-1.2194267
2011-04,7-10y,7,0.60424104,-0.8,0.77107532
2011-04,10-20y,7,-0.17841297,-0.8,-0.011578692
2011-04,20y+,6,0.5165753,-1.8,0.68340957
2011-05,1-3y,11,0.1597814,3,0.034175743
2011-05,3-7y,13,-1.6041845,5,-1.7297902
2011-05,7-10y,7,0.91282008,-1,0.78721442
2011-05,10-20y,5,0.17900001,-3,0.053394349
2011-05,20y+,4,0.98061135,-4,0.85500569
2011-06,1-3y,-10,0.15508343,14.6,0.33922423
2011-06,3-7y,-36,-2.345144,-11.4,-2.1610032
2011-06,7-10y,-30,0.73358778,-5.4,0.91772857
2011-06,10-20y,-26,0.026098781,-1.4,0.21023958
2011-06,20y+,-21,0.50967007,3.6,0.69381087
2011-07,1-3y,6,0.10026365,-11.4,0.28242588
2011-07,3-7y,20,-1.4935592,2.6,-1.3113969
2011-07,7-10y,21,1.0217313,3.6,1.2038935
2011-07,10-20y,21,-0.61319637,3.6,-0.43103414
2011-07,20y+,19,0.073949462,1.6,0.25611169
2011-08,1-3y,2,-0.07236707,1.6,-0.31837411
2011-08,3-7y,2,-0.66619794,1.6,-0.91220497
2011-08,7-10y,-0,1.4838328,-0.4,1.2378258
2011-08,10-20y,-2,-0.20463842,-2.4,-0.45064546
2011-08,20y+,-0,0.68940578,-0.4,0.44339874
2011-09,1-3y,-0,-0.16401073,-1.4,-0.051354664
2011-09,3-7y,-4,-1.1631377,-5.4,-1.0504817
2011-09,7-10y,-1,0.91810536,-2.4,1.0307614
2011-09,10-20y,3,-0.38038569,1.6,-0.26772962
2011-09,20y+,9,0.22614844,7.6,0.33880451
2011-10,1-3y,1,0.30834344,2.2,0.54736275
2011-10,3-7y,2,-0.67735067,3.2,-0.43833135
2011-10,7-10y,-3,0.42112909,-1.8,0.6601484
2011-10,10-20y,-3,-0.610962,-1.8,-0.37194269
2011-10,20y+,-3,-0.63625644,-1.8,-0.39723712
2011-11,1-3y,1,0.77788066,15.8,0.67660287
2011-11,3-7y,-8,-0.7913721,6.8,-0.8926499
2011-11,7-10y,-19,1.1306881,-4.2,1.0294103
2011-11,10-20y,-24,-0.45881814,-9.2,-0.56009593
2011-11,20y+,-24,-0.15198951,-9.2,-0.2532673
2011-12,1-3y,3,0.59351586,-9.6,0.97278442
2011-12,3-7y,14,-1.1174327,1.4,-0.73816417
2011-12,7-10y,14,0.43091607,1.4,0.81018463
2011-12,10-20y,16,-0.44297844,3.4,-0.063709875
2011-12,20y+,16,-1.3603636,3.4,-0.98109501
2012-01,1-3y,-0,0.44822347,-13.2,0.69293728
2012-01,3-7y,10,-1.2924509,-3.2,-1.0477371
2012-01,7-10y,18,0.62825776,4.8,0.87297157
2012-01,10-20y,19,-0.38511596,5.8,-0.14040215
2012-01,20y+,19,-0.62248342,5.8,-0.37776962
2012-02,1-3y,1,0.74276347,-1.4,0.69197207
2012-02,3-7y,1,-0.34094684,-1.4,-0.39173824
2012-02,7-10y,1,0.62581495,-1.4,0.57502355
2012-02,10-20y,4,-0.36512762,1.6,-0.41591902
2012-02,20y+,5,-0.40854696,2.6,-0.45933836
2012-03,1-3y,3,0.9660945,1.2,1.2576817
2012-03,3-7y,5,-1.1232103,3.2,-0.83162314
2012-03,7-10y,3,0.16925853,1.2,0.46084573
2012-03,10-20y,-0,-0.1755977,-1.8,0.1159895
2012-03,20y+,-2,-1.294481,-3.8,-1.0028938
2012-04,1-3y,-0,0.48381294,-2.2,0.72276086
2012-04,3-7y,4,-0.92367024,1.8,-0.68472232
2012-04,7-10y,5,0.24214848,2.8,0.4810964
2012-04,10-20y,2,-0.16953627,-0.2,0.069411653
2012-04,20y+,-0,-0.82749452,-2.2,-0.5885466
2012-05,1-3y,2,0.65357508,-11.6,0.58761208
2012-05,3-7y,10,-0.89724463,-3.6,-0.96320763
2012-05,7-10y,18,1.0614739,4.4,0.99551086
2012-05,10-20y,19,-0.10661447,5.4,-0.17257747
2012-05,20y+,19,-0.38137485,5.4,-0.44733785
2012-06,1-3y,-2,0.66308074,2,1.0190502
2012-06,3-7y,-0,-0.91907233,4,-0.56310285
2012-06,7-10y,-4,0.34814402,-9.3258734e-15,0.7041135
2012-06,10-20y,-7,-0.6981476,-3,-0.34217812
2012-06,20y+,-7,-1.1738522,-3,-0.81788275
2012-07,1-3y,-1,0.44156581,5.6,0.7387855
2012-07,3-7y,-4,-1.3142426,2.6,-1.0170229
2012-07,7-10y,-8,0.68087528,-1.4,0.97809497
2012-07,10-20y,-10,-0.58560507,-3.4,-0.28838538
2012-07,20y+,-10,-0.70869188,-3.4,-0.41147218
2012-08,1-3y,6,0.74895922,-2.4,0.59722763
2012-08,3-7y,11,-0.4251011,2.6,-0.57683269
2012-08,7-10y,8,0.66087351,-0.4,0.50914192
2012-08,10-20y,9,0.079573789,0.6,-0.072157798
2012-08,20y+,8,-0.30564748,-0.4,-0.45737906
2012-09,1-3y,4,0.44606877,-3.8,0.68702105
2012-09,3-7y,6,-1.2757101,-1.8,-1.0347578
2012-09,7-10y,9,0.47912268,1.2,0.72007496
2012-09,10-20y,11,-0.12843238,3.2,0.1125199
2012-09,20y+,9,-0.72581039,1.2,-0.48485812
2012-10,1-3y,-1,0.2042646,-6.6,0.51127494
2012-10,3-7y,4,-1.2003818,-1.6,-0.89337145
2012-10,7-10y,8,0.43359817,2.4,0.74060852
2012-10,10-20y,9,-0.14185105,3.4,0.1651593
2012-10,20y+,8,-0.83068166,2.4,-0.52367131
2012-11,1-3y,2,0.83913871,-0.8,0.77203089
2012-11,3-7y,7,-0.62065063,4.2,-0.68775845
2012-11,7-10y,4,0.54724078,1.2,0.48013296
2012-11,10-20y,2,-0.27479045,-0.8,-0.34189828
2012-11,20y+,-1,-0.15539929,-3.8,-0.22250711
2012-12,1-3y,1,0.53897483,8.8817842e-15,0.85538968
2012-12,3-7y,5,-1.1214339,4,-0.80501902
2012-12,7-10y,1,0.24030224,8.8817842e-15,0.55671709
2012-12,10-20y,-1,-0.10556252,-2,0.21085233
2012-12,20y+,-1,-1.1343549,-2,-0.81794008
2013-01,1-3y,1,-0.001847545,3.2,0.16354292
2013-01,3-7y,-1,-0.91790969,1.2,-0.75251922
2013-01,7-10y,-4,0.51275695,-1.8,0.67814741
2013-01,10-20y,-4,-0.11578945,-1.8,0.049601011
2013-01,20y+,-3,-0.30416258,-0.8,-0.13877212
2013-02,1-3y,2,0.06896247,-3.6,-0.092711978
2013-02,3-7y,7,-0.38592822,1.4,-0.54760267
2013-02,7-10y,8,1.1592496,2.4,0.99757519
2013-02,10-20y,6,0.047020787,0.4,-0.11465366
2013-02,20y+,5,-0.080932438,-0.6,-0.24260689
2013-03,1-3y,1,0.092340783,-2.4,0.25706944
2013-03,3-7y,3,-0.70529478,-0.4,-0.54056612
2013-03,7-10y,6,0.44468909,2.6,0.60941774
2013-03,10-20y,4,-0.069474707,0.6,0.095253949
2013-03,20y+,3,-0.58590367,-0.4,-0.42117501
2013-04,1-3y,1,-0.076260311,-0.6,0.071681348
2013-04,3-7y,2,-0.85362001,0.4,-0.70567835
2013-04,7-10y,3,0.68444737,1.4,0.83238903
2013-04,10-20y,1,0.043642107,-0.6,0.19158377
2013-04,20y+,1,-0.53791745,-0.6,-0.38997579
2013-05,1-3y,-4,0.014816688,8.2,-0.16598255
2013-05,3-7y,-15,-0.00527307,-2.8,-0.18607231
2013-05,7-10y,-15,0.82631579,-2.8,0.64551655
2013-05,10-20y,-15,0.03608989,-2.8,-0.14470935
2013-05,20y+,-12,0.032046903,0.2,-0.14875234
2013-06,1-3y,6,-0.12040112,0.6,0.025860688
2013-06,3-7y,7,-0.68709436,1.6,-0.54083255
2013-06,7-10y,5,0.61505808,-0.4,0.76131988
2013-06,10-20y,5,-0.088403054,-0.4,0.05785875
2013-06,20y+,4,-0.45046857,-1.4,-0.30420676
2013-07,1-3y,1,-0.14290863,0.4,-0.025730528
2013-07,3-7y,-0,-0.68209307,-0.6,-0.56491498
2013-07,7-10y,1,0.63074178,0.4,0.74791988
2013-07,10-20y,-0,-0.092624237,-0.6,0.024553862
2013-07,20y+,1,-0.29900633,0.4,-0.18182824
2013-08,1-3y,2,0.013423487,-1,-0.17210062
2013-08,3-7y,-1,-0.18718198,-4,-0.37270609
2013-08,7-10y,1,1.0352332,-2,0.84970911
2013-08,10-20y,6,0.029544672,3,-0.15597944
2013-08,20y+,7,0.036601148,4,-0.14892296
2013-09,1-3y,2,-0.37882311,0.6,-0.24927499
2013-09,3-7y,5,-0.51052064,3.6,-0.38097252
2013-09,7-10y,3,0.59545044,1.6,0.72499856
2013-09,10-20y,-1,-0.1135815,-2.4,0.015966618
2013-09,20y+,-2,-0.24026578,-3.4,-0.11071766
2013-10,1-3y,1,-0.21429415,3,-0.051665937
2013-10,3-7y,-1,-0.7169892,1,-0.55436099
2013-10,7-10y,-4,0.55063036,-2,0.71325857
2013-10,10-20y,-3,0.082199903,-1,0.24482812
2013-10,20y+,-3,-0.51468799,-1,-0.35205977
2013-11,1-3y,3,-0.14945897,2,-0.33216876
2013-11,3-7y,-0,0.022573586,-1,-0.16013621
2013-11,7-10y,-0,0.91883467,-1,0.73612488
2013-11,10-20y,-0,-0.076720674,-1,-0.25943047
2013-11,20y+,2,0.19832035,1,0.01561056
2013-12,1-3y,-0,-0.19286045,3.8,-0.025677907
2013-12,3-7y,-2,-0.54232553,1.8,-0.37514298
2013-12,7-10y,-5,0.54894374,-1.2,0.71612628
2013-12,10-20y,-6,-0.043580044,-2.2,0.1236025
2013-12,20y+,-6,-0.60609044,-2.2,-0.4389079
2014-01,1-3y,3,-0.57407762,-5,-0.46193709
2014-01,3-7y,12,-0.52248918,4,-0.41034864
2014-01,7-10y,11,0.79289105,3,0.90503158
2014-01,10-20y,8,-0.096494241,5.3290705e-15,0.015646291
2014-01,20y+,6,-0.16053267,-2,-0.048392137
2014-02,1-3y,2,-0.49693927,-5.8,-0.90802113
2014-02,3-7y,6,0.48161566,-1.8,0.070533802
2014-02,7-10y,9,1.288641,1.2,0.87755911
2014-02,10-20y,11,0.11396049,3.2,-0.29712137
2014-02,20y+,11,0.66813146,3.2,0.2570496
2014-03,1-3y,3,-0.52287047,0.6,-0.42215689
2014-03,3-7y,3,-0.62797518,0.6,-0.5272616
2014-03,7-10y,2,0.85095413,-0.4,0.9516677
2014-03,10-20y,1,0.044330656,-1.4,0.14504423
2014-03,20y+,3,-0.24800701,0.6,-0.14729344
2014-04,1-3y,1,-0.58100788,-0.6,-0.50518735
2014-04,3-7y,5,-0.49936758,3.4,-0.42354705
2014-04,7-10y,3,0.72117355,1.4,0.79699407
2014-04,10-20y,-0,0.043155547,-1.6,0.11897607
2014-04,20y+,-1,-0.063056269,-2.6,0.012764257
2014-05,1-3y,-0,-0.53352146,-4.2,-0.80360739
2014-05,3-7y,1,0.23948495,-3.2,-0.030600978
2014-05,7-10y,6,0.95158597,1.8,0.68150004
2014-05,10-20y,7,0.0081894899,2.8,-0.26189644
2014-05,20y+,7,0.6846907,2.8,0.41460477
2014-06,1-3y,2,-0.73154514,-3.8,-0.61342958
2014-06,3-7y,8,-0.62561274,2.2,-0.50749718
2014-06,7-10y,6,0.93073375,0.2,1.0488493
2014-06,10-20y,6,-0.038442818,0.2,0.079672737
2014-06,20y+,7,-0.12571083,1.2,-0.0075952737
2014-07,1-3y,-0,-0.8486217,6.6,-0.71736471
2014-07,3-7y,-7,-0.47551176,-0.4,-0.34425477
2014-07,7-10y,-10,0.74840453,-3.4,0.87966152
2014-07,10-20y,-8,0.015525407,-1.4,0.1467824
2014-07,20y+,-8,-0.09608144,-1.4,0.035175552
2014-08,1-3y,5,-0.74433286,0.2,-1.044419
2014-08,3-7y,6,0.39129012,1.2,0.091204004
2014-08,7-10y,4,1.1525085,-0.8,0.8524224
2014-08,10-20y,5,0.053964724,0.2,-0.2461214
2014-08,20y+,4,0.64700009,-0.8,0.34691397
2014-09,1-3y,1,-0.90758233,-3.6,-0.75767399
2014-09,3-7y,4,-0.57335538,-0.6,-0.42344703
2014-09,7-10y,5,0.85524113,0.4,1.0051495
2014-09,10-20y,6,-0.0061951643,1.4,0.14371318
2014-09,20y+,7,-0.11764998,2.4,0.032258366
2014-10,1-3y,-9,-0.88419721,-1.6,-0.73831987
2014-10,3-7y,-11,-0.51057011,-3.6,-0.36469277
2014-10,7-10y,-8,0.69042141,-0.6,0.83629875
2014-10,10-20y,-6,-0.038788909,1.4,0.10708843
2014-10,20y+,-3,0.013748107,4.4,0.15962545
2014-11,1-3y,6,-1.0805848,-5.8,-1.3426496
2014-11,3-7y,14,0.15199972,2.2,-0.11006517
2014-11,7-10y,13,1.2395491,1.2,0.97748423
2014-11,10-20y,13,0.081486811,1.2,-0.18057808
2014-11,20y+,13,0.91787356,1.2,0.65580867
2014-12,1-3y,6,-1.1905525,-2.8,-1.0742438
2014-12,3-7y,11,-0.52280401,2.2,-0.40649532
2014-12,7-10y,10,0.88749853,1.2,1.0038072
2014-12,10-20y,9,-0.015772986,0.2,0.1005357
2014-12,20y+,8,0.26008752,-0.8,0.37639621
2015-01,1-3y,7,-1.2199605,-6,-1.0913459
2015-01,3-7y,18,-0.57000913,5,-0.44139454
2015-01,7-10y,15,0.85900914,2,0.98762373
2015-01,10-20y,10,-0.021560158,-3,0.10705443
2015-01,20y+,15,0.3094477,2,0.43806229
2015-02,1-3y,1,-1.0823392,-4,-1.274602
2015-02,3-7y,6,-0.0045619615,1,-0.19682474
2015-02,7-10y,6,1.1484991,1,0.95623631
2015-02,10-20y,6,0.066386972,1,-0.12587581
2015-02,20y+,6,0.83332898,1,0.6410662
2015-03,1-3y,3,-1.1951788,3.2,-1.0805945
2015-03,3-7y,4,-0.47761624,4.2,-0.36303196
2015-03,7-10y,-1,0.8464145,-0.8,0.96099878
2015-03,10-20y,-3,0.0031504447,-2.8,0.11773473
2015-03,20y+,-4,0.25030865,-3.8,0.36489293
2015-04,1-3y,-4,-1.1704176,6.2,-1.037976
2015-04,3-7y,-9,-0.50214964,1.2,-0.36970803
2015-04,7-10y,-12,0.81487478,-1.8,0.94731639
2015-04,10-20y,-13,0.0021704023,-2.8,0.13461202
2015-04,20y+,-13,0.19331397,-2.8,0.32575558
2015-05,1-3y,3,-1.1781323,-5.2,-1.4182815
2015-05,3-7y,8,0.19780771,-0.2,-0.042341481
2015-05,7-10y,9,1.1622139,0.8,0.92206468
2015-05,10-20y,10,0.095639956,1.8,-0.14450923
2015-05,20y+,11,0.9232167,2.8,0.68306751
2015-06,1-3y,4,-1.2186441,-0.4,-1.1421147
2015-06,3-7y,6,-0.30825006,1.6,-0.23172066
2015-06,7-10y,3,0.84160619,-1.4,0.91813559
2015-06,10-20y,4,0.032043698,-0.4,0.10857309
2015-06,20y+,5,0.27059724,0.6,0.34712664
2015-07,1-3y,1,-1.2430756,-1.4,-1.2005427
2015-07,3-7y,4,-0.22791359,1.6,-0.18538066
2015-07,7-10y,3,0.84602332,0.6,0.88855625
2015-07,10-20y,3,0.044034059,0.6,0.08656699
2015-07,20y+,1,0.36826716,-1.4,0.41080009
2015-08,1-3y,-7,-1.1603874,1.6,-1.4273641
2015-08,3-7y,-6,0.26027222,2.6,-0.0067044815
2015-08,7-10y,-9,1.142244,-0.4,0.87526735
2015-08,10-20y,-10,0.1057191,-1.4,-0.1612576
2015-08,20y+,-11,0.98703554,-2.4,0.72005884
2015-09,1-3y,3,-1.221202,-2,-1.1751527
2015-09,3-7y,7,-0.23124658,2,-0.18519726
2015-09,7-10y,7,0.83310743,2,0.87915676
2015-09,10-20y,4,0.048031129,-1,0.094080456
2015-09,20y+,4,0.34106341,-1,0.38711274
2015-10,1-3y,-9,-1.8864754,-0.6,-1.8849716
2015-10,3-7y,-11,0.1963487,-2.6,0.19785247
2015-10,7-10y,-9,0.94812441,-0.6,0.94962818
2015-10,10-20y,-7,0.099386581,1.4,0.10089035
2015-10,20y+,-6,0.63509685,2.4,0.63660062
2015-11,1-3y,-0,-0.6202249,-2.8,-0.8746345
2015-11,3-7y,5,-0.0092588418,2.2,-0.26366844
2015-11,7-10y,4,1.0568736,1.2,0.80246398
2015-11,10-20y,3,0.074265298,0.2,-0.1801443
2015-11,20y+,2,0.77039286,-0.8,0.51598326
2015-12,1-3y,-3,-1.1850323,0.8,-1.1020862
2015-12,3-7y,-3,-0.33158231,0.8,-0.24863619
2015-12,7-10y,-2,0.79317267,1.8,0.87611879
2015-12,10-20y,-6,0.03867914,-2.2,0.12162526
2015-12,20y+,-5,0.27003222,-1.2,0.35297834
2016-01,1-3y,12,-1.1892856,2.8,-1.1168757
2016-01,3-7y,14,-0.31166491,4.8,-0.23925503
2016-01,7-10y,9,0.78562426,-0.2,0.85803414
2016-01,10-20y,6,0.042639514,-3.2,0.11504939
2016-01,20y+,5,0.31063732,-4.2,0.3830472
2016-02,1-3y,-2,-1.0048812,-1,-1.2043341
2016-02,3-7y,1,0.11127798,2,-0.088174858
2016-02,7-10y,-0,0.98055591,1,0.78110307
2016-02,10-20y,-3,0.098311358,-2,-0.10114148
2016-02,20y+,-1,0.81200018,1.3322676e-14,0.61254734
2016-03,1-3y,16,-1.072393,3.8,-0.9582222
2016-03,3-7y,18,-0.36450699,5.8,-0.25033622
2016-03,7-10y,13,0.67021405,0.8,0.78438482
2016-03,10-20y,8,0.036428714,-4.2,0.15059948
2016-03,20y+,6,0.15940334,-6.2,0.27357411
2016-04,1-3y,8,-1.056154,0.4,-0.93235528
2016-04,3-7y,10,-0.3790562,2.4,-0.25525752
2016-04,7-10y,8,0.647568,0.4,0.77136668
2016-04,10-20y,6,0.035970848,-1.6,0.15976953
2016-04,20y+,6,0.13267792,-1.6,0.2564766
2016-05,1-3y,5,-1.0566775,2.2,-1.2755609
2016-05,3-7y,4,0.20313186,1.2,-0.015751567
2016-05,7-10y,2,0.97488926,-0.8,0.75600583
2016-05,10-20y,2,0.11085501,-0.8,-0.10802842
2016-05,20y+,1,0.86221851,-1.8,0.64333508
2016-06,1-3y,6,-1.0189505,-2.6,-0.87827618
2016-06,3-7y,7,-0.4653245,-1.6,-0.32465017
2016-06,7-10y,8,0.63154791,-0.6,0.77222223
2016-06,10-20y,10,0.027495942,1.4,0.16817027
2016-06,20y+,12,0.12185953,3.4,0.26253385
2016-07,1-3y,5,-1.0131295,-5.4,-0.85935794
2016-07,3-7y,12,-0.49816098,1.6,-0.34438939
2016-07,7-10y,12,0.59727213,1.6,0.75104371
2016-07,10-20y,12,0.024831226,1.6,0.17860281
2016-07,20y+,11,0.12032921,0.6,0.2741008
2016-08,1-3y,-2,-1.053872,-2,-1.3128261
2016-08,3-7y,-3,0.24972672,-3,-0.0092273755
2016-08,7-10y,-0,0.96884983,-0,0.70989574
2016-08,10-20y,1,0.12144388,1,-0.13751022
2016-08,20y+,4,1.0086221,4,0.74966797
2016-09,1-3y,-1,-0.99609396,-0.6,-0.84198928
2016-09,3-7y,-1,-0.48399092,-0.6,-0.32988624
2016-09,7-10y,-1,0.59417655,-0.6,0.74828123
2016-09,10-20y,1,0.032338365,1.4,0.18644305
2016-09,20y+,-0,0.083046559,0.4,0.23715124
2016-10,1-3y,-0,-1.0103907,5,-0.85902275
2016-10,3-7y,-2,-0.44104104,3,-0.28967313
2016-10,7-10y,-7,0.58359872,-2,0.73496664
2016-10,10-20y,-8,0.038080025,-3,0.18944794
2016-10,20y+,-8,0.072913379,-3,0.2242813
2016-11,1-3y,1,-0.99600399,1.4,-1.1498283
2016-11,3-7y,-0,0.075967285,0.4,-0.077857038
2016-11,7-10y,-1,0.88276808,-0.6,0.72894376
2016-11,10-20y,-2,0.095008609,-1.6,-0.058815714
2016-11,20y+,-0,0.71138164,0.4,0.55755731
2016-12,1-3y,2,-0.96633633,-5.2,-0.75381858
2016-12,3-7y,11,-0.59988623,3.8,-0.38736848
2016-12,7-10y,10,0.54636178,2.8,0.75887953
2016-12,10-20y,7,0.026852849,-0.2,0.2393706
2016-12,20y+,6,-0.069580817,-1.2,0.14293693
2017-01,1-3y,4,-0.87323438,-2.4,-0.59270522
2017-01,3-7y,9,-0.78543191,2.6,-0.50490274
2017-01,7-10y,8,0.4524483,1.6,0.73297747
2017-01,10-20y,6,0.0099795205,-0.4,0.29050869
2017-01,20y+,5,-0.20640737,-1.4,0.074121799
2017-02,1-3y,-0,-0.89609942,-4.8,-0.98921189
2017-02,3-7y,3,-0.11081242,-1.8,-0.20392489
2017-02,7-10y,6,0.80883971,1.2,0.71572724
2017-02,10-20y,8,0.077854689,3.2,-0.015257779
2017-02,20y+,7,0.58577979,2.2,0.49266732
2017-03,1-3y,-0,-0.9007256,1.8,-0.62723666
2017-03,3-7y,-0,-0.76968598,1.8,-0.49619704
2017-03,7-10y,-2,0.46240227,-0.2,0.73589121
2017-03,10-20y,-3,0.010717315,-1.2,0.28420625
2017-03,20y+,-4,-0.17015269,-2.2,0.10333624
2017-04,1-3y,-3,-0.9149687,-1.2,-0.6452772
2017-04,3-7y,-0,-0.74363321,1.8,-0.47394172
2017-04,7-10y,-1,0.45033178,0.8,0.72002327
2017-04,10-20y,-2,0.014422685,-0.2,0.28411418
2017-04,20y+,-3,-0.15461003,-1.2,0.11508147
2017-05,1-3y,1,-0.88276544,-3,-0.93525255
2017-05,3-7y,4,-0.20961517,1.3322676e-14,-0.26210228
2017-05,7-10y,5,0.7589865,1,0.70649939
2017-05,10-20y,5,0.067786012,1,0.015298899
2017-05,20y+,5,0.52804365,1,0.47555654
2017-06,1-3y,-2,-0.88229691,10,-0.59462419
2017-06,3-7y,-12,-0.81392522,-5.3290705e-15,-0.5262525
2017-06,7-10y,-17,0.43236378,-5,0.7200365
2017-06,10-20y,-15,0.0015766792,-3,0.2892494
2017-06,20y+,-14,-0.17608193,-2,0.11159079
2017-07,1-3y,6,-0.88058502,2.4,-0.58338981
2017-07,3-7y,6,-0.80503411,2.4,-0.5078389
2017-07,7-10y,3,0.40554724,-0.6,0.70274245
2017-07,10-20y,1,0.0046371446,-2.6,0.30183236
2017-07,20y+,2,-0.21054131,-1.6,0.086653897
2017-08,1-3y,2,-0.83703429,-2,-0.8822673
2017-08,3-7y,7,-0.23356036,3,-0.27879337
2017-08,7-10y,5,0.71342741,1,0.66819441
2017-08,10-20y,4,0.070873641,-3.1086245e-14,0.025640634
2017-08,20y+,2,0.51245863,-2,0.46722563
2017-09,1-3y,-3,-0.93482656,5.2,-0.68083592
2017-09,3-7y,-7,-0.66898525,1.2,-0.41499461
2017-09,7-10y,-11,0.42656874,-2.8,0.68055938
2017-09,10-20y,-10,0.026014061,-1.8,0.2800047
2017-09,20y+,-10,-0.11872419,-1.8,0.13526645
2017-10,1-3y,1,-0.90688263,-4,-0.6269787
2017-10,3-7y,5,-0.71614114,1.3322676e-14,-0.43623721
2017-10,7-10y,6,0.39386335,1,0.67376728
2017-10,10-20y,6,0.022568069,1,0.302472
2017-10,20y+,7,-0.19292729,2,0.086976636
2017-11,1-3y,-3,-0.92925509,3.4,-1.0411481
2017-11,3-7y,-7,-0.024620407,-0.6,-0.13651344
2017-11,7-10y,-8,0.73398296,-1.6,0.62208992
2017-11,10-20y,-7,0.094483736,-0.6,-0.017409297
2017-11,20y+,-7,0.68487397,-0.6,0.57298094
2017-12,1-3y,2,-0.95777263,-5,-0.71442257
2017-12,3-7y,6,-0.62814632,-1,-0.38479626
2017-12,7-10y,8,0.41546494,1,0.658815
2017-12,10-20y,10,0.03906541,3,0.28241548
2017-12,20y+,9,-0.085361724,2,0.15798834
2018-01,1-3y,-6,-0.97391699,1.8,-0.74515816
2018-01,3-7y,-11,-0.55848568,-3.2,-0.32972685
2018-01,7-10y,-9,0.40513855,-1.2,0.63389738
2018-01,10-20y,-7,0.046034694,0.8,0.27479352
2018-01,20y+,-6,-0.062564717,1.8,0.16619411
2018-02,1-3y,-0,-0.92236822,-4.2,-1.1248348
2018-02,3-7y,1,0.18677841,-3.2,-0.015688156
2018-02,7-10y,5,0.82725791,0.8,0.62479135
2018-02,10-20y,7,0.11059156,2.8,-0.091874998
2018-02,20y+,8,0.81007314,3.8,0.60760658
2018-03,1-3y,1,-0.7455785,-5.4,-0.45902354
2018-03,3-7y,5,-0.85699348,-1.4,-0.57043852
2018-03,7-10y,8,0.4071374,1.6,0.69369236
2018-03,10-20y,9,0.00939149,2.6,0.29594645
2018-03,20y+,9,-0.24673171,2.6,0.03982325
2018-04,1-3y,-1,-0.59241097,-5.4,-0.27202032
2018-04,3-7y,4,-0.97810901,-0.4,-0.65771836
2018-04,7-10y,5,0.34077992,0.6,0.66117057
2018-04,10-20y,7,-0.00069606717,2.6,0.31969459
2018-04,20y+,7,-0.37151714,2.6,-0.051126482
2018-05,1-3y,10,-0.6150902,-3.4,-0.71532189
2018-05,3-7y,14,-0.25353158,0.6,-0.35376327
2018-05,7-10y,15,0.74235321,1.6,0.64212151
2018-05,10-20y,15,0.064550068,1.6,-0.035681624
2018-05,20y+,13,0.56287697,-0.4,0.46264528
2018-06,1-3y,2,-0.55851982,-0.8,-0.26755398
2018-06,3-7y,2,-0.99049117,-0.8,-0.69952532
2018-06,7-10y,2,0.39866172,-0.8,0.68962757
2018-06,10-20y,4,-0.013366944,1.2,0.2775989
2018-06,20y+,4,-0.29111303,1.2,-0.00014718068
2018-07,1-3y,-1,-0.5218669,1.2,-0.23884976
2018-07,3-7y,-3,-0.96729477,-0.8,-0.68427762
2018-07,7-10y,-2,0.37329609,0.2,0.65631324
2018-07,10-20y,-3,-0.0089016464,-0.8,0.27411549
2018-07,20y+,-2,-0.29031849,0.2,-0.0073013496
2018-08,1-3y,5,-0.49640314,5.2,-0.63280977
2018-08,3-7y,-0,-0.26069064,0.2,-0.39709727
2018-08,7-10y,-1,0.76409303,-0.8,0.6276864
2018-08,10-20y,-3,0.065476842,-2.8,-0.070929787
2018-08,20y+,-2,0.60955706,-1.8,0.47315043
2018-09,1-3y,2,-0.50199012,-0.2,-0.2384088
2018-09,3-7y,2,-0.93700952,-0.2,-0.67342821
2018-09,7-10y,3,0.41791502,0.8,0.68149634
2018-09,10-20y,2,-0.0030569293,-0.2,0.26052439
2018-09,20y+,2,-0.29376503,-0.2,-0.030183716
2018-10,1-3y,-1,-0.41880179,0.8,-0.12745809
2018-10,3-7y,-0,-0.9920149,1.8,-0.7006712
2018-10,7-10y,-1,0.36099592,0.8,0.65233962
2018-10,10-20y,-3,-0.0091728807,-1.2,0.28217082
2018-10,20y+,-4,-0.39772484,-2.2,-0.10638115
2018-11,1-3y,4,-0.45875716,-0.2,-0.60655304
2018-11,3-7y,6,-0.2248979,1.8,-0.37269378
2018-11,7-10y,6,0.77377371,1.8,0.62597783
2018-11,10-20y,3,0.064150238,-1.2,-0.083645637
2018-11,20y+,2,0.58471049,-2.2,0.43691462
2018-12,1-3y,7,-0.43833236,3.4,-0.18690585
2018-12,3-7y,7,-0.96835771,3.4,-0.7169312
2018-12,7-10y,5,0.42317267,1.4,0.67459918
2018-12,10-20y,1,-0.0037866023,-2.6,0.2476399
2018-12,20y+,-2,-0.26982854,-5.6,-0.018402031
2019-01,1-3y,15,-0.44356756,3,-0.19130017
2019-01,3-7y,16,-0.9422057,4,-0.6899383
2019-01,7-10y,13,0.39684962,1,0.64911701
2019-01,10-20y,9,0.0005123975,-3,0.25277979
2019-01,20y+,7,-0.27292572,-5,-0.020658328
2019-02,1-3y,-4,-0.44334015,2.4,-0.63987902
2019-02,3-7y,-5,-0.075724918,1.4,-0.27226378
2019-02,7-10y,-8,0.74562511,-1.6,0.54908624
2019-02,10-20y,-8,0.076668556,-1.6,-0.11987031
2019-02,20y+,-7,0.67946573,-0.6,0.48292686
2019-03,1-3y,-1,-0.41816815,-3,-0.15643667
2019-03,3-7y,-2,-0.94886059,-4,-0.6871291
2019-03,7-10y,2,0.37384045,0,0.63557193
2019-03,10-20y,5,-0.0082531683,3,0.25347832
2019-03,20y+,6,-0.30721597,4,-0.045484482
2019-04,1-3y,5,-0.45925569,2.4,-0.23352924
2019-04,3-7y,4,-0.82710165,1.4,-0.6013752
2019-04,7-10y,2,0.3739287,-0.6,0.59965514
2019-04,10-20y,1,0.0058013877,-1.6,0.23152783
2019-04,20y+,1,-0.22200497,-1.6,0.0037214735
2019-05,1-3y,21,-0.44929173,2.4,-0.6253401
2019-05,3-7y,19,-0.12325574,0.4,-0.29930411
2019-05,7-10y,18,0.68899298,-0.6,0.51294461
2019-05,10-20y,18,0.074356003,-0.6,-0.10169237
2019-05,20y+,17,0.68944033,-1.6,0.51339196
2019-06,1-3y,-3,-0.42454571,-3.6,-0.17573101
2019-06,3-7y,-1,-0.89916172,-1.6,-0.65034702
2019-06,7-10y,2,0.34555504,1.4,0.59436974
2019-06,10-20y,2,-0.014756737,1.4,0.23405796
2019-06,20y+,3,-0.25116435,2.4,-0.0023496568
2019-07,1-3y,-3,-0.46435552,-6.6,-0.24845852
2019-07,3-7y,1,-0.79202746,-2.6,-0.57613046
2019-07,7-10y,6,0.34471738,2.4,0.56061438
2019-07,10-20y,7,-0.00021559509,3.4,0.2156814
2019-07,20y+,7,-0.16760379,3.4,0.048293209
2019-08,1-3y,4,-0.52552254,-1.2,-0.76783174
2019-08,3-7y,4,0.018518354,-1.2,-0.22379085
2019-08,7-10y,4,0.67675785,-1.2,0.43444865
2019-08,10-20y,6,0.098664098,0.8,-0.1436451
2019-08,20y+,8,0.94312824,2.8,0.70081904
2019-09,1-3y,-3,-0.40520311,0.2,-0.16179069
2019-09,3-7y,-3,-0.74162344,0.2,-0.49821102
2019-09,7-10y,-4,0.29318361,-0.8,0.53659603
2019-09,10-20y,-3,-0.054464013,0.2,0.18894841
2019-09,20y+,-3,-0.30895515,0.2,-0.065542729
2019-10,1-3y,11,-0.50165094,-1.7763568e-14,-0.33119236
2019-10,3-7y,11,-0.63239451,5.3290705e-15,-0.46193593
2019-10,7-10y,11,0.32998076,5.3290705e-15,0.50043934
2019-10,10-20y,10,0.03075816,-1,0.20121674
2019-10,20y+,12,-0.078986365,1,0.091472212
2019-11,1-3y,-0,-0.55438328,-0.2,-0.81943775
2019-11,3-7y,-0,0.12361773,-0.2,-0.14143673
2019-11,7-10y,-1,0.66939563,-1.2,0.40434116
2019-11,10-20y,1,0.12619518,0.8,-0.13885928
2019-11,20y+,1,0.96044707,0.8,0.6953926
2019-12,1-3y,4,-0.47285849,5.2,-0.26331808
2019-12,3-7y,3,-0.7290019,4.2,-0.51946149
2019-12,7-10y,-2,0.31354074,-0.8,0.52308116
2019-12,10-20y,-5,0.0088445257,-3.8,0.21838494
2019-12,20y+,-6,-0.16822696,-4.8,0.04131346
2020-01,1-3y,11,-0.4279581,1.6,-0.21834962
2020-01,3-7y,12,-0.72050922,2.6,-0.51090073
2020-01,7-10y,10,0.27952583,0.6,0.48913431
2020-01,10-20y,8,-0.0016511262,-1.4,0.20795736
2020-01,20y+,6,-0.17744981,-3.4,0.032158679
2020-02,1-3y,40,-0.47966443,12.4,-0.71573287
2020-02,3-7y,32,0.049136528,4.4,-0.18693191
2020-02,7-10y,25,0.61374777,-2.6,0.37767932
2020-02,10-20y,22,0.11010041,-5.6,-0.12596803
2020-02,20y+,19,0.88702193,-8.6,0.65095349
2020-03,1-3y,11,-0.10009436,-2.2,0.19364983
2020-03,3-7y,19,-0.87099243,5.8,-0.57724824
2020-03,7-10y,18,0.35478416,4.8,0.64852835
2020-03,10-20y,8,-0.69067755,-5.2,-0.39693336
2020-03,20y+,10,-0.16174077,-3.2,0.13200342
2020-04,1-3y,2,-0.18907455,6,0.067864021
2020-04,3-7y,-0,-0.72554053,4,-0.46860195
2020-04,7-10y,-4,0.29386931,8.8817842e-16,0.55080788
2020-04,10-20y,-7,0.035734159,-3,0.29267273
2020-04,20y+,-11,-0.69968126,-7,-0.44274268
2020-05,1-3y,1,-0.6222444,1.8,-1.3018513
2020-05,3-7y,4,-0.34201921,4.8,-1.0216261
2020-05,7-10y,1,0.82218327,1.8,0.14257637
2020-05,10-20y,-6,3.2532294,-5.2,2.5736225
2020-05,20y+,-4,0.28688542,-3.2,-0.39272147
2020-06,1-3y,3,-0.32965618,-0.2,-0.46280763
2020-06,3-7y,4,-1.1718113,0.8,-1.3049627
2020-06,7-10y,3,0.63572664,-0.2,0.5025752
2020-06,10-20y,3,2.3813181,-0.2,2.2481666
2020-06,20y+,3,-0.84982003,-0.2,-0.98297147
2020-07,1-3y,4,-0.32758513,-2.4,-0.51250948
2020-07,3-7y,9,-1.0292662,2.6,-1.2141906
2020-07,7-10y,7,0.69151599,0.6,0.50659164
2020-07,10-20y,7,2.3813839,0.6,2.1964596
2020-07,20y+,5,-0.79142683,-1.4,-0.97635118
2020-08,1-3y,1,-0.59980203,4.6,-1.3680775
2020-08,3-7y,2,-0.69347687,5.6,-1.4617524
2020-08,7-10y,-3,1.3517489,0.6,0.58347338
2020-08,10-20y,-8,3.5433525,-4.4,2.775077
2020-08,20y+,-10,0.23955504,-6.4,-0.52872047
2020-09,1-3y,1,-0.3322806,3.4,-0.53212647
2020-09,3-7y,-1,-1.3878245,1.4,-1.5876703
2020-09,7-10y,-2,1.0273192,0.4,0.82747335
2020-09,10-20y,-4,2.7161154,-1.6,2.5162695
2020-09,20y+,-6,-1.0241002,-3.6,-1.223946
2020-10,1-3y,2,-0.55825998,6,-0.79998953
2020-10,3-7y,-3,-1.2207692,1,-1.4624988
2020-10,7-10y,-7,1.1821533,-3,0.9404238
2020-10,10-20y,-6,2.6779589,-2,2.4362294
2020-10,20y+,-6,-0.87243532,-2,-1.1141649
2020-11,1-3y,-0,-0.80196388,-0.4,-1.615417
2020-11,3-7y,3,-0.66027134,2.6,-1.4737245
2020-11,7-10y,2,1.6728049,1.6,0.85935175
2020-11,10-20y,-1,3.4810139,-1.4,2.6675607
2020-11,20y+,-2,0.37568218,-2.4,-0.43777097
2020-12,1-3y,-0,-0.52643695,-0.8,-0.48922833
2020-12,3-7y,1,-1.4272685,0.2,-1.3900599
2020-12,7-10y,1,1.3904721,0.2,1.4276807
2020-12,10-20y,1,1.6163172,0.2,1.6535258
2020-12,20y+,1,-1.239127,0.2,-1.2019183
2021-01,1-3y,2,-0.32845484,6.2,-0.42988073
2021-01,3-7y,-3,-1.5698366,1.2,-1.6712625
2021-01,7-10y,-6,1.3608461,-1.8,1.2594202
2021-01,10-20y,-7,2.1150336,-2.8,2.0136077
2021-01,20y+,-7,-1.0704588,-2.8,-1.1718847
2021-02,1-3y,-3,-0.39477209,2.6,-0.94284766
2021-02,3-7y,-14,-0.90660325,-8.4,-1.4546788
2021-02,7-10y,-7,1.5626928,-1.4,1.0146173
2021-02,10-20y,-6,2.8802475,-0.4,2.3321719
2021-02,20y+,2,-0.4011871,7.6,-0.94926268
2021-03,1-3y,-2,-0.22900058,5.4,-0.16713492
2021-03,3-7y,-10,-1.6703065,-2.6,-1.6084408
2021-03,7-10y,-11,1.3163326,-3.6,1.3781982
2021-03,10-20y,-7,1.4009724,0.4,1.4628381
2021-03,20y+,-7,-1.1273262,0.4,-1.0654606
2021-04,1-3y,2,-0.45753125,5.6,-0.49697953
2021-04,3-7y,-1,-1.4530305,2.6,-1.4924787
2021-04,7-10y,-7,1.3275899,-3.4,1.2881416
2021-04,10-20y,-6,1.8110929,-2.4,1.7716446
2021-04,20y+,-6,-1.0308797,-2.4,-1.070328
2021-05,1-3y,1,-0.51736415,-2.2,-0.90268279
2021-05,3-7y,3,-1.0436515,-0.2,-1.4289701
2021-05,7-10y,3,1.5065327,-0.2,1.1212141
2021-05,10-20y,4,2.1843301,0.8,1.7990115
2021-05,20y+,5,-0.20325399,1.8,-0.58857263
2021-06,1-3y,1,-0.49494004,-2,-0.50993923
2021-06,3-7y,3,-1.54502,4.4408921e-15,-1.5600192
2021-06,7-10y,4,1.1316586,1,1.1166594
2021-06,10-20y,3,1.771961,-1.7763568e-14,1.7569618
2021-06,20y+,4,-0.78866363,1,-0.80366282
2021-07,1-3y,3,-0.5274666,-1,-0.50196193
2021-07,3-7y,4,-1.4909589,8.8817842e-16,-1.4654542
2021-07,7-10y,5,1.0189613,1,1.0444659
2021-07,10-20y,4,1.5032706,8.8817842e-16,1.5287753
2021-07,20y+,4,-0.63132973,8.8817842e-16,-0.60582506
2021-08,1-3y,3,-0.53097955,-1.4,-0.9008614
2021-08,3-7y,7,-0.8596777,2.6,-1.2295595
2021-08,7-10y,5,1.3124628,0.6,0.94258092
2021-08,10-20y,3,2.0192824,-1.4,1.6494005
2021-08,20y+,4,-0.091678676,-0.4,-0.46156052
2021-09,1-3y,1,-0.50235069,5.4,-0.41702926
2021-09,3-7y,-1,-1.2904955,3.4,-1.2051741
2021-09,7-10y,-5,0.9277718,-0.6,1.0130932
2021-09,10-20y,-8,1.3557246,-3.6,1.441046
2021-09,20y+,-9,-0.91725727,-4.6,-0.83193585
2021-10,1-3y,-1,-0.72197966,-7.8,-0.61751933
2021-10,3-7y,1,-1.3424451,-5.8,-1.2379848
2021-10,7-10y,9,1.0259681,2.2,1.1304284
2021-10,10-20y,9,1.2279331,2.2,1.3323934
2021-10,20y+,16,-0.71177808,9.2,-0.60731775
2021-11,1-3y,8,-0.5356173,-11.6,-0.81453707
2021-11,3-7y,19,-0.78793845,-0.6,-1.0668582
2021-11,7-10y,24,1.1342754,4.4,0.8553556
2021-11,10-20y,23,1.4570278,3.4,1.178108
2021-11,20y+,24,0.12685144,4.4,-0.15206832
2021-12,1-3y,3,-0.36797116,4,-0.21483681
2021-12,3-7y,-0,-1.4207405,1,-1.2676062
2021-12,7-10y,-4,0.72947829,-3,0.88261264
2021-12,10-20y,-2,0.99871989,-1,1.1518542
2021-12,20y+,-2,-0.70515825,-1,-0.55202389
2022-01,1-3y,-16,-0.56374562,-11.8,-0.46410897
2022-01,3-7y,-6,-1.2389402,-1.8,-1.1393035
2022-01,7-10y,-1,0.63338827,3.2,0.73302493
2022-01,10-20y,1,1.2070655,5.2,1.3067021
2022-01,20y+,1,-0.53595124,5.2,-0.43631459
2022-02,1-3y,12,-0.55189934,2,-0.77626034
2022-02,3-7y,14,-0.67484198,4,-0.89920298
2022-02,7-10y,11,0.82839332,1,0.60403232
2022-02,10-20y,6,1.4776462,-4,1.2532852
2022-02,20y+,7,0.042506771,-3,-0.18185423
2022-03,1-3y,2,-0.56363668,-10.4,-0.39199226
2022-03,3-7y,13,-1.1583866,0.6,-0.98674218
2022-03,7-10y,16,0.52419053,3.6,0.69583495
2022-03,10-20y,15,0.86496608,2.6,1.0366105
2022-03,20y+,16,-0.52535543,3.6,-0.35371101
2022-04,1-3y,-7,-0.54472458,0.8,-0.33635898
2022-04,3-7y,-8,-1.1995223,-0.2,-0.99115668
2022-04,7-10y,-8,0.43890237,-0.2,0.64726798
2022-04,10-20y,-8,0.76133102,-0.2,0.96969663
2022-04,20y+,-8,-0.49781455,-0.2,-0.28944895
2022-05,1-3y,-3,-0.6375579,4.6,-0.82925605
2022-05,3-7y,-5,-0.60826699,2.6,-0.79996514
2022-05,7-10y,-9,0.68285635,-1.4,0.4911582
2022-05,10-20y,-12,1.2957075,-4.4,1.1040093
2022-05,20y+,-9,0.22575179,-1.4,0.034053642
2022-06,1-3y,12,-0.66792523,-1.8,-0.48247055
2022-06,3-7y,17,-1.028025,3.2,-0.84257031
2022-06,7-10y,15,0.39223945,1.2,0.57769413
2022-06,10-20y,13,0.70178623,-0.8,0.88724091
2022-06,20y+,12,-0.32534887,-1.8,-0.13989418
2022-07,1-3y,11,-0.68427536,-0.2,-0.51802426
2022-07,3-7y,19,-0.98085399,7.8,-0.81460288
2022-07,7-10y,14,0.34171991,2.8,0.50797102
2022-07,10-20y,8,0.74594287,-3.2,0.91219398
2022-07,20y+,4,-0.25378897,-7.2,-0.087537859
2022-08,1-3y,-10,-0.74512759,-1,-1.0164911
2022-08,3-7y,-15,-0.22687229,-6,-0.49823583
2022-08,7-10y,-12,0.59167043,-3,0.32030689
2022-08,10-20y,-6,1.2771436,3,1.0057801
2022-08,20y+,-2,0.46000352,7,0.18863998
2022-09,1-3y,5,-0.74460264,4,-0.56994686
2022-09,3-7y,9,-0.79069204,8,-0.61603626
2022-09,7-10y,5,0.27202417,4,0.44667995
2022-09,10-20y,-7,0.60207823,-8,0.776734
2022-09,20y+,-7,-0.21208662,-8,-0.037430839
2022-10,1-3y,-9,-0.70829423,-7.8,-0.50216923
2022-10,3-7y,-2,-0.81095382,-0.8,-0.60482883
2022-10,7-10y,-0,0.22952536,1.2,0.43565036
2022-10,10-20y,1,0.54559861,2.2,0.7517236
2022-10,20y+,4,-0.28650089,5.2,-0.080375902
2022-11,1-3y,8,-0.90690644,6.4,-1.2455153
2022-11,3-7y,6,-0.055446652,4.4,-0.39405548
2022-11,7-10y,3,0.61844141,1.4,0.27983257
2022-11,10-20y,-3,1.3778679,-4.6,1.0392591
2022-11,20y+,-6,0.65908789,-7.6,0.32047906
2022-12,1-3y,-10,-0.80325896,3.2,-0.62745175
2022-12,3-7y,-13,-0.82804713,0.2,-0.65223991
2022-12,7-10y,-13,0.27385067,0.2,0.44965789
2022-12,10-20y,-15,0.60375758,-1.8,0.77956479
2022-12,20y+,-15,-0.12533824,-1.8,0.050468976
2023-01,1-3y,-10,-0.81032662,-3.6,-0.65425806
2023-01,3-7y,-9,-0.7880011,-2.6,-0.63193254
2023-01,7-10y,-6,0.26437557,0.4,0.42044413
2023-01,10-20y,-4,0.6372309,2.4,0.79329945
2023-01,20y+,-3,-0.083621542,3.4,0.072447016
2023-02,1-3y,-15,-0.83029051,-11.2,-1.1450243
2023-02,3-7y,-5,-0.035610853,-1.2,-0.35034464
2023-02,7-10y,1,0.54327735,4.8,0.22854356
2023-02,10-20y,-1,1.3425012,2.8,1.0277674
2023-02,20y+,1,0.55379174,4.8,0.23905796
2023-03,1-3y,-12,-0.72931445,-14.2,-0.55174979
2023-03,3-7y,-1,-0.7855291,-3.2,-0.60796444
2023-03,7-10y,5,0.22020309,2.8,0.39776775
2023-03,10-20y,9,0.57423753,6.8,0.75180219
2023-03,20y+,10,-0.16742036,7.8,0.010144297
2023-04,1-3y,8,-0.74244218,0.8,-0.56514487
2023-04,3-7y,9,-0.76672809,1.8,-0.58943078
2023-04,7-10y,8,0.20145651,0.8,0.37875382
2023-04,10-20y,5,0.57841372,-2.2,0.75571103
2023-04,20y+,6,-0.15718652,-1.2,0.020110792
2023-05,1-3y,-9,-0.74751923,-13.4,-1.0281656
2023-05,3-7y,1,-0.094531178,-3.4,-0.37517754
2023-05,7-10y,9,0.49669249,4.6,0.21604613
2023-05,10-20y,9,1.268128,4.6,0.98748164
2023-05,20y+,12,0.48046172,7.6,0.19981536
2023-06,1-3y,-22,-0.74687913,-11,-0.57324113
2023-06,3-7y,-17,-0.73132227,-6,-0.55768426
2023-06,7-10y,-9,0.19529276,2,0.36893077
2023-06,10-20y,-5,0.55576228,6,0.72940029
2023-06,20y+,-2,-0.14104367,9,0.032594334
2023-07,1-3y,-3,-0.71835813,2.4,-0.50318158
2023-07,3-7y,-3,-0.7875646,2.4,-0.57238805
2023-07,7-10y,-6,0.14761249,-0.6,0.36278904
2023-07,10-20y,-8,0.49342604,-2.6,0.70860259
2023-07,20y+,-7,-0.21099854,-1.6,0.0041780071
2023-08,1-3y,18,-0.79574648,2.8,-1.1270587
2023-08,3-7y,21,-0.024695648,5.8,-0.35600789
2023-08,7-10y,16,0.57664869,0.8,0.24533644
2023-08,10-20y,11,1.3231409,-4.2,0.99182867
2023-08,20y+,10,0.57721376,-5.2,0.24590151
2023-09,1-3y,6,-0.65798218,8,-0.46269621
2023-09,3-7y,2,-0.76474556,4,-0.56945959
2023-09,7-10y,-4,0.23633039,-2,0.43161636
2023-09,10-20y,-8,0.43749385,-6,0.63277983
2023-09,20y+,-6,-0.22752637,-4,-0.032240393
2023-10,1-3y,1,-0.56631415,-4.2,-0.34487887
2023-10,3-7y,7,-0.75119092,1.8,-0.52975565
2023-10,7-10y,7,0.19445478,1.8,0.41589005
2023-10,10-20y,6,0.34409864,0.8,0.56553391
2023-10,20y+,5,-0.32822472,-0.2,-0.10678944
2023-11,1-3y,19,-0.63297776,7,-0.94251371
2023-11,3-7y,18,-0.019752077,6,-0.32928803
2023-11,7-10y,10,0.6116431,-2,0.30210715
2023-11,10-20y,7,1.1176152,-5,0.80807927
2023-11,20y+,6,0.47115126,-6,0.16161531
2023-12,1-3y,8,-0.50436427,4.8,-0.26672145
2023-12,3-7y,3,-0.8847719,-0.2,-0.64712909
2023-12,7-10y,2,0.25519736,-1.2,0.49284018
2023-12,10-20y,1,0.22842477,-2.2,0.46606758
2023-12,20y+,2,-0.28270005,-1.2,-0.045057229
2024-01,1-3y,1,-0.41150513,-10.4,-0.14050464
2024-01,3-7y,10,-0.88967136,-1.4,-0.61867087
2024-01,7-10y,15,0.20392351,3.6,0.474924
2024-01,10-20y,15,0.13591587,3.6,0.40691637
2024-01,20y+,16,-0.39366535,4.6,-0.12266486
2024-02,1-3y,3,-0.39319566,2,-0.62869723
2024-02,3-7y,2,-0.12089346,1,-0.35639503
2024-02,7-10y,1,0.5577551,-3.5527137e-14,0.32225352
2024-02,10-20y,-0,0.87424866,-1,0.63874709
2024-02,20y+,-1,0.25959323,-2,0.024091652
2024-03,1-3y,-0,-0.26423867,-1.6,0.053705696
2024-03,3-7y,-1,-0.93963837,-2.6,-0.621694
2024-03,7-10y,2,0.20674492,0.4,0.52468929
2024-03,10-20y,2,-0.050665874,0.4,0.2672785
2024-03,20y+,5,-0.54192385,3.4,-0.22397948
2024-04,1-3y,-15,-0.2280461,-9,0.069487705
2024-04,3-7y,-8,-0.83444576,-2,-0.53691195
2024-04,7-10y,-4,0.1824515,2,0.47998531
2024-04,10-20y,-2,-0.052375909,4,0.2451579
2024-04,20y+,-1,-0.55525278,5,-0.25771897
2024-05,1-3y,4,-0.23647665,7.2,-0.38899601
2024-05,3-7y,1,-0.2296325,4.2,-0.38215186
2024-05,7-10y,-5,0.47405682,-1.8,0.32153746
2024-05,10-20y,-8,0.66224434,-4.8,0.50972498
2024-05,20y+,-8,0.092404793,-4.8,-0.060114567
2024-06,1-3y,-0,-0.23469167,8.6,0.10502866
2024-06,3-7y,-6,-0.95336994,2.6,-0.61364961
2024-06,7-10y,-11,0.15733531,-2.4,0.49705563
2024-06,10-20y,-13,-0.12095902,-4.4,0.21876131
2024-06,20y+,-13,-0.54691631,-4.4,-0.20719598
2024-07,1-3y,12,-0.2479685,-3.2,0.072091804
2024-07,3-7y,16,-0.89055574,0.8,-0.57049544
2024-07,7-10y,18,0.13357935,2.8,0.45363965
2024-07,10-20y,15,-0.079383473,-0.2,0.24067683
2024-07,20y+,15,-0.51597314,-0.2,-0.19591284
2024-08,1-3y,-0,-0.26133146,6.4,-0.45542531
2024-08,3-7y,-5,-0.12547695,1.4,-0.3195708
2024-08,7-10y,-9,0.43134057,-2.6,0.23724671
2024-08,10-20y,-9,0.73539415,-2.6,0.5413003
2024-08,20y+,-9,0.19054296,-2.6,-0.0035508949
2024-09,1-3y,-17,-0.27781864,-7.8,-0.01490491
2024-09,3-7y,-11,-0.75876914,-1.8,-0.49585541
2024-09,7-10y,-7,0.14470829,2.2,0.40762202
2024-09,10-20y,-6,-0.00019060576,3.2,0.26272312
2024-09,20y+,-5,-0.42249855,4.2,-0.15958482
