signal_month,window_month,entry,exit,z_m,P_pct,neg_dy_bp
2024-10,2024-11,2024-11-05,2024-11-12,-0.42659626,-1.3669404,-17
2024-11,2024-12,2024-12-04,2024-12-10,0.4840899,-0.24601978,-3
2024-12,2025-01,2025-01-06,2025-01-10,-0.38168434,-1.1759645,-15
2025-01,2025-02,2025-02-05,2025-02-11,-0.32190738,-0.87174845,-11
2025-02,2025-03,2025-03-05,2025-03-11,0.57292322,-0.0015089391,-0
2025-03,2025-04,2025-04-03,2025-04-09,-0.29758534,-2.2483468,-28
2025-04,2025-05,2025-05-05,2025-05-09,-0.32167796,-0.081966068,-1
2025-05,2025-06,2025-06-04,2025-06-10,0.51057842,-0.79699396,-10
2025-06,2025-07,2025-07-03,2025-07-10,-0.33818448,0.00017959108,-0
2025-07,2025-08,2025-08-05,2025-08-11,-0.33735151,-0.40234376,-5
2025-08,2025-09,2025-09-04,2025-09-10,0.5467295,1.0632161,13
2025-09,2025-10,2025-10-03,2025-10-09,-0.34483001,-0.077685295,-1
2025-10,2025-11,2025-11-05,2025-11-12,-0.29320321,0.73886292,9
2025-11,2025-12,2025-12-03,2025-12-09,0.54970492,-0.96350708,-12
2025-12,2026-01,2026-01-06,2026-01-12,-0.2880667,-0.0712432,-1
2026-01,2026-02,2026-02-04,2026-02-10,-0.32030225,1.0651118,13
2026-02,2026-03,2026-03-04,2026-03-10,0.42704196,-0.47885738,-6
2026-03,2026-04,2026-04-03,2026-04-09,-0.32052174,0.49485963,6
2026-04,2026-05,2026-05-05,2026-05-11,-0.27467769,0.091125515,1
2026-05,2026-06,2026-06-03,2026-06-09,0.54514563,-0.30564834,-4
2026-06,2026-07,2026-07-06,2026-07-10,-0.26290109,-0.62822569,-8
2026-07,2026-08,2026-08-05,2026-08-11,-0.25878283,-0.5393187,-7
2026-08,2026-09,2026-09-03,2026-09-10,0.48198822,-1.3858123,-18
