entry,exit,tenor,inclusion_rule,reinvest_coupons,deduct_soma,cost_mult,n,n_months,n_not_traded,H1_b,H1_lo,H1_hi,H1_t,sharpe_fc,sharpe_cal,sharpe_diff,headline
2,0,DGS10,auctioned_by_rebalance,False,False,1,381,381,0,-0.011208785,-0.090819096,0.068401526,-0.2759544,0.52982737,0.64870152,-0.11887415,False
2,0,DGS10,auctioned_by_rebalance,False,False,2,381,381,0,-0.011208785,-0.090819096,0.068401526,-0.2759544,0.31698218,0.41529733,-0.09831515,False
2,0,DGS10,auctioned_by_rebalance,False,True,1,381,381,0,-0.015987312,-0.091026197,0.059051574,-0.41757757,0.53855476,0.64870152,-0.11014676,False
2,0,DGS10,auctioned_by_rebalance,False,True,2,381,381,0,-0.015987312,-0.091026197,0.059051574,-0.41757757,0.31790878,0.41529733,-0.097388556,False
2,0,DGS10,auctioned_by_rebalance,True,False,1,381,381,0,-0.0038431661,-0.08686681,0.079180478,-0.09072677,0.50542694,0.64870152,-0.14327458,False
2,0,DGS10,auctioned_by_rebalance,True,False,2,381,381,0,-0.0038431661,-0.08686681,0.079180478,-0.09072677,0.31674456,0.41529733,-0.098552769,False
2,0,DGS10,auctioned_by_rebalance,True,True,1,381,381,0,-0.0073702711,-0.089666726,0.074926183,-0.17552963,0.50899737,0.64870152,-0.13970415,False
2,0,DGS10,auctioned_by_rebalance,True,True,2,381,381,0,-0.0073702711,-0.089666726,0.074926183,-0.17552963,0.30950594,0.41529733,-0.10579139,False
2,0,DGS10,settled_by_month_end,False,False,1,381,381,0,-0.031854033,-0.11257258,0.048864509,-0.77346241,0.53282108,0.64870152,-0.11588044,False
2,0,DGS10,settled_by_month_end,False,False,2,381,381,0,-0.031854033,-0.11257258,0.048864509,-0.77346241,0.32229415,0.41529733,-0.093003179,False
2,0,DGS10,settled_by_month_end,False,True,1,381,381,0,-0.036385279,-0.11539726,0.042626702,-0.90256991,0.53995463,0.64870152,-0.10874689,False
2,0,DGS10,settled_by_month_end,False,True,2,381,381,0,-0.036385279,-0.11539726,0.042626702,-0.90256991,0.31783503,0.41529733,-0.097462299,False
2,0,DGS10,settled_by_month_end,True,False,1,381,381,0,-0.021755568,-0.10547254,0.061961405,-0.50933673,0.50229978,0.64870152,-0.14640174,False
2,0,DGS10,settled_by_month_end,True,False,2,381,381,0,-0.021755568,-0.10547254,0.061961405,-0.50933673,0.34025607,0.41529733,-0.075041262,False
2,0,DGS10,settled_by_month_end,True,True,1,381,381,0,-0.025353585,-0.1095476,0.058840429,-0.59020958,0.50808217,0.64870152,-0.14061935,False
2,0,DGS10,settled_by_month_end,True,True,2,381,381,0,-0.025353585,-0.1095476,0.058840429,-0.59020958,0.3407317,0.41529733,-0.074565633,False
2,0,DGS30,auctioned_by_rebalance,False,False,1,333,381,48,0.062079515,-0.090677831,0.21483686,0.79651563,0.61630479,0.67117071,-0.054865921,False
2,0,DGS30,auctioned_by_rebalance,False,False,2,333,381,48,0.062079515,-0.090677831,0.21483686,0.79651563,0.47106505,0.46022616,0.010838891,False
2,0,DGS30,auctioned_by_rebalance,False,True,1,333,381,48,0.044891793,-0.10122643,0.19101002,0.60215826,0.64484985,0.67117071,-0.026320864,False
2,0,DGS30,auctioned_by_rebalance,False,True,2,333,381,48,0.044891793,-0.10122643,0.19101002,0.60215826,0.45803304,0.46022616,-0.0021931179,False
2,0,DGS30,auctioned_by_rebalance,True,False,1,333,381,48,0.059097122,-0.098314693,0.21650894,0.73582934,0.59508632,0.67117071,-0.076084395,False
2,0,DGS30,auctioned_by_rebalance,True,False,2,333,381,48,0.059097122,-0.098314693,0.21650894,0.73582934,0.43673446,0.46022616,-0.023491697,False
2,0,DGS30,auctioned_by_rebalance,True,True,1,333,381,48,0.048282187,-0.10661173,0.20317611,0.61094293,0.60524149,0.67117071,-0.06592922,False
2,0,DGS30,auctioned_by_rebalance,True,True,2,333,381,48,0.048282187,-0.10661173,0.20317611,0.61094293,0.44121081,0.46022616,-0.019015344,False
2,0,DGS30,settled_by_month_end,False,False,1,333,381,48,0.026914844,-0.16329016,0.21711984,0.27734352,0.60824077,0.67117071,-0.062929941,False
2,0,DGS30,settled_by_month_end,False,False,2,333,381,48,0.026914844,-0.16329016,0.21711984,0.27734352,0.44774478,0.46022616,-0.012481376,False
2,0,DGS30,settled_by_month_end,False,True,1,333,381,48,0.014786579,-0.17080027,0.20037343,0.15615957,0.615605,0.67117071,-0.055565706,False
2,0,DGS30,settled_by_month_end,False,True,2,333,381,48,0.014786579,-0.17080027,0.20037343,0.15615957,0.44371176,0.46022616,-0.016514396,False
2,0,DGS30,settled_by_month_end,True,False,1,333,381,48,0.033715738,-0.1504223,0.21785378,0.35887007,0.60841693,0.67117071,-0.062753776,False
2,0,DGS30,settled_by_month_end,True,False,2,333,381,48,0.033715738,-0.1504223,0.21785378,0.35887007,0.44646384,0.46022616,-0.013762313,False
2,0,DGS30,settled_by_month_end,True,True,1,333,381,48,0.025478487,-0.1580839,0.20904087,0.27204331,0.61822326,0.67117071,-0.052947451,False
2,0,DGS30,settled_by_month_end,True,True,2,333,381,48,0.025478487,-0.1580839,0.20904087,0.27204331,0.44332983,0.46022616,-0.016896331,False
2,0,DGS5,auctioned_by_rebalance,False,False,1,381,381,0,-0.0170874,-0.067231524,0.033056723,-0.66788861,0.69851797,0.74668836,-0.048170391,False
2,0,DGS5,auctioned_by_rebalance,False,False,2,381,381,0,-0.0170874,-0.067231524,0.033056723,-0.66788861,0.4900384,0.49934139,-0.0093029944,False
2,0,DGS5,auctioned_by_rebalance,False,True,1,381,381,0,-0.017387028,-0.064696466,0.02992241,-0.72032029,0.69000184,0.74668836,-0.056686521,False
2,0,DGS5,auctioned_by_rebalance,False,True,2,381,381,0,-0.017387028,-0.064696466,0.02992241,-0.72032029,0.47521582,0.49934139,-0.024125575,False
2,0,DGS5,auctioned_by_rebalance,True,False,1,381,381,0,-0.012098053,-0.06373822,0.039542114,-0.45917256,0.67866999,0.74668836,-0.068018374,False
2,0,DGS5,auctioned_by_rebalance,True,False,2,381,381,0,-0.012098053,-0.06373822,0.039542114,-0.45917256,0.47707586,0.49934139,-0.022265533,False
2,0,DGS5,auctioned_by_rebalance,True,True,1,381,381,0,-0.012360776,-0.063735315,0.039013763,-0.4715697,0.69178122,0.74668836,-0.054907138,False
2,0,DGS5,auctioned_by_rebalance,True,True,2,381,381,0,-0.012360776,-0.063735315,0.039013763,-0.4715697,0.49205434,0.49934139,-0.0072870492,False
2,0,DGS5,settled_by_month_end,False,False,1,381,381,0,-0.032136536,-0.081650623,0.017377551,-1.2720916,0.66683303,0.74668836,-0.079855327,False
2,0,DGS5,settled_by_month_end,False,False,2,381,381,0,-0.032136536,-0.081650623,0.017377551,-1.2720916,0.44820981,0.49934139,-0.05113158,False
2,0,DGS5,settled_by_month_end,False,True,1,381,381,0,-0.032869593,-0.081269218,0.015530033,-1.3310685,0.65680962,0.74668836,-0.089878734,False
2,0,DGS5,settled_by_month_end,False,True,2,381,381,0,-0.032869593,-0.081269218,0.015530033,-1.3310685,0.44012836,0.49934139,-0.059213031,False
2,0,DGS5,settled_by_month_end,True,False,1,381,381,0,-0.025187907,-0.076438594,0.026062779,-0.96325328,0.68634229,0.74668836,-0.060346071,False
2,0,DGS5,settled_by_month_end,True,False,2,381,381,0,-0.025187907,-0.076438594,0.026062779,-0.96325328,0.47404856,0.49934139,-0.025292832,False
2,0,DGS5,settled_by_month_end,True,True,1,381,381,0,-0.025723587,-0.077271481,0.025824307,-0.97806719,0.70118962,0.74668836,-0.045498739,False
2,0,DGS5,settled_by_month_end,True,True,2,381,381,0,-0.025723587,-0.077271481,0.025824307,-0.97806719,0.48982652,0.49934139,-0.0095148728,False
2,1,DGS10,auctioned_by_rebalance,False,False,1,380,380,0,0.040353705,-0.071826196,0.15253361,0.70504438,0.35579402,0.29465902,0.061135004,False
2,1,DGS10,auctioned_by_rebalance,False,False,2,380,380,0,0.040353705,-0.071826196,0.15253361,0.70504438,0.19687088,0.10936365,0.087507226,False
2,1,DGS10,auctioned_by_rebalance,False,True,1,380,380,0,0.034930496,-0.072011737,0.14187273,0.6401822,0.37926176,0.29465902,0.084602746,False
2,1,DGS10,auctioned_by_rebalance,False,True,2,380,380,0,0.034930496,-0.072011737,0.14187273,0.6401822,0.25885101,0.10936365,0.14948736,False
2,1,DGS10,auctioned_by_rebalance,True,False,1,380,380,0,0.047499217,-0.069047652,0.16404609,0.79879241,0.3467684,0.29465902,0.052109381,False
2,1,DGS10,auctioned_by_rebalance,True,False,2,380,380,0,0.047499217,-0.069047652,0.16404609,0.79879241,0.20196375,0.10936365,0.092600101,False
2,1,DGS10,auctioned_by_rebalance,True,True,1,380,380,0,0.046403889,-0.069675917,0.1624837,0.78351227,0.35495269,0.29465902,0.060293676,False
2,1,DGS10,auctioned_by_rebalance,True,True,2,380,380,0,0.046403889,-0.069675917,0.1624837,0.78351227,0.2130662,0.10936365,0.10370254,False
2,1,DGS10,settled_by_month_end,False,False,1,380,380,0,-0.0073258209,-0.1231531,0.10850146,-0.12396342,0.29926933,0.29465902,0.0046103156,False
2,1,DGS10,settled_by_month_end,False,False,2,380,380,0,-0.0073258209,-0.1231531,0.10850146,-0.12396342,0.11555731,0.10936365,0.0061936537,False
2,1,DGS10,settled_by_month_end,False,True,1,380,380,0,-0.011125525,-0.12527969,0.10302864,-0.19101913,0.3105016,0.29465902,0.015842587,False
2,1,DGS10,settled_by_month_end,False,True,2,380,380,0,-0.011125525,-0.12527969,0.10302864,-0.19101913,0.14026353,0.10936365,0.030899873,False
2,1,DGS10,settled_by_month_end,True,False,1,380,380,0,0.0093220876,-0.11004406,0.12868824,0.15306648,0.27775579,0.29465902,-0.016903229,False
2,1,DGS10,settled_by_month_end,True,False,2,380,380,0,0.0093220876,-0.11004406,0.12868824,0.15306648,0.11868288,0.10936365,0.0093192249,False
2,1,DGS10,settled_by_month_end,True,True,1,380,380,0,0.0075601949,-0.11285978,0.12798017,0.12305027,0.28009001,0.29465902,-0.014569007,False
2,1,DGS10,settled_by_month_end,True,True,2,380,380,0,0.0075601949,-0.11285978,0.12798017,0.12305027,0.13664362,0.10936365,0.027279969,False
2,1,DGS30,auctioned_by_rebalance,False,False,1,332,380,48,0.065425177,-0.1531442,0.28399456,0.58668323,0.44043734,0.27929891,0.16113843,False
2,1,DGS30,auctioned_by_rebalance,False,False,2,332,380,48,0.065425177,-0.1531442,0.28399456,0.58668323,0.30844909,0.21234134,0.096107753,False
2,1,DGS30,auctioned_by_rebalance,False,True,1,332,380,48,0.043690035,-0.16757738,0.25495745,0.40531993,0.45951258,0.27929891,0.18021367,False
2,1,DGS30,auctioned_by_rebalance,False,True,2,332,380,48,0.043690035,-0.16757738,0.25495745,0.40531993,0.32476661,0.21234134,0.11242527,False
2,1,DGS30,auctioned_by_rebalance,True,False,1,332,380,48,0.06514686,-0.16013006,0.29042378,0.56679353,0.39964017,0.27929891,0.12034125,False
2,1,DGS30,auctioned_by_rebalance,True,False,2,332,380,48,0.06514686,-0.16013006,0.29042378,0.56679353,0.29696617,0.21234134,0.084624826,False
2,1,DGS30,auctioned_by_rebalance,True,True,1,332,380,48,0.053243369,-0.16909169,0.27557843,0.46935957,0.40691739,0.27929891,0.12761848,False
2,1,DGS30,auctioned_by_rebalance,True,True,2,332,380,48,0.053243369,-0.16909169,0.27557843,0.46935957,0.30449884,0.21234134,0.092157501,False
2,1,DGS30,settled_by_month_end,False,False,1,332,380,48,-0.036975717,-0.31502728,0.24107585,-0.26063897,0.36743312,0.27929891,0.088134213,False
2,1,DGS30,settled_by_month_end,False,False,2,332,380,48,-0.036975717,-0.31502728,0.24107585,-0.26063897,0.20762328,0.21234134,-0.0047180567,False
2,1,DGS30,settled_by_month_end,False,True,1,332,380,48,-0.050703257,-0.32343108,0.22202457,-0.36437997,0.38452036,0.27929891,0.10522145,False
2,1,DGS30,settled_by_month_end,False,True,2,332,380,48,-0.050703257,-0.32343108,0.22202457,-0.36437997,0.22113953,0.21234134,0.0087981867,False
2,1,DGS30,settled_by_month_end,True,False,1,332,380,48,-0.013200828,-0.28267851,0.25627685,-0.096012207,0.36580234,0.27929891,0.086503431,False
2,1,DGS30,settled_by_month_end,True,False,2,332,380,48,-0.013200828,-0.28267851,0.25627685,-0.096012207,0.24095963,0.21234134,0.028618292,False
2,1,DGS30,settled_by_month_end,True,True,1,332,380,48,-0.023022942,-0.29243384,0.24638795,-0.16749188,0.37973188,0.27929891,0.10043297,False
2,1,DGS30,settled_by_month_end,True,True,2,332,380,48,-0.023022942,-0.29243384,0.24638795,-0.16749188,0.24953093,0.21234134,0.037189587,False
2,1,DGS5,auctioned_by_rebalance,False,False,1,380,380,0,0.018166897,-0.04818921,0.084523004,0.53659665,0.5605496,0.47248304,0.08806656,False
2,1,DGS5,auctioned_by_rebalance,False,False,2,380,380,0,0.018166897,-0.04818921,0.084523004,0.53659665,0.38862573,0.37817941,0.010446321,False
2,1,DGS5,auctioned_by_rebalance,False,True,1,380,380,0,0.017787852,-0.044976224,0.080551928,0.5554698,0.57573369,0.47248304,0.10325065,False
2,1,DGS5,auctioned_by_rebalance,False,True,2,380,380,0,0.017787852,-0.044976224,0.080551928,0.5554698,0.40478275,0.37817941,0.026603343,False
2,1,DGS5,auctioned_by_rebalance,True,False,1,380,380,0,0.02241808,-0.045796961,0.090633121,0.64411937,0.52435118,0.47248304,0.051868143,False
2,1,DGS5,auctioned_by_rebalance,True,False,2,380,380,0,0.02241808,-0.045796961,0.090633121,0.64411937,0.37845253,0.37817941,0.00027312288,False
2,1,DGS5,auctioned_by_rebalance,True,True,1,380,380,0,0.02362244,-0.044062774,0.091307653,0.68403612,0.54735338,0.47248304,0.074870349,False
2,1,DGS5,auctioned_by_rebalance,True,True,2,380,380,0,0.02362244,-0.044062774,0.091307653,0.68403612,0.40335936,0.37817941,0.025179948,False
2,1,DGS5,settled_by_month_end,False,False,1,380,380,0,-0.016179098,-0.081142228,0.048784032,-0.48812994,0.43420027,0.47248304,-0.038282764,False
2,1,DGS5,settled_by_month_end,False,False,2,380,380,0,-0.016179098,-0.081142228,0.048784032,-0.48812994,0.27088409,0.37817941,-0.10729532,False
2,1,DGS5,settled_by_month_end,False,True,1,380,380,0,-0.016801558,-0.080245772,0.046642655,-0.51904574,0.47009473,0.47248304,-0.0023883033,False
2,1,DGS5,settled_by_month_end,False,True,2,380,380,0,-0.016801558,-0.080245772,0.046642655,-0.51904574,0.26439539,0.37817941,-0.11378402,False
2,1,DGS5,settled_by_month_end,True,False,1,380,380,0,-0.0050792934,-0.072430758,0.062272171,-0.14781018,0.45788419,0.47248304,-0.014598847,False
2,1,DGS5,settled_by_month_end,True,False,2,380,380,0,-0.0050792934,-0.072430758,0.062272171,-0.14781018,0.2919603,0.37817941,-0.08621911,False
2,1,DGS5,settled_by_month_end,True,True,1,380,380,0,-0.0050780825,-0.072646343,0.062490178,-0.1473008,0.48031847,0.47248304,0.0078354312,False
2,1,DGS5,settled_by_month_end,True,True,2,380,380,0,-0.0050780825,-0.072646343,0.062490178,-0.1473008,0.3154607,0.37817941,-0.062718708,False
3,0,DGS10,auctioned_by_rebalance,False,False,1,381,381,0,0.0030441179,-0.10067059,0.10675882,0.057526668,0.54986302,0.66280741,-0.11294439,False
3,0,DGS10,auctioned_by_rebalance,False,False,2,381,381,0,0.0030441179,-0.10067059,0.10675882,0.057526668,0.3903854,0.44788362,-0.057498224,False
3,0,DGS10,auctioned_by_rebalance,False,True,1,381,381,0,0.0037837756,-0.095671702,0.10323925,0.074566672,0.57095059,0.66280741,-0.091856818,False
3,0,DGS10,auctioned_by_rebalance,False,True,2,381,381,0,0.0037837756,-0.095671702,0.10323925,0.074566672,0.40823596,0.44788362,-0.039647661,False
3,0,DGS10,auctioned_by_rebalance,True,False,1,381,381,0,0.0051256036,-0.10323776,0.11348897,0.092706595,0.5467506,0.66280741,-0.11605681,False
3,0,DGS10,auctioned_by_rebalance,True,False,2,381,381,0,0.0051256036,-0.10323776,0.11348897,0.092706595,0.36559461,0.44788362,-0.082289007,False
3,0,DGS10,auctioned_by_rebalance,True,True,1,381,381,0,0.0058386349,-0.1040746,0.11575187,0.10411407,0.53291454,0.66280741,-0.12989287,False
3,0,DGS10,auctioned_by_rebalance,True,True,2,381,381,0,0.0058386349,-0.1040746,0.11575187,0.10411407,0.37592506,0.44788362,-0.071958562,False
3,0,DGS10,settled_by_month_end,False,False,1,381,381,0,-0.014606623,-0.11427365,0.085060401,-0.287241,0.57506293,0.66280741,-0.08774448,False
3,0,DGS10,settled_by_month_end,False,False,2,381,381,0,-0.014606623,-0.11427365,0.085060401,-0.287241,0.3507602,0.44788362,-0.097123418,False
3,0,DGS10,settled_by_month_end,False,True,1,381,381,0,-0.017641304,-0.11777324,0.082490635,-0.3453076,0.59494278,0.66280741,-0.06786463,False
3,0,DGS10,settled_by_month_end,False,True,2,381,381,0,-0.017641304,-0.11777324,0.082490635,-0.3453076,0.3697218,0.44788362,-0.078161819,False
3,0,DGS10,settled_by_month_end,True,False,1,381,381,0,-0.0094135667,-0.11435132,0.095524188,-0.17582091,0.52806774,0.66280741,-0.13473967,False
3,0,DGS10,settled_by_month_end,True,False,2,381,381,0,-0.0094135667,-0.11435132,0.095524188,-0.17582091,0.34812602,0.44788362,-0.099757603,False
3,0,DGS10,settled_by_month_end,True,True,1,381,381,0,-0.012257163,-0.12035333,0.095839004,-0.22224282,0.50714185,0.66280741,-0.15566556,False
3,0,DGS10,settled_by_month_end,True,True,2,381,381,0,-0.012257163,-0.12035333,0.095839004,-0.22224282,0.35645528,0.44788362,-0.091428346,False
3,0,DGS30,auctioned_by_rebalance,False,False,1,333,381,48,0.025122676,-0.18659356,0.23683892,0.23257328,0.65164261,0.76738793,-0.11574532,False
3,0,DGS30,auctioned_by_rebalance,False,False,2,333,381,48,0.025122676,-0.18659356,0.23683892,0.23257328,0.48178448,0.58108992,-0.09930544,False
3,0,DGS30,auctioned_by_rebalance,False,True,1,333,381,48,0.031258431,-0.17667664,0.2391935,0.29463716,0.67086415,0.76738793,-0.096523778,False
3,0,DGS30,auctioned_by_rebalance,False,True,2,333,381,48,0.031258431,-0.17667664,0.2391935,0.29463716,0.50177331,0.58108992,-0.079316606,False
3,0,DGS30,auctioned_by_rebalance,True,False,1,333,381,48,0.012624515,-0.19995543,0.22520446,0.11639665,0.60390404,0.76738793,-0.16348389,False
3,0,DGS30,auctioned_by_rebalance,True,False,2,333,381,48,0.012624515,-0.19995543,0.22520446,0.11639665,0.44445272,0.58108992,-0.13663719,False
3,0,DGS30,auctioned_by_rebalance,True,True,1,333,381,48,0.014484395,-0.20271066,0.23167946,0.1307069,0.64398572,0.76738793,-0.12340221,False
3,0,DGS30,auctioned_by_rebalance,True,True,2,333,381,48,0.014484395,-0.20271066,0.23167946,0.1307069,0.4740017,0.58108992,-0.10708822,False
3,0,DGS30,settled_by_month_end,False,False,1,333,381,48,-0.033627895,-0.25487809,0.1876223,-0.29789561,0.66788447,0.76738793,-0.099503464,False
3,0,DGS30,settled_by_month_end,False,False,2,333,381,48,-0.033627895,-0.25487809,0.1876223,-0.29789561,0.50717959,0.58108992,-0.073910325,False
3,0,DGS30,settled_by_month_end,False,True,1,333,381,48,-0.035382674,-0.25887961,0.18811427,-0.31028956,0.67819016,0.76738793,-0.089197771,False
3,0,DGS30,settled_by_month_end,False,True,2,333,381,48,-0.035382674,-0.25887961,0.18811427,-0.31028956,0.51301537,0.58108992,-0.068074542,False
3,0,DGS30,settled_by_month_end,True,False,1,333,381,48,-0.031268048,-0.25030266,0.18776657,-0.27979252,0.59445202,0.76738793,-0.17293591,False
3,0,DGS30,settled_by_month_end,True,False,2,333,381,48,-0.031268048,-0.25030266,0.18776657,-0.27979252,0.45470634,0.58108992,-0.12638358,False
3,0,DGS30,settled_by_month_end,True,True,1,333,381,48,-0.036896051,-0.26288688,0.18909478,-0.31999055,0.63225823,0.76738793,-0.1351297,False
3,0,DGS30,settled_by_month_end,True,True,2,333,381,48,-0.036896051,-0.26288688,0.18909478,-0.31999055,0.47331572,0.58108992,-0.1077742,False
3,0,DGS5,auctioned_by_rebalance,False,False,1,381,381,0,-0.0094471317,-0.070425617,0.051531353,-0.3036487,0.75681036,0.79026633,-0.033455965,False
3,0,DGS5,auctioned_by_rebalance,False,False,2,381,381,0,-0.0094471317,-0.070425617,0.051531353,-0.3036487,0.54057569,0.54310388,-0.0025281926,False
3,0,DGS5,auctioned_by_rebalance,False,True,1,381,381,0,-0.0067192936,-0.065766634,0.052328047,-0.22303415,0.78346156,0.79026633,-0.0068047669,False
3,0,DGS5,auctioned_by_rebalance,False,True,2,381,381,0,-0.0067192936,-0.065766634,0.052328047,-0.22303415,0.60839059,0.54310388,0.065286713,False
3,0,DGS5,auctioned_by_rebalance,True,False,1,381,381,0,-0.0077048374,-0.070662678,0.055253003,-0.23986216,0.69213575,0.79026633,-0.098130579,False
3,0,DGS5,auctioned_by_rebalance,True,False,2,381,381,0,-0.0077048374,-0.070662678,0.055253003,-0.23986216,0.52297873,0.54310388,-0.02012515,False
3,0,DGS5,auctioned_by_rebalance,True,True,1,381,381,0,-0.0059012362,-0.069939619,0.058137146,-0.18061372,0.7231658,0.79026633,-0.067100532,False
3,0,DGS5,auctioned_by_rebalance,True,True,2,381,381,0,-0.0059012362,-0.069939619,0.058137146,-0.18061372,0.55380266,0.54310388,0.010698778,False
3,0,DGS5,settled_by_month_end,False,False,1,381,381,0,-0.022967608,-0.080330835,0.034395619,-0.78474812,0.71751558,0.79026633,-0.07275075,False
3,0,DGS5,settled_by_month_end,False,False,2,381,381,0,-0.022967608,-0.080330835,0.034395619,-0.78474812,0.55890403,0.54310388,0.015800152,False
3,0,DGS5,settled_by_month_end,False,True,1,381,381,0,-0.024202764,-0.081777208,0.033371681,-0.82391668,0.73094156,0.79026633,-0.059324767,False
3,0,DGS5,settled_by_month_end,False,True,2,381,381,0,-0.024202764,-0.081777208,0.033371681,-0.82391668,0.57986415,0.54310388,0.036760276,False
3,0,DGS5,settled_by_month_end,True,False,1,381,381,0,-0.019112182,-0.079047127,0.040822763,-0.62499746,0.66563537,0.79026633,-0.12463096,False
3,0,DGS5,settled_by_month_end,True,False,2,381,381,0,-0.019112182,-0.079047127,0.040822763,-0.62499746,0.52777035,0.54310388,-0.015333529,False
3,0,DGS5,settled_by_month_end,True,True,1,381,381,0,-0.020482713,-0.082018926,0.041053501,-0.65238624,0.72303171,0.79026633,-0.067234616,False
3,0,DGS5,settled_by_month_end,True,True,2,381,381,0,-0.020482713,-0.082018926,0.041053501,-0.65238624,0.55319394,0.54310388,0.010090065,False
3,1,DGS10,auctioned_by_rebalance,False,False,1,380,380,0,0.053372932,-0.080581629,0.18732749,0.78092917,0.42652278,0.34365907,0.082863711,False
3,1,DGS10,auctioned_by_rebalance,False,False,2,380,380,0,0.053372932,-0.080581629,0.18732749,0.78092917,0.29238773,0.23255475,0.059832974,False
3,1,DGS10,auctioned_by_rebalance,False,True,1,380,380,0,0.054710742,-0.070264414,0.1796859,0.85801921,0.40459382,0.34365907,0.06093475,False
3,1,DGS10,auctioned_by_rebalance,False,True,2,380,380,0,0.054710742,-0.070264414,0.1796859,0.85801921,0.31685924,0.23255475,0.084304492,False
3,1,DGS10,auctioned_by_rebalance,True,False,1,380,380,0,0.055183305,-0.085653957,0.19602057,0.76795934,0.40449226,0.34365907,0.060833188,False
3,1,DGS10,auctioned_by_rebalance,True,False,2,380,380,0,0.055183305,-0.085653957,0.19602057,0.76795934,0.28405079,0.23255475,0.051496034,False
3,1,DGS10,auctioned_by_rebalance,True,True,1,380,380,0,0.059684698,-0.079949528,0.19931892,0.83775921,0.41235698,0.34365907,0.068697907,False
3,1,DGS10,auctioned_by_rebalance,True,True,2,380,380,0,0.059684698,-0.079949528,0.19931892,0.83775921,0.2930497,0.23255475,0.060494953,False
3,1,DGS10,settled_by_month_end,False,False,1,380,380,0,0.0092185,-0.12675608,0.14519308,0.13287725,0.28896779,0.34365907,-0.054691281,False
3,1,DGS10,settled_by_month_end,False,False,2,380,380,0,0.0092185,-0.12675608,0.14519308,0.13287725,0.13076534,0.23255475,-0.10178941,False
3,1,DGS10,settled_by_month_end,False,True,1,380,380,0,0.0076149738,-0.12638381,0.14161376,0.11138216,0.26543945,0.34365907,-0.078219623,False
3,1,DGS10,settled_by_month_end,False,True,2,380,380,0,0.0076149738,-0.12638381,0.14161376,0.11138216,0.14235022,0.23255475,-0.090204531,False
3,1,DGS10,settled_by_month_end,True,False,1,380,380,0,0.021075598,-0.12135926,0.16351046,0.29000915,0.29755579,0.34365907,-0.046103279,False
3,1,DGS10,settled_by_month_end,True,False,2,380,380,0,0.021075598,-0.12135926,0.16351046,0.29000915,0.14099298,0.23255475,-0.091561767,False
3,1,DGS10,settled_by_month_end,True,True,1,380,380,0,0.020769983,-0.12384129,0.16538126,0.28150238,0.30061629,0.34365907,-0.043042776,False
3,1,DGS10,settled_by_month_end,True,True,2,380,380,0,0.020769983,-0.12384129,0.16538126,0.28150238,0.16702408,0.23255475,-0.065530667,False
3,1,DGS30,auctioned_by_rebalance,False,False,1,332,380,48,0.023336588,-0.24870983,0.29538301,0.16812892,0.42378701,0.39989819,0.023888826,False
3,1,DGS30,auctioned_by_rebalance,False,False,2,332,380,48,0.023336588,-0.24870983,0.29538301,0.16812892,0.29107058,0.32202123,-0.030950653,False
3,1,DGS30,auctioned_by_rebalance,False,True,1,332,380,48,0.026822451,-0.23371922,0.28736412,0.20177593,0.45928504,0.39989819,0.059386855,False
3,1,DGS30,auctioned_by_rebalance,False,True,2,332,380,48,0.026822451,-0.23371922,0.28736412,0.20177593,0.33280709,0.32202123,0.010785857,False
3,1,DGS30,auctioned_by_rebalance,True,False,1,332,380,48,0.01525063,-0.26019902,0.29070028,0.10851597,0.42149163,0.39989819,0.021593444,False
3,1,DGS30,auctioned_by_rebalance,True,False,2,332,380,48,0.01525063,-0.26019902,0.29070028,0.10851597,0.2627865,0.32202123,-0.059234734,False
3,1,DGS30,auctioned_by_rebalance,True,True,1,332,380,48,0.017411796,-0.2565879,0.29141149,0.12454938,0.40939916,0.39989819,0.0095009691,False
3,1,DGS30,auctioned_by_rebalance,True,True,2,332,380,48,0.017411796,-0.2565879,0.29141149,0.12454938,0.28498347,0.32202123,-0.037037762,False
3,1,DGS30,settled_by_month_end,False,False,1,332,380,48,-0.098857146,-0.4177212,0.2200069,-0.60764594,0.35797683,0.39989819,-0.041921356,False
3,1,DGS30,settled_by_month_end,False,False,2,332,380,48,-0.098857146,-0.4177212,0.2200069,-0.60764594,0.24600416,0.32202123,-0.076017066,False
3,1,DGS30,settled_by_month_end,False,True,1,332,380,48,-0.10439655,-0.42080303,0.21200992,-0.64667918,0.40231439,0.39989819,0.0024161979,False
3,1,DGS30,settled_by_month_end,False,True,2,332,380,48,-0.10439655,-0.42080303,0.21200992,-0.64667918,0.2811632,0.32202123,-0.04085803,False
3,1,DGS30,settled_by_month_end,True,False,1,332,380,48,-0.078645372,-0.38912174,0.23183099,-0.49646966,0.35065697,0.39989819,-0.049241218,False
3,1,DGS30,settled_by_month_end,True,False,2,332,380,48,-0.078645372,-0.38912174,0.23183099,-0.49646966,0.21753493,0.32202123,-0.1044863,False
3,1,DGS30,settled_by_month_end,True,True,1,332,380,48,-0.087552233,-0.40249708,0.22739262,-0.54485483,0.36103491,0.39989819,-0.038863277,False
3,1,DGS30,settled_by_month_end,True,True,2,332,380,48,-0.087552233,-0.40249708,0.22739262,-0.54485483,0.22639866,0.32202123,-0.095622566,False
3,1,DGS5,auctioned_by_rebalance,False,False,1,380,380,0,0.024876298,-0.050785393,0.10053799,0.64440337,0.61376345,0.55522319,0.058540266,False
3,1,DGS5,auctioned_by_rebalance,False,False,2,380,380,0,0.024876298,-0.050785393,0.10053799,0.64440337,0.46494224,0.45444548,0.010496753,False
3,1,DGS5,auctioned_by_rebalance,False,True,1,380,380,0,0.028387511,-0.042402885,0.099177906,0.78596112,0.65046874,0.55522319,0.095245549,False
3,1,DGS5,auctioned_by_rebalance,False,True,2,380,380,0,0.028387511,-0.042402885,0.099177906,0.78596112,0.50328722,0.45444548,0.04884174,False
3,1,DGS5,auctioned_by_rebalance,True,False,1,380,380,0,0.025738844,-0.053528943,0.10500663,0.63641498,0.58334012,0.55522319,0.028116932,False
3,1,DGS5,auctioned_by_rebalance,True,False,2,380,380,0,0.025738844,-0.053528943,0.10500663,0.63641498,0.46080157,0.45444548,0.0063560826,False
3,1,DGS5,auctioned_by_rebalance,True,True,1,380,380,0,0.029937587,-0.04872354,0.10859871,0.74594141,0.61870916,0.55522319,0.063485976,False
3,1,DGS5,auctioned_by_rebalance,True,True,2,380,380,0,0.029937587,-0.04872354,0.10859871,0.74594141,0.49471496,0.45444548,0.040269475,False
3,1,DGS5,settled_by_month_end,False,False,1,380,380,0,-0.0082324857,-0.080583331,0.064118359,-0.22301572,0.4796765,0.55522319,-0.075546692,False
3,1,DGS5,settled_by_month_end,False,False,2,380,380,0,-0.0082324857,-0.080583331,0.064118359,-0.22301572,0.33965485,0.45444548,-0.11479063,False
3,1,DGS5,settled_by_month_end,False,True,1,380,380,0,-0.0085721654,-0.079450124,0.062305793,-0.23704316,0.51663274,0.55522319,-0.038590451,False
3,1,DGS5,settled_by_month_end,False,True,2,380,380,0,-0.0085721654,-0.079450124,0.062305793,-0.23704316,0.37629447,0.45444548,-0.078151014,False
3,1,DGS5,settled_by_month_end,True,False,1,380,380,0,-0.00012275205,-0.076783476,0.076537972,-0.0031383683,0.51415513,0.55522319,-0.041068058,False
3,1,DGS5,settled_by_month_end,True,False,2,380,380,0,-0.00012275205,-0.076783476,0.076537972,-0.0031383683,0.34198976,0.45444548,-0.11245573,False
3,1,DGS5,settled_by_month_end,True,True,1,380,380,0,-0.00024029069,-0.077837155,0.077356573,-0.0060693317,0.54028521,0.55522319,-0.014937975,False
3,1,DGS5,settled_by_month_end,True,True,2,380,380,0,-0.00024029069,-0.077837155,0.077356573,-0.0060693317,0.36808497,0.45444548,-0.086360515,False
4,0,DGS10,auctioned_by_rebalance,False,False,1,381,381,0,-0.012030367,-0.12331642,0.099255688,-0.21187817,0.55737226,0.62669928,-0.069327016,False
4,0,DGS10,auctioned_by_rebalance,False,False,2,381,381,0,-0.012030367,-0.12331642,0.099255688,-0.21187817,0.40762262,0.45057357,-0.042950945,False
4,0,DGS10,auctioned_by_rebalance,False,True,1,381,381,0,-0.0077576753,-0.11717685,0.1016615,-0.13895886,0.55662548,0.62669928,-0.070073798,False
4,0,DGS10,auctioned_by_rebalance,False,True,2,381,381,0,-0.0077576753,-0.11717685,0.1016615,-0.13895886,0.41224831,0.45057357,-0.038325254,False
4,0,DGS10,auctioned_by_rebalance,True,False,1,381,381,0,0.0077501727,-0.10980881,0.12530915,0.12921224,0.56362111,0.62669928,-0.063078167,False
4,0,DGS10,auctioned_by_rebalance,True,False,2,381,381,0,0.0077501727,-0.10980881,0.12530915,0.12921224,0.44649177,0.45057357,-0.0040817969,False
4,0,DGS10,auctioned_by_rebalance,True,True,1,381,381,0,0.010751445,-0.11017046,0.13167335,0.17426491,0.57258953,0.62669928,-0.054109743,True
4,0,DGS10,auctioned_by_rebalance,True,True,2,381,381,0,0.010751445,-0.11017046,0.13167335,0.17426491,0.41850056,0.45057357,-0.03207301,False
4,0,DGS10,settled_by_month_end,False,False,1,381,381,0,-0.021622338,-0.13031523,0.087070554,-0.38989674,0.53834413,0.62669928,-0.088355146,False
4,0,DGS10,settled_by_month_end,False,False,2,381,381,0,-0.021622338,-0.13031523,0.087070554,-0.38989674,0.39135718,0.45057357,-0.059216392,False
4,0,DGS10,settled_by_month_end,False,True,1,381,381,0,-0.022158794,-0.13251727,0.088199685,-0.39353966,0.55229675,0.62669928,-0.074402523,False
4,0,DGS10,settled_by_month_end,False,True,2,381,381,0,-0.022158794,-0.13251727,0.088199685,-0.39353966,0.40060091,0.45057357,-0.049972663,False
4,0,DGS10,settled_by_month_end,True,False,1,381,381,0,-0.0026051994,-0.11720837,0.11199797,-0.044554589,0.55335175,0.62669928,-0.073347529,False
4,0,DGS10,settled_by_month_end,True,False,2,381,381,0,-0.0026051994,-0.11720837,0.11199797,-0.044554589,0.41577841,0.45057357,-0.034795163,False
4,0,DGS10,settled_by_month_end,True,True,1,381,381,0,-0.0035071392,-0.12250469,0.11549042,-0.057764772,0.55824874,0.62669928,-0.068450534,False
4,0,DGS10,settled_by_month_end,True,True,2,381,381,0,-0.0035071392,-0.12250469,0.11549042,-0.057764772,0.41022908,0.45057357,-0.040344493,False
4,0,DGS30,auctioned_by_rebalance,False,False,1,333,381,48,0.013176915,-0.21062703,0.23698086,0.11539689,0.58570971,0.67606726,-0.090357547,False
4,0,DGS30,auctioned_by_rebalance,False,False,2,333,381,48,0.013176915,-0.21062703,0.23698086,0.11539689,0.44081309,0.51337261,-0.072559524,False
4,0,DGS30,auctioned_by_rebalance,False,True,1,333,381,48,0.033690332,-0.18843914,0.2558198,0.29726735,0.6083074,0.67606726,-0.067759855,False
4,0,DGS30,auctioned_by_rebalance,False,True,2,333,381,48,0.033690332,-0.18843914,0.2558198,0.29726735,0.46873609,0.51337261,-0.044636516,False
4,0,DGS30,auctioned_by_rebalance,True,False,1,333,381,48,0.029019474,-0.19844216,0.25648111,0.25005151,0.56967236,0.67606726,-0.1063949,False
4,0,DGS30,auctioned_by_rebalance,True,False,2,333,381,48,0.029019474,-0.19844216,0.25648111,0.25005151,0.4390666,0.51337261,-0.074306012,False
4,0,DGS30,auctioned_by_rebalance,True,True,1,333,381,48,0.041029962,-0.19302471,0.27508464,0.34358318,0.59379024,0.67606726,-0.082277016,False
4,0,DGS30,auctioned_by_rebalance,True,True,2,333,381,48,0.041029962,-0.19302471,0.27508464,0.34358318,0.45692375,0.51337261,-0.056448859,False
4,0,DGS30,settled_by_month_end,False,False,1,333,381,48,-0.052485892,-0.28838213,0.18341034,-0.43608351,0.58080128,0.67606726,-0.095265978,False
4,0,DGS30,settled_by_month_end,False,False,2,333,381,48,-0.052485892,-0.28838213,0.18341034,-0.43608351,0.43947267,0.51337261,-0.07389994,False
4,0,DGS30,settled_by_month_end,False,True,1,333,381,48,-0.043021564,-0.28220438,0.19616125,-0.35253668,0.59491307,0.67606726,-0.081154183,False
4,0,DGS30,settled_by_month_end,False,True,2,333,381,48,-0.043021564,-0.28220438,0.19616125,-0.35253668,0.44760415,0.51337261,-0.065768464,False
4,0,DGS30,settled_by_month_end,True,False,1,333,381,48,-0.021500385,-0.25691914,0.21391837,-0.1790001,0.55986842,0.67606726,-0.11619883,False
4,0,DGS30,settled_by_month_end,True,False,2,333,381,48,-0.021500385,-0.25691914,0.21391837,-0.1790001,0.43797292,0.51337261,-0.075399687,False
4,0,DGS30,settled_by_month_end,True,True,1,333,381,48,-0.018633951,-0.2622211,0.22495319,-0.1499335,0.60164424,0.67606726,-0.074423015,False
4,0,DGS30,settled_by_month_end,True,True,2,333,381,48,-0.018633951,-0.2622211,0.22495319,-0.1499335,0.45276233,0.51337261,-0.060610284,False
4,0,DGS5,auctioned_by_rebalance,False,False,1,381,381,0,-0.02105113,-0.090437684,0.048335424,-0.59463188,0.61839833,0.66814443,-0.049746103,False
4,0,DGS5,auctioned_by_rebalance,False,False,2,381,381,0,-0.02105113,-0.090437684,0.048335424,-0.59463188,0.48061131,0.58074922,-0.10013791,False
4,0,DGS5,auctioned_by_rebalance,False,True,1,381,381,0,-0.016038244,-0.084233999,0.052157511,-0.46094336,0.64749444,0.66814443,-0.020649994,False
4,0,DGS5,auctioned_by_rebalance,False,True,2,381,381,0,-0.016038244,-0.084233999,0.052157511,-0.46094336,0.49065142,0.58074922,-0.0900978,False
4,0,DGS5,auctioned_by_rebalance,True,False,1,381,381,0,-0.0086509308,-0.081409117,0.064107256,-0.23303925,0.61357111,0.66814443,-0.054573317,False
4,0,DGS5,auctioned_by_rebalance,True,False,2,381,381,0,-0.0086509308,-0.081409117,0.064107256,-0.23303925,0.47586159,0.58074922,-0.10488762,False
4,0,DGS5,auctioned_by_rebalance,True,True,1,381,381,0,-0.0051642316,-0.079966179,0.069637716,-0.13531343,0.64546694,0.66814443,-0.022677488,False
4,0,DGS5,auctioned_by_rebalance,True,True,2,381,381,0,-0.0051642316,-0.079966179,0.069637716,-0.13531343,0.50403165,0.58074922,-0.076717568,False
4,0,DGS5,settled_by_month_end,False,False,1,381,381,0,-0.032805889,-0.099500707,0.033888928,-0.96406833,0.61844027,0.66814443,-0.049704161,False
4,0,DGS5,settled_by_month_end,False,False,2,381,381,0,-0.032805889,-0.099500707,0.033888928,-0.96406833,0.47161379,0.58074922,-0.10913543,False
4,0,DGS5,settled_by_month_end,False,True,1,381,381,0,-0.032591573,-0.099927055,0.034743908,-0.94865751,0.64041485,0.66814443,-0.027729578,False
4,0,DGS5,settled_by_month_end,False,True,2,381,381,0,-0.032591573,-0.099927055,0.034743908,-0.94865751,0.49045854,0.58074922,-0.090290676,False
4,0,DGS5,settled_by_month_end,True,False,1,381,381,0,-0.020116316,-0.090744641,0.05051201,-0.55823573,0.57972405,0.66814443,-0.088420379,False
4,0,DGS5,settled_by_month_end,True,False,2,381,381,0,-0.020116316,-0.090744641,0.05051201,-0.55823573,0.48643148,0.58074922,-0.094317741,False
4,0,DGS5,settled_by_month_end,True,True,1,381,381,0,-0.020355371,-0.093367014,0.052656272,-0.54643057,0.63608695,0.66814443,-0.032057478,False
4,0,DGS5,settled_by_month_end,True,True,2,381,381,0,-0.020355371,-0.093367014,0.052656272,-0.54643057,0.50813722,0.58074922,-0.072611996,False
4,1,DGS10,auctioned_by_rebalance,False,False,1,380,380,0,0.032936554,-0.10439597,0.17026908,0.47005952,0.44593881,0.34099657,0.10494224,False
4,1,DGS10,auctioned_by_rebalance,False,False,2,380,380,0,0.032936554,-0.10439597,0.17026908,0.47005952,0.24941307,0.25577345,-0.006360379,False
4,1,DGS10,auctioned_by_rebalance,False,True,1,380,380,0,0.036363654,-0.094021856,0.16674917,0.54662096,0.39372523,0.34099657,0.052728661,False
4,1,DGS10,auctioned_by_rebalance,False,True,2,380,380,0,0.036363654,-0.094021856,0.16674917,0.54662096,0.30730109,0.25577345,0.051527641,False
4,1,DGS10,auctioned_by_rebalance,True,False,1,380,380,0,0.053609438,-0.091016847,0.19823572,0.72651086,0.46139574,0.34099657,0.12039917,False
4,1,DGS10,auctioned_by_rebalance,True,False,2,380,380,0,0.053609438,-0.091016847,0.19823572,0.72651086,0.34256826,0.25577345,0.08679481,False
4,1,DGS10,auctioned_by_rebalance,True,True,1,380,380,0,0.058903313,-0.086130487,0.20393711,0.79601012,0.46212724,0.34099657,0.12113067,False
4,1,DGS10,auctioned_by_rebalance,True,True,2,380,380,0,0.058903313,-0.086130487,0.20393711,0.79601012,0.27030675,0.25577345,0.014533296,False
4,1,DGS10,settled_by_month_end,False,False,1,380,380,0,-0.0001796141,-0.14131611,0.14095688,-0.0024943028,0.29542286,0.34099657,-0.045573706,False
4,1,DGS10,settled_by_month_end,False,False,2,380,380,0,-0.0001796141,-0.14131611,0.14095688,-0.0024943028,0.18728021,0.25577345,-0.068493239,False
4,1,DGS10,settled_by_month_end,False,True,1,380,380,0,-0.000250236,-0.14049916,0.13999868,-0.0034970219,0.31049509,0.34099657,-0.030501484,False
4,1,DGS10,settled_by_month_end,False,True,2,380,380,0,-0.000250236,-0.14049916,0.13999868,-0.0034970219,0.21124653,0.25577345,-0.044526926,False
4,1,DGS10,settled_by_month_end,True,False,1,380,380,0,0.025887511,-0.12097997,0.17275499,0.34547191,0.38871875,0.34099657,0.047722181,False
4,1,DGS10,settled_by_month_end,True,False,2,380,380,0,0.025887511,-0.12097997,0.17275499,0.34547191,0.26913233,0.25577345,0.013358879,False
4,1,DGS10,settled_by_month_end,True,True,1,380,380,0,0.026711339,-0.12348815,0.17691083,0.34855819,0.39383297,0.34099657,0.052836401,False
4,1,DGS10,settled_by_month_end,True,True,2,380,380,0,0.026711339,-0.12348815,0.17691083,0.34855819,0.25658602,0.25577345,0.00081256366,False
4,1,DGS30,auctioned_by_rebalance,False,False,1,332,380,48,0.010077247,-0.26819254,0.28834703,0.070978029,0.41405038,0.44699883,-0.032948445,False
4,1,DGS30,auctioned_by_rebalance,False,False,2,332,380,48,0.010077247,-0.26819254,0.28834703,0.070978029,0.30466237,0.30721223,-0.0025498603,False
4,1,DGS30,auctioned_by_rebalance,False,True,1,332,380,48,0.029908297,-0.23890912,0.29872572,0.21806319,0.4475591,0.44699883,0.00056026785,False
4,1,DGS30,auctioned_by_rebalance,False,True,2,332,380,48,0.029908297,-0.23890912,0.29872572,0.21806319,0.33026106,0.30721223,0.023048832,False
4,1,DGS30,auctioned_by_rebalance,True,False,1,332,380,48,0.030301488,-0.25288887,0.31349185,0.20971697,0.4118485,0.44699883,-0.035150328,False
4,1,DGS30,auctioned_by_rebalance,True,False,2,332,380,48,0.030301488,-0.25288887,0.31349185,0.20971697,0.28848082,0.30721223,-0.018731416,False
4,1,DGS30,auctioned_by_rebalance,True,True,1,332,380,48,0.044398458,-0.24056359,0.3293605,0.30537182,0.42969535,0.44699883,-0.017303478,False
4,1,DGS30,auctioned_by_rebalance,True,True,2,332,380,48,0.044398458,-0.24056359,0.3293605,0.30537182,0.31151777,0.30721223,0.0043055396,False
4,1,DGS30,settled_by_month_end,False,False,1,332,380,48,-0.12032258,-0.44073034,0.20008519,-0.73602435,0.35663176,0.44699883,-0.090367063,False
4,1,DGS30,settled_by_month_end,False,False,2,332,380,48,-0.12032258,-0.44073034,0.20008519,-0.73602435,0.2446244,0.30721223,-0.062587835,False
4,1,DGS30,settled_by_month_end,False,True,1,332,380,48,-0.11396638,-0.43403948,0.20610671,-0.69787187,0.39331221,0.44699883,-0.05368662,False
4,1,DGS30,settled_by_month_end,False,True,2,332,380,48,-0.11396638,-0.43403948,0.20610671,-0.69787187,0.2632445,0.30721223,-0.043967732,False
4,1,DGS30,settled_by_month_end,True,False,1,332,380,48,-0.071119699,-0.38524587,0.24300648,-0.44374541,0.353544,0.44699883,-0.093454824,False
4,1,DGS30,settled_by_month_end,True,False,2,332,380,48,-0.071119699,-0.38524587,0.24300648,-0.44374541,0.24561959,0.30721223,-0.06159264,False
4,1,DGS30,settled_by_month_end,True,True,1,332,380,48,-0.070853361,-0.3921293,0.25042258,-0.43224536,0.37107875,0.44699883,-0.075920077,False
4,1,DGS30,settled_by_month_end,True,True,2,332,380,48,-0.070853361,-0.3921293,0.25042258,-0.43224536,0.26070203,0.30721223,-0.046510199,False
4,1,DGS5,auctioned_by_rebalance,False,False,1,380,380,0,0.0089319278,-0.072016461,0.089880316,0.21626443,0.53734446,0.5234754,0.013869064,False
4,1,DGS5,auctioned_by_rebalance,False,False,2,380,380,0,0.0089319278,-0.072016461,0.089880316,0.21626443,0.40924333,0.44507843,-0.035835102,False
4,1,DGS5,auctioned_by_rebalance,False,True,1,380,380,0,0.013682892,-0.06347315,0.090838933,0.34758101,0.56453471,0.5234754,0.041059311,False
4,1,DGS5,auctioned_by_rebalance,False,True,2,380,380,0,0.013682892,-0.06347315,0.090838933,0.34758101,0.43762453,0.44507843,-0.0074539036,False
4,1,DGS5,auctioned_by_rebalance,True,False,1,380,380,0,0.021452763,-0.063433199,0.10633872,0.49533093,0.5465514,0.5234754,0.023076001,False
4,1,DGS5,auctioned_by_rebalance,True,False,2,380,380,0,0.021452763,-0.063433199,0.10633872,0.49533093,0.42112412,0.44507843,-0.023954309,False
4,1,DGS5,auctioned_by_rebalance,True,True,1,380,380,0,0.026215949,-0.059081414,0.11151331,0.60239044,0.57739249,0.5234754,0.053917098,False
4,1,DGS5,auctioned_by_rebalance,True,True,2,380,380,0,0.026215949,-0.059081414,0.11151331,0.60239044,0.45453865,0.44507843,0.0094602171,False
4,1,DGS5,settled_by_month_end,False,False,1,380,380,0,-0.019572991,-0.09737757,0.058231588,-0.49306041,0.46460825,0.5234754,-0.058867148,False
4,1,DGS5,settled_by_month_end,False,False,2,380,380,0,-0.019572991,-0.09737757,0.058231588,-0.49306041,0.32965439,0.44507843,-0.11542404,False
4,1,DGS5,settled_by_month_end,False,True,1,380,380,0,-0.018970845,-0.095932777,0.057991087,-0.48312421,0.49167657,0.5234754,-0.031798822,False
4,1,DGS5,settled_by_month_end,False,True,2,380,380,0,-0.018970845,-0.095932777,0.057991087,-0.48312421,0.35901993,0.44507843,-0.086058505,False
4,1,DGS5,settled_by_month_end,True,False,1,380,380,0,-0.0023667461,-0.084840968,0.080107476,-0.056244692,0.47109052,0.5234754,-0.05238487,False
4,1,DGS5,settled_by_month_end,True,False,2,380,380,0,-0.0023667461,-0.084840968,0.080107476,-0.056244692,0.34376901,0.44507843,-0.10130942,False
4,1,DGS5,settled_by_month_end,True,True,1,380,380,0,-0.0018047111,-0.085935309,0.082325886,-0.042043786,0.48792988,0.5234754,-0.035545516,False
4,1,DGS5,settled_by_month_end,True,True,2,380,380,0,-0.0018047111,-0.085935309,0.082325886,-0.042043786,0.36307254,0.44507843,-0.082005895,False
5,0,DGS10,auctioned_by_rebalance,False,False,1,381,381,0,0.034347863,-0.076768542,0.14546427,0.60585631,0.60414237,0.61885937,-0.014717007,False
5,0,DGS10,auctioned_by_rebalance,False,False,2,381,381,0,0.034347863,-0.076768542,0.14546427,0.60585631,0.54357297,0.49534234,0.048230628,False
5,0,DGS10,auctioned_by_rebalance,False,True,1,381,381,0,0.035553516,-0.078414016,0.14952105,0.61143388,0.6491657,0.61885937,0.030306327,False
5,0,DGS10,auctioned_by_rebalance,False,True,2,381,381,0,0.035553516,-0.078414016,0.14952105,0.61143388,0.5144557,0.49534234,0.019113361,False
5,0,DGS10,auctioned_by_rebalance,True,False,1,381,381,0,0.058163598,-0.057617077,0.17394427,0.98460782,0.64418296,0.61885937,0.025323583,False
5,0,DGS10,auctioned_by_rebalance,True,False,2,381,381,0,0.058163598,-0.057617077,0.17394427,0.98460782,0.55385357,0.49534234,0.058511233,False
5,0,DGS10,auctioned_by_rebalance,True,True,1,381,381,0,0.060848238,-0.060951,0.18264748,0.97915518,0.65499408,0.61885937,0.03613471,False
5,0,DGS10,auctioned_by_rebalance,True,True,2,381,381,0,0.060848238,-0.060951,0.18264748,0.97915518,0.57785936,0.49534234,0.082517022,False
5,0,DGS10,settled_by_month_end,False,False,1,381,381,0,0.0032195492,-0.10774702,0.11418612,0.056865779,0.64823296,0.61885937,0.029373584,False
5,0,DGS10,settled_by_month_end,False,False,2,381,381,0,0.0032195492,-0.10774702,0.11418612,0.056865779,0.51864159,0.49534234,0.023299245,False
5,0,DGS10,settled_by_month_end,False,True,1,381,381,0,-6.3590025e-05,-0.11369154,0.11356436,-0.0010968618,0.66462224,0.61885937,0.045762868,False
5,0,DGS10,settled_by_month_end,False,True,2,381,381,0,-6.3590025e-05,-0.11369154,0.11356436,-0.0010968618,0.53376347,0.49534234,0.038421132,False
5,0,DGS10,settled_by_month_end,True,False,1,381,381,0,0.032596943,-0.082936282,0.14813017,0.55299101,0.63707343,0.61885937,0.018214054,False
5,0,DGS10,settled_by_month_end,True,False,2,381,381,0,0.032596943,-0.082936282,0.14813017,0.55299101,0.54275694,0.49534234,0.047414597,False
5,0,DGS10,settled_by_month_end,True,True,1,381,381,0,0.030692887,-0.090316855,0.15170263,0.49712488,0.68637024,0.61885937,0.06751087,False
5,0,DGS10,settled_by_month_end,True,True,2,381,381,0,0.030692887,-0.090316855,0.15170263,0.49712488,0.52838848,0.49534234,0.033046139,False
5,0,DGS30,auctioned_by_rebalance,False,False,1,333,381,48,0.11793234,-0.10706671,0.3429314,1.0273072,0.71721193,0.73652457,-0.019312635,False
5,0,DGS30,auctioned_by_rebalance,False,False,2,333,381,48,0.11793234,-0.10706671,0.3429314,1.0273072,0.59104498,0.58893889,0.0021060902,False
5,0,DGS30,auctioned_by_rebalance,False,True,1,333,381,48,0.13224744,-0.097317705,0.36181259,1.1290922,0.74597468,0.73652457,0.0094501114,False
5,0,DGS30,auctioned_by_rebalance,False,True,2,333,381,48,0.13224744,-0.097317705,0.36181259,1.1290922,0.63485183,0.58893889,0.045912937,False
5,0,DGS30,auctioned_by_rebalance,True,False,1,333,381,48,0.13731918,-0.093409045,0.36804741,1.1664834,0.70924748,0.73652457,-0.027277087,False
5,0,DGS30,auctioned_by_rebalance,True,False,2,333,381,48,0.13731918,-0.093409045,0.36804741,1.1664834,0.59147822,0.58893889,0.0025393255,False
5,0,DGS30,auctioned_by_rebalance,True,True,1,333,381,48,0.14717671,-0.094215502,0.38856892,1.1949891,0.73200637,0.73652457,-0.004518194,False
5,0,DGS30,auctioned_by_rebalance,True,True,2,333,381,48,0.14717671,-0.094215502,0.38856892,1.1949891,0.61087309,0.58893889,0.021934205,False
5,0,DGS30,settled_by_month_end,False,False,1,333,381,48,0.071711699,-0.16785551,0.31127891,0.58669277,0.74294211,0.73652457,0.006417546,False
5,0,DGS30,settled_by_month_end,False,False,2,333,381,48,0.071711699,-0.16785551,0.31127891,0.58669277,0.61793787,0.58893889,0.028998985,False
5,0,DGS30,settled_by_month_end,False,True,1,333,381,48,0.076728119,-0.16683022,0.32028646,0.61744693,0.75524401,0.73652457,0.01871944,False
5,0,DGS30,settled_by_month_end,False,True,2,333,381,48,0.076728119,-0.16683022,0.32028646,0.61744693,0.65078194,0.58893889,0.061843055,False
5,0,DGS30,settled_by_month_end,True,False,1,333,381,48,0.10350191,-0.13601295,0.34301677,0.84696213,0.74315551,0.73652457,0.0066309443,False
5,0,DGS30,settled_by_month_end,True,False,2,333,381,48,0.10350191,-0.13601295,0.34301677,0.84696213,0.62101647,0.58893889,0.032077583,False
5,0,DGS30,settled_by_month_end,True,True,1,333,381,48,0.10543113,-0.14351473,0.354377,0.83006492,0.77058032,0.73652457,0.034055747,False
5,0,DGS30,settled_by_month_end,True,True,2,333,381,48,0.10543113,-0.14351473,0.354377,0.83006492,0.65243592,0.58893889,0.063497033,False
5,0,DGS5,auctioned_by_rebalance,False,False,1,381,381,0,-0.0025099221,-0.073287705,0.068267861,-0.069504252,0.65915024,0.74670841,-0.087558164,False
5,0,DGS5,auctioned_by_rebalance,False,False,2,381,381,0,-0.0025099221,-0.073287705,0.068267861,-0.069504252,0.57999316,0.56948116,0.010512006,False
5,0,DGS5,auctioned_by_rebalance,False,True,1,381,381,0,-0.00081125881,-0.073426131,0.071803613,-0.021896865,0.68233792,0.74670841,-0.064370486,False
5,0,DGS5,auctioned_by_rebalance,False,True,2,381,381,0,-0.00081125881,-0.073426131,0.071803613,-0.021896865,0.59966288,0.56948116,0.030181721,False
5,0,DGS5,auctioned_by_rebalance,True,False,1,381,381,0,0.012548514,-0.060461034,0.085558061,0.33686876,0.67498252,0.74670841,-0.071725889,False
5,0,DGS5,auctioned_by_rebalance,True,False,2,381,381,0,0.012548514,-0.060461034,0.085558061,0.33686876,0.59922261,0.56948116,0.029741453,False
5,0,DGS5,auctioned_by_rebalance,True,True,1,381,381,0,0.014664909,-0.062367102,0.09169692,0.37312661,0.70532142,0.74670841,-0.041386986,False
5,0,DGS5,auctioned_by_rebalance,True,True,2,381,381,0,0.014664909,-0.062367102,0.09169692,0.37312661,0.62416833,0.56948116,0.054687174,False
5,0,DGS5,settled_by_month_end,False,False,1,381,381,0,-0.031500682,-0.10080594,0.03780458,-0.89084436,0.65802108,0.74670841,-0.088687322,False
5,0,DGS5,settled_by_month_end,False,False,2,381,381,0,-0.031500682,-0.10080594,0.03780458,-0.89084436,0.51403286,0.56948116,-0.055448298,False
5,0,DGS5,settled_by_month_end,False,True,1,381,381,0,-0.033665343,-0.10415319,0.036822506,-0.93608844,0.68948846,0.74670841,-0.057219941,False
5,0,DGS5,settled_by_month_end,False,True,2,381,381,0,-0.033665343,-0.10415319,0.036822506,-0.93608844,0.53555313,0.56948116,-0.033928029,False
5,0,DGS5,settled_by_month_end,True,False,1,381,381,0,-0.011870063,-0.084352535,0.060612408,-0.32097273,0.66978535,0.74670841,-0.076923059,False
5,0,DGS5,settled_by_month_end,True,False,2,381,381,0,-0.011870063,-0.084352535,0.060612408,-0.32097273,0.53522603,0.56948116,-0.034255132,False
5,0,DGS5,settled_by_month_end,True,True,1,381,381,0,-0.013620454,-0.089316602,0.062075694,-0.35266786,0.70265544,0.74670841,-0.044052967,False
5,0,DGS5,settled_by_month_end,True,True,2,381,381,0,-0.013620454,-0.089316602,0.062075694,-0.35266786,0.57021492,0.56948116,0.00073375811,False
5,1,DGS10,auctioned_by_rebalance,False,False,1,380,380,0,0.078749923,-0.060608474,0.21810832,1.1075544,0.50932122,0.42289212,0.086429105,False
5,1,DGS10,auctioned_by_rebalance,False,False,2,380,380,0,0.078749923,-0.060608474,0.21810832,1.1075544,0.38509162,0.23849761,0.14659402,False
5,1,DGS10,auctioned_by_rebalance,False,True,1,380,380,0,0.077665609,-0.060628152,0.21595937,1.1007134,0.46284607,0.42289212,0.039953952,False
5,1,DGS10,auctioned_by_rebalance,False,True,2,380,380,0,0.077665609,-0.060628152,0.21595937,1.1007134,0.38268594,0.23849761,0.14418833,False
5,1,DGS10,auctioned_by_rebalance,True,False,1,380,380,0,0.10338243,-0.04081073,0.2475756,1.4052389,0.5383591,0.42289212,0.11546698,False
5,1,DGS10,auctioned_by_rebalance,True,False,2,380,380,0,0.10338243,-0.04081073,0.2475756,1.4052389,0.414518,0.23849761,0.17602039,False
5,1,DGS10,auctioned_by_rebalance,True,True,1,380,380,0,0.10671558,-0.0416897,0.25512085,1.409375,0.54871904,0.42289212,0.12582692,False
5,1,DGS10,auctioned_by_rebalance,True,True,2,380,380,0,0.10671558,-0.0416897,0.25512085,1.409375,0.42524034,0.23849761,0.18674273,False
5,1,DGS10,settled_by_month_end,False,False,1,380,380,0,0.024379586,-0.11734836,0.16610753,0.33714671,0.46189416,0.42289212,0.039002046,False
5,1,DGS10,settled_by_month_end,False,False,2,380,380,0,0.024379586,-0.11734836,0.16610753,0.33714671,0.28832502,0.23849761,0.049827418,False
5,1,DGS10,settled_by_month_end,False,True,1,380,380,0,0.01943817,-0.12246049,0.16133683,0.26848819,0.42273396,0.42289212,-0.00015816146,False
5,1,DGS10,settled_by_month_end,False,True,2,380,380,0,0.01943817,-0.12246049,0.16133683,0.26848819,0.31470576,0.23849761,0.076208153,False
5,1,DGS10,settled_by_month_end,True,False,1,380,380,0,0.060801334,-0.085471636,0.2070743,0.81469888,0.48530478,0.42289212,0.062412666,False
5,1,DGS10,settled_by_month_end,True,False,2,380,380,0,0.060801334,-0.085471636,0.2070743,0.81469888,0.36941666,0.23849761,0.13091906,False
5,1,DGS10,settled_by_month_end,True,True,1,380,380,0,0.058822124,-0.092059524,0.20970377,0.76410382,0.49753053,0.42289212,0.074638415,False
5,1,DGS10,settled_by_month_end,True,True,2,380,380,0,0.058822124,-0.092059524,0.20970377,0.76410382,0.38195334,0.23849761,0.14345573,False
5,1,DGS30,auctioned_by_rebalance,False,False,1,332,380,48,0.11889896,-0.15968208,0.39748001,0.83651666,0.56249925,0.44816604,0.11433321,False
5,1,DGS30,auctioned_by_rebalance,False,False,2,332,380,48,0.11889896,-0.15968208,0.39748001,0.83651666,0.45899332,0.31607393,0.14291939,False
5,1,DGS30,auctioned_by_rebalance,False,True,1,332,380,48,0.12907548,-0.14785961,0.40601058,0.91351116,0.59157374,0.44816604,0.1434077,False
5,1,DGS30,auctioned_by_rebalance,False,True,2,332,380,48,0.12907548,-0.14785961,0.40601058,0.91351116,0.46978271,0.31607393,0.15370878,False
5,1,DGS30,auctioned_by_rebalance,True,False,1,332,380,48,0.14159282,-0.14382535,0.42701099,0.97231659,0.56837171,0.44816604,0.12020567,False
5,1,DGS30,auctioned_by_rebalance,True,False,2,332,380,48,0.14159282,-0.14382535,0.42701099,0.97231659,0.46376797,0.31607393,0.14769404,False
5,1,DGS30,auctioned_by_rebalance,True,True,1,332,380,48,0.15091477,-0.14261595,0.44444549,1.0076884,0.59320239,0.44816604,0.14503635,False
5,1,DGS30,auctioned_by_rebalance,True,True,2,332,380,48,0.15091477,-0.14261595,0.44444549,1.0076884,0.47064606,0.31607393,0.15457214,False
5,1,DGS30,settled_by_month_end,False,False,1,332,380,48,0.0055105484,-0.30922167,0.32024276,0.034316399,0.53018783,0.44816604,0.082021792,False
5,1,DGS30,settled_by_month_end,False,False,2,332,380,48,0.0055105484,-0.30922167,0.32024276,0.034316399,0.41452436,0.31607393,0.098450439,False
5,1,DGS30,settled_by_month_end,False,True,1,332,380,48,0.0043316577,-0.31070212,0.31936543,0.026949152,0.55083394,0.44816604,0.10266789,False
5,1,DGS30,settled_by_month_end,False,True,2,332,380,48,0.0043316577,-0.31070212,0.31936543,0.026949152,0.44835979,0.31607393,0.13228587,False
5,1,DGS30,settled_by_month_end,True,False,1,332,380,48,0.054877044,-0.25606709,0.36582118,0.34590467,0.54736453,0.44816604,0.099198483,False
5,1,DGS30,settled_by_month_end,True,False,2,332,380,48,0.054877044,-0.25606709,0.36582118,0.34590467,0.43512438,0.31607393,0.11905045,False
5,1,DGS30,settled_by_month_end,True,True,1,332,380,48,0.051627748,-0.26839761,0.3716531,0.31618909,0.56530667,0.44816604,0.11714063,False
5,1,DGS30,settled_by_month_end,True,True,2,332,380,48,0.051627748,-0.26839761,0.3716531,0.31618909,0.45154906,0.31607393,0.13547514,False
5,1,DGS5,auctioned_by_rebalance,False,False,1,380,380,0,0.027348261,-0.056017303,0.11071382,0.6429706,0.58813921,0.56734985,0.020789366,False
5,1,DGS5,auctioned_by_rebalance,False,False,2,380,380,0,0.027348261,-0.056017303,0.11071382,0.6429706,0.46830332,0.43097767,0.037325655,False
5,1,DGS5,auctioned_by_rebalance,False,True,1,380,380,0,0.028045168,-0.055145124,0.11123546,0.66074439,0.61068313,0.56734985,0.04333328,False
5,1,DGS5,auctioned_by_rebalance,False,True,2,380,380,0,0.028045168,-0.055145124,0.11123546,0.66074439,0.49444696,0.43097767,0.06346929,False
5,1,DGS5,auctioned_by_rebalance,True,False,1,380,380,0,0.042481893,-0.043133413,0.1280972,0.97252447,0.61410862,0.56734985,0.046758769,False
5,1,DGS5,auctioned_by_rebalance,True,False,2,380,380,0,0.042481893,-0.043133413,0.1280972,0.97252447,0.49911842,0.43097767,0.068140756,False
5,1,DGS5,auctioned_by_rebalance,True,True,1,380,380,0,0.044967565,-0.04358442,0.13351955,0.9952889,0.63618402,0.56734985,0.068834176,False
5,1,DGS5,auctioned_by_rebalance,True,True,2,380,380,0,0.044967565,-0.04358442,0.13351955,0.9952889,0.5216638,0.43097767,0.090686135,False
5,1,DGS5,settled_by_month_end,False,False,1,380,380,0,-0.018428689,-0.098695375,0.061837997,-0.44999449,0.49138488,0.56734985,-0.075964972,False
5,1,DGS5,settled_by_month_end,False,False,2,380,380,0,-0.018428689,-0.098695375,0.061837997,-0.44999449,0.37205176,0.43097767,-0.058925905,False
5,1,DGS5,settled_by_month_end,False,True,1,380,380,0,-0.021538679,-0.10172758,0.058650218,-0.5264449,0.51395531,0.56734985,-0.053394534,False
5,1,DGS5,settled_by_month_end,False,True,2,380,380,0,-0.021538679,-0.10172758,0.058650218,-0.5264449,0.41607844,0.43097767,-0.014899229,False
5,1,DGS5,settled_by_month_end,True,False,1,380,380,0,0.0057817924,-0.077996936,0.089560521,0.13526232,0.54477185,0.56734985,-0.022578001,False
5,1,DGS5,settled_by_month_end,True,False,2,380,380,0,0.0057817924,-0.077996936,0.089560521,0.13526232,0.430141,0.43097767,-0.00083666542,False
5,1,DGS5,settled_by_month_end,True,True,1,380,380,0,0.0037060469,-0.082726668,0.090138762,0.084038994,0.56547983,0.56734985,-0.001870023,False
5,1,DGS5,settled_by_month_end,True,True,2,380,380,0,0.0037060469,-0.082726668,0.090138762,0.084038994,0.44346861,0.43097767,0.012490944,False
6,0,DGS10,auctioned_by_rebalance,False,False,1,381,381,0,0.04998605,-0.086439882,0.18641198,0.7181249,0.60192107,0.53463389,0.067287182,False
6,0,DGS10,auctioned_by_rebalance,False,False,2,381,381,0,0.04998605,-0.086439882,0.18641198,0.7181249,0.5077645,0.35975926,0.14800524,False
6,0,DGS10,auctioned_by_rebalance,False,True,1,381,381,0,0.044832378,-0.092408378,0.18207313,0.64026058,0.60401958,0.53463389,0.069385683,False
6,0,DGS10,auctioned_by_rebalance,False,True,2,381,381,0,0.044832378,-0.092408378,0.18207313,0.64026058,0.50329882,0.35975926,0.14353956,False
6,0,DGS10,auctioned_by_rebalance,True,False,1,381,381,0,0.071249301,-0.068034431,0.21053303,1.0026014,0.58451412,0.53463389,0.049880225,False
6,0,DGS10,auctioned_by_rebalance,True,False,2,381,381,0,0.071249301,-0.068034431,0.21053303,1.0026014,0.51682419,0.35975926,0.15706493,False
6,0,DGS10,auctioned_by_rebalance,True,True,1,381,381,0,0.068244784,-0.075869416,0.21235898,0.9281342,0.59251247,0.53463389,0.057878572,False
6,0,DGS10,auctioned_by_rebalance,True,True,2,381,381,0,0.068244784,-0.075869416,0.21235898,0.9281342,0.50194925,0.35975926,0.14218999,False
6,0,DGS10,settled_by_month_end,False,False,1,381,381,0,0.0206419,-0.11368238,0.15496618,0.30119186,0.5789911,0.53463389,0.04435721,False
6,0,DGS10,settled_by_month_end,False,False,2,381,381,0,0.0206419,-0.11368238,0.15496618,0.30119186,0.51157535,0.35975926,0.15181609,False
6,0,DGS10,settled_by_month_end,False,True,1,381,381,0,0.012668397,-0.12224919,0.14758599,0.18403532,0.58865911,0.53463389,0.054025217,False
6,0,DGS10,settled_by_month_end,False,True,2,381,381,0,0.012668397,-0.12224919,0.14758599,0.18403532,0.52105412,0.35975926,0.16129486,False
6,0,DGS10,settled_by_month_end,True,False,1,381,381,0,0.048964717,-0.089742482,0.18767191,0.69188249,0.58445967,0.53463389,0.049825778,False
6,0,DGS10,settled_by_month_end,True,False,2,381,381,0,0.048964717,-0.089742482,0.18767191,0.69188249,0.54404611,0.35975926,0.18428685,False
6,0,DGS10,settled_by_month_end,True,True,1,381,381,0,0.042880555,-0.10009299,0.18585409,0.58783145,0.6014593,0.53463389,0.066825406,False
6,0,DGS10,settled_by_month_end,True,True,2,381,381,0,0.042880555,-0.10009299,0.18585409,0.58783145,0.54115006,0.35975926,0.1813908,False
6,0,DGS30,auctioned_by_rebalance,False,False,1,333,381,48,0.1362859,-0.15904368,0.43161547,0.90446565,0.68075798,0.66541614,0.015341837,False
6,0,DGS30,auctioned_by_rebalance,False,False,2,333,381,48,0.1362859,-0.15904368,0.43161547,0.90446565,0.56870845,0.52987577,0.038832676,False
6,0,DGS30,auctioned_by_rebalance,False,True,1,333,381,48,0.13149606,-0.17211341,0.43510553,0.84887849,0.68444004,0.66541614,0.019023896,False
6,0,DGS30,auctioned_by_rebalance,False,True,2,333,381,48,0.13149606,-0.17211341,0.43510553,0.84887849,0.56702799,0.52987577,0.037152218,False
6,0,DGS30,auctioned_by_rebalance,True,False,1,333,381,48,0.16055218,-0.13413544,0.45523979,1.0678307,0.65494514,0.66541614,-0.010471003,False
6,0,DGS30,auctioned_by_rebalance,True,False,2,333,381,48,0.16055218,-0.13413544,0.45523979,1.0678307,0.56708468,0.52987577,0.037208905,False
6,0,DGS30,auctioned_by_rebalance,True,True,1,333,381,48,0.15250816,-0.1556568,0.46067313,0.96996914,0.66758975,0.66541614,0.002173609,False
6,0,DGS30,auctioned_by_rebalance,True,True,2,333,381,48,0.15250816,-0.1556568,0.46067313,0.96996914,0.57951179,0.52987577,0.049636016,False
6,0,DGS30,settled_by_month_end,False,False,1,333,381,48,0.098408545,-0.20018407,0.39700116,0.64595437,0.69705775,0.66541614,0.031641605,False
6,0,DGS30,settled_by_month_end,False,False,2,333,381,48,0.098408545,-0.20018407,0.39700116,0.64595437,0.58550872,0.52987577,0.055632949,False
6,0,DGS30,settled_by_month_end,False,True,1,333,381,48,0.087564529,-0.21636663,0.39149568,0.56467829,0.71118011,0.66541614,0.045763969,False
6,0,DGS30,settled_by_month_end,False,True,2,333,381,48,0.087564529,-0.21636663,0.39149568,0.56467829,0.59502991,0.52987577,0.06515414,False
6,0,DGS30,settled_by_month_end,True,False,1,333,381,48,0.13410138,-0.16339254,0.4315953,0.88349325,0.69082694,0.66541614,0.025410796,False
6,0,DGS30,settled_by_month_end,True,False,2,333,381,48,0.13410138,-0.16339254,0.4315953,0.88349325,0.59036951,0.52987577,0.060493739,False
6,0,DGS30,settled_by_month_end,True,True,1,333,381,48,0.12147877,-0.18642675,0.42938429,0.77326973,0.70959938,0.66541614,0.044183238,False
6,0,DGS30,settled_by_month_end,True,True,2,333,381,48,0.12147877,-0.18642675,0.42938429,0.77326973,0.61393013,0.52987577,0.084054359,False
6,0,DGS5,auctioned_by_rebalance,False,False,1,381,381,0,0.0015382755,-0.079644742,0.082721293,0.037137874,0.48992501,0.60480368,-0.11487868,False
6,0,DGS5,auctioned_by_rebalance,False,False,2,381,381,0,0.0015382755,-0.079644742,0.082721293,0.037137874,0.43771672,0.42774794,0.0099687854,False
6,0,DGS5,auctioned_by_rebalance,False,True,1,381,381,0,-0.0010494562,-0.082013156,0.079914243,-0.025405168,0.51101923,0.60480368,-0.093784456,False
6,0,DGS5,auctioned_by_rebalance,False,True,2,381,381,0,-0.0010494562,-0.082013156,0.079914243,-0.025405168,0.45404007,0.42774794,0.026292136,False
6,0,DGS5,auctioned_by_rebalance,True,False,1,381,381,0,0.015978185,-0.067827973,0.099784342,0.37367978,0.51813095,0.60480368,-0.08667273,False
6,0,DGS5,auctioned_by_rebalance,True,False,2,381,381,0,0.015978185,-0.067827973,0.099784342,0.37367978,0.48154228,0.42774794,0.053794342,False
6,0,DGS5,auctioned_by_rebalance,True,True,1,381,381,0,0.014594646,-0.072001662,0.10119095,0.33032564,0.5331033,0.60480368,-0.071700382,False
6,0,DGS5,auctioned_by_rebalance,True,True,2,381,381,0,0.014594646,-0.072001662,0.10119095,0.33032564,0.48838988,0.42774794,0.06064194,False
6,0,DGS5,settled_by_month_end,False,False,1,381,381,0,-0.02503406,-0.10618777,0.056119646,-0.60460401,0.49828462,0.60480368,-0.10651907,False
6,0,DGS5,settled_by_month_end,False,False,2,381,381,0,-0.02503406,-0.10618777,0.056119646,-0.60460401,0.37024306,0.42774794,-0.057504881,False
6,0,DGS5,settled_by_month_end,False,True,1,381,381,0,-0.029869662,-0.11027814,0.050538816,-0.72807573,0.51940692,0.60480368,-0.085396765,False
6,0,DGS5,settled_by_month_end,False,True,2,381,381,0,-0.029869662,-0.11027814,0.050538816,-0.72807573,0.40734863,0.42774794,-0.020399307,False
6,0,DGS5,settled_by_month_end,True,False,1,381,381,0,-0.0052161969,-0.089731865,0.079299471,-0.12096642,0.524898,0.60480368,-0.079905681,False
6,0,DGS5,settled_by_month_end,True,False,2,381,381,0,-0.0052161969,-0.089731865,0.079299471,-0.12096642,0.47396675,0.42774794,0.046218811,False
6,0,DGS5,settled_by_month_end,True,True,1,381,381,0,-0.0091590399,-0.095749407,0.077431327,-0.20731392,0.54104238,0.60480368,-0.063761299,False
6,0,DGS5,settled_by_month_end,True,True,2,381,381,0,-0.0091590399,-0.095749407,0.077431327,-0.20731392,0.49945518,0.42774794,0.071707241,False
6,1,DGS10,auctioned_by_rebalance,False,False,1,380,380,0,0.092586145,-0.075710394,0.26088268,1.0782486,0.44456445,0.38202224,0.062542201,False
6,1,DGS10,auctioned_by_rebalance,False,False,2,380,380,0,0.092586145,-0.075710394,0.26088268,1.0782486,0.39102907,0.25354271,0.13748636,False
6,1,DGS10,auctioned_by_rebalance,False,True,1,380,380,0,0.08478154,-0.082573361,0.25213644,0.99291245,0.4931443,0.38202224,0.11112205,False
6,1,DGS10,auctioned_by_rebalance,False,True,2,380,380,0,0.08478154,-0.082573361,0.25213644,0.99291245,0.33579251,0.25354271,0.0822498,False
6,1,DGS10,auctioned_by_rebalance,True,False,1,380,380,0,0.11502133,-0.055485582,0.28552823,1.3221614,0.5013178,0.38202224,0.11929556,False
6,1,DGS10,auctioned_by_rebalance,True,False,2,380,380,0,0.11502133,-0.055485582,0.28552823,1.3221614,0.42619612,0.25354271,0.17265341,False
6,1,DGS10,auctioned_by_rebalance,True,True,1,380,380,0,0.11225868,-0.062334461,0.28685183,1.260204,0.49131838,0.38202224,0.10929614,False
6,1,DGS10,auctioned_by_rebalance,True,True,2,380,380,0,0.11225868,-0.062334461,0.28685183,1.260204,0.42098062,0.25354271,0.16743791,False
6,1,DGS10,settled_by_month_end,False,False,1,380,380,0,0.043227843,-0.12309776,0.20955345,0.50939249,0.43859178,0.38202224,0.056569536,False
6,1,DGS10,settled_by_month_end,False,False,2,380,380,0,0.043227843,-0.12309776,0.20955345,0.50939249,0.3451441,0.25354271,0.091601389,False
6,1,DGS10,settled_by_month_end,False,True,1,380,380,0,0.032324136,-0.13345184,0.19810011,0.3821672,0.45894688,0.38202224,0.076924638,False
6,1,DGS10,settled_by_month_end,False,True,2,380,380,0,0.032324136,-0.13345184,0.19810011,0.3821672,0.22420131,0.25354271,-0.029341405,False
6,1,DGS10,settled_by_month_end,True,False,1,380,380,0,0.078245769,-0.092169276,0.24866081,0.89991402,0.42443554,0.38202224,0.042413298,False
6,1,DGS10,settled_by_month_end,True,False,2,380,380,0,0.078245769,-0.092169276,0.24866081,0.89991402,0.40923469,0.25354271,0.15569198,False
6,1,DGS10,settled_by_month_end,True,True,1,380,380,0,0.071212389,-0.10322287,0.24564765,0.80014623,0.46840425,0.38202224,0.086382011,False
6,1,DGS10,settled_by_month_end,True,True,2,380,380,0,0.071212389,-0.10322287,0.24564765,0.80014623,0.41122297,0.25354271,0.15768026,False
6,1,DGS30,auctioned_by_rebalance,False,False,1,332,380,48,0.14164841,-0.22803428,0.5113311,0.75098401,0.51583597,0.49056159,0.025274375,False
6,1,DGS30,auctioned_by_rebalance,False,False,2,332,380,48,0.14164841,-0.22803428,0.5113311,0.75098401,0.41434233,0.35580995,0.058532377,False
6,1,DGS30,auctioned_by_rebalance,False,True,1,332,380,48,0.12809538,-0.24697516,0.50316593,0.66937365,0.51991739,0.49056159,0.029355798,False
6,1,DGS30,auctioned_by_rebalance,False,True,2,332,380,48,0.12809538,-0.24697516,0.50316593,0.66937365,0.35930017,0.35580995,0.0034902139,False
6,1,DGS30,auctioned_by_rebalance,True,False,1,332,380,48,0.16780418,-0.19996519,0.53557355,0.89428368,0.51041416,0.49056159,0.019852562,False
6,1,DGS30,auctioned_by_rebalance,True,False,2,332,380,48,0.16780418,-0.19996519,0.53557355,0.89428368,0.4182859,0.35580995,0.062475952,False
6,1,DGS30,auctioned_by_rebalance,True,True,1,332,380,48,0.15549881,-0.22548575,0.53648337,0.79995912,0.51988857,0.49056159,0.029326981,False
6,1,DGS30,auctioned_by_rebalance,True,True,2,332,380,48,0.15549881,-0.22548575,0.53648337,0.79995912,0.42548389,0.35580995,0.069673936,False
6,1,DGS30,settled_by_month_end,False,False,1,332,380,48,0.043766341,-0.33878249,0.42631518,0.22423399,0.48639265,0.49056159,-0.0041689475,False
6,1,DGS30,settled_by_month_end,False,False,2,332,380,48,0.043766341,-0.33878249,0.42631518,0.22423399,0.33082412,0.35580995,-0.024985837,False
6,1,DGS30,settled_by_month_end,False,True,1,332,380,48,0.021700867,-0.36507235,0.40847409,0.10996862,0.44018849,0.49056159,-0.050373107,False
6,1,DGS30,settled_by_month_end,False,True,2,332,380,48,0.021700867,-0.36507235,0.40847409,0.10996862,0.34508457,0.35580995,-0.010725384,False
6,1,DGS30,settled_by_month_end,True,False,1,332,380,48,0.094405484,-0.28386979,0.47268075,0.48914471,0.50280242,0.49056159,0.012240829,False
6,1,DGS30,settled_by_month_end,True,False,2,332,380,48,0.094405484,-0.28386979,0.47268075,0.48914471,0.4052378,0.35580995,0.049427853,False
6,1,DGS30,settled_by_month_end,True,True,1,332,380,48,0.073077294,-0.3169309,0.46308549,0.36724578,0.50515918,0.49056159,0.014597592,False
6,1,DGS30,settled_by_month_end,True,True,2,332,380,48,0.073077294,-0.3169309,0.46308549,0.36724578,0.42148289,0.35580995,0.065672937,False
6,1,DGS5,auctioned_by_rebalance,False,False,1,380,380,0,0.031030928,-0.063898112,0.12595997,0.64068384,0.45040914,0.42894205,0.021467083,False
6,1,DGS5,auctioned_by_rebalance,False,False,2,380,380,0,0.031030928,-0.063898112,0.12595997,0.64068384,0.40128595,0.28501761,0.11626835,False
6,1,DGS5,auctioned_by_rebalance,False,True,1,380,380,0,0.02722452,-0.06683149,0.12128053,0.56731174,0.46600468,0.42894205,0.037062628,False
6,1,DGS5,auctioned_by_rebalance,False,True,2,380,380,0,0.02722452,-0.06683149,0.12128053,0.56731174,0.39580524,0.28501761,0.11078764,False
6,1,DGS5,auctioned_by_rebalance,True,False,1,380,380,0,0.04559443,-0.051405764,0.14259463,0.92127074,0.5031398,0.42894205,0.074197751,False
6,1,DGS5,auctioned_by_rebalance,True,False,2,380,380,0,0.04559443,-0.051405764,0.14259463,0.92127074,0.38466877,0.28501761,0.099651162,False
6,1,DGS5,auctioned_by_rebalance,True,True,1,380,380,0,0.04436259,-0.055089562,0.14381474,0.87428051,0.49217224,0.42894205,0.063230184,False
6,1,DGS5,auctioned_by_rebalance,True,True,2,380,380,0,0.04436259,-0.055089562,0.14381474,0.87428051,0.43946362,0.28501761,0.15444601,False
6,1,DGS5,settled_by_month_end,False,False,1,380,380,0,-0.011001838,-0.10479194,0.082788266,-0.22990918,0.39684706,0.42894205,-0.032094996,False
6,1,DGS5,settled_by_month_end,False,False,2,380,380,0,-0.011001838,-0.10479194,0.082788266,-0.22990918,0.34122772,0.28501761,0.056210112,False
6,1,DGS5,settled_by_month_end,False,True,1,380,380,0,-0.017517684,-0.1104133,0.075377933,-0.36959795,0.44233238,0.42894205,0.013390331,False
6,1,DGS5,settled_by_month_end,False,True,2,380,380,0,-0.017517684,-0.1104133,0.075377933,-0.36959795,0.32066938,0.28501761,0.035651769,False
6,1,DGS5,settled_by_month_end,True,False,1,380,380,0,0.013175787,-0.083827337,0.11017891,0.26621893,0.4338026,0.42894205,0.0048605498,False
6,1,DGS5,settled_by_month_end,True,False,2,380,380,0,0.013175787,-0.083827337,0.11017891,0.26621893,0.39812585,0.28501761,0.11310824,False
6,1,DGS5,settled_by_month_end,True,True,1,380,380,0,0.0084136475,-0.090779971,0.10760727,0.16624503,0.46400022,0.42894205,0.035058165,False
6,1,DGS5,settled_by_month_end,True,True,2,380,380,0,0.0084136475,-0.090779971,0.10760727,0.16624503,0.38950239,0.28501761,0.10448478,False
