month,entry,exit,hold_days,sigma_bp,w,fomc,fomc_mult,dd_mult,dv01,notional,capped,gross_pnl,cost,net_pnl,n_buckets,a_1-3y,a_3-7y,a_7-10y,a_10-20y,a_20y+
1993-01,1993-01-25,1993-01-29,4,4.9655309,1,0,1,1,10069.417,24430816,0,145508.86,5034.7084,140474.15,2,0.03363503,0.96636497,0,0,0
1993-02,1993-02-22,1993-02-26,4,4.4562848,1,0,1,1,11220.109,20280854,0,71725.372,5610.0543,66115.317,4,0.13719857,0.15293155,0.30552207,0,0.4043478
1993-03,1993-03-25,1993-03-31,4,5.8754493,1,0,1,1,8509.9875,22261916,0,-34412.043,4254.9938,-38667.036,4,0.11338147,0.87585926,0.0021818293,0,0.0085774449
1993-04,1993-04-26,1993-04-30,4,5.8959672,1,0,1,1,8480.3728,20240500,0,-37273.216,4240.1864,-41513.402,2,0.032644003,0.967356,0,0,0
1993-05,1993-05-24,1993-05-28,4,5.5175887,1,0,1,1,9061.9295,16293719,0,2178.9008,4530.9647,-2352.064,4,0.12506551,0.18391759,0.29247573,0,0.39854117
1993-06,1993-06-24,1993-06-30,4,4.5570768,1,0,1,1,10971.946,29344392,0,130501.41,5485.9729,125015.43,2,0.12801114,0.87198886,0,0,0
1993-07,1993-07-26,1993-07-30,4,4.3157837,1,0,1,1,11197.557,30000000,1,108016.69,5598.7784,102417.91,4,0.15297651,0.7941873,0.010462358,0,0.042373826
1993-08,1993-08-25,1993-08-31,4,3.8398741,1,0,1,1,13021.26,21056803,0,90735.998,6510.6302,84225.368,4,0.11001222,0.14822674,0.27088034,0,0.4708807
1993-09,1993-09-24,1993-09-30,4,4.5662419,1,0,1,1,10949.924,29205100,0,28025.802,5474.9618,22550.84,2,0.13228865,0.86771135,0,0,0
1993-10,1993-10-25,1993-10-29,4,5.0482418,1,0,1,1,9904.4383,27120777,0,-8859.8002,4952.2192,-13812.019,5,0.16897043,0.80390547,0.0047835137,0.0018643905,0.020476197
1993-11,1993-11-23,1993-11-30,4,5.7694892,1,0,1,1,8666.2785,20112320,0,-3838.2979,4333.1392,-8171.4371,5,0.19848976,0.26987197,0.4415608,0.0064751749,0.083602304
1993-12,1993-12-27,1993-12-31,4,5.1199179,1,0,1,1,9765.7816,26566094,0,-101822.01,4882.8908,-106704.9,2,0.1444943,0.8555057,0,0,0
1994-01,1994-01-25,1994-01-31,4,5.5280231,1,0,1,1,9044.8247,25203565,0,51062.866,4522.4123,46540.454,2,0.16723433,0.83276567,0,0,0
1994-02,1994-02-22,1994-02-28,4,5.3279722,1,0,1,1,9384.4333,15741078,0,-74883.638,4692.2166,-79575.855,4,0.11099958,0.15524622,0.28760134,0,0.44615285
1994-03,1994-03-25,1994-03-31,4,6.2065211,1,0,1,1,8056.0429,24651740,0,-104074.27,4028.0214,-108102.29,2,0.23899937,0.76100063,0,0,0
1994-04,1994-04-22,1994-04-29,4,8.4694699,1,0,1,1,5903.5572,17336555,0,-56838.068,2951.7786,-59789.847,2,0.1880064,0.8119936,0,0,0
1994-05,1994-05-24,1994-05-31,4,10.012013,1,0,1,1,4994.0009,11583955,0,-5754.3929,2497.0005,-8251.3934,5,0.17807732,0.2752513,0.42312345,0.0081118883,0.11543605
1994-06,1994-06-24,1994-06-30,4,9.8670684,1,0,1,1,5067.3612,15509811,0,-71629.021,2533.6806,-74162.701,2,0.22313082,0.77686918,0,0,0
1994-07,1994-07-25,1994-07-29,4,8.1409025,1,0,1,1,6141.8252,18152248,0,105778.09,3070.9126,102707.18,2,0.18619321,0.81380679,0,0,0
1994-08,1994-08-25,1994-08-31,4,6.7404463,1,0,1,1,7417.9065,13154476,0,75658.032,3708.9532,71949.078,4,0.11400701,0.15463755,0.28965147,0,0.44170396
1994-09,1994-09-26,1994-09-30,4,6.5933325,1,1,0.5,1,3791.7093,11759523,0,-24510.089,1895.8546,-26405.944,2,0.22810627,0.77189373,0,0,0
1994-10,1994-10-25,1994-10-31,4,6.1655824,1,0,1,1,8109.5339,23951743,0,53170.44,4054.767,49115.673,5,0.17873928,0.80706591,0.003004624,0.00063487724,0.010555307
1994-11,1994-11-23,1994-11-30,4,5.0135128,1,0,1,1,9973.0472,23765946,0,-116538.37,4986.5236,-121524.89,5,0.17980187,0.27854644,0.42089985,0.0047558388,0.115996
1994-12,1994-12-23,1994-12-30,4,5.4475154,1,0,1,1,9178.4964,28542978,0,43029.408,4589.2482,38440.159,2,0.21495313,0.78504687,0,0,0
1995-01,1995-01-25,1995-01-31,4,5.3960647,1,0,1,1,9266.012,20860818,0,199800.61,4633.006,195167.61,5,0.080073651,0.61513223,0.06383527,0.009305784,0.23165306
1995-02,1995-02-22,1995-02-28,4,5.9228562,1,0,1,1,8441.873,14166017,0,92732.671,4220.9365,88511.735,5,0.087270294,0.17286635,0.27256969,0.0055495814,0.46174408
1995-03,1995-03-27,1995-03-31,4,5.7197003,1,1,0.5,1,4370.8584,12137423,0,-76090.287,2185.4292,-78275.716,5,0.13880986,0.83251766,0.0059699567,0.0016417125,0.02106081
1995-04,1995-04-24,1995-04-28,4,5.4290233,1,0,1,1,9209.7597,20182298,0,-77888.849,4604.8799,-82493.729,5,0.081676193,0.60741405,0.064552975,0.017781611,0.22857517
1995-05,1995-05-24,1995-05-31,4,5.1784811,1,0,1,1,9655.3408,19956616,0,121342.86,4827.6704,116515.19,5,0.137028,0.26946514,0.3871214,0.012853964,0.1935315
1995-06,1995-06-26,1995-06-30,4,6.3437322,1,0,1,1,7881.7956,20955971,0,-62115.035,3940.8978,-66055.933,5,0.13339364,0.80915349,0.011745892,0.0028157971,0.042891183
1995-07,1995-07-25,1995-07-31,4,7.8480628,1,0,1,1,6370.9989,13377428,0,11572.147,3185.4995,8386.6475,5,0.075415659,0.58826802,0.069887522,0.016620527,0.24980827
1995-08,1995-08-25,1995-08-31,4,7.2758404,1,0,1,1,6872.0584,11789687,0,53460.877,3436.0292,50024.848,4,0.11793694,0.13828874,0.30041198,0,0.44336234
1995-09,1995-09-25,1995-09-29,4,6.258892,1,1,0.5,1,3994.3172,10582117,0,28841.658,1997.1586,26844.499,5,0.12956546,0.80710972,0.01308537,0.0031418964,0.047097547
1995-10,1995-10-25,1995-10-31,4,4.833119,1,0,1,1,10345.286,21172531,0,-9915.0059,5172.6431,-15087.649,5,0.07413891,0.57586851,0.070286149,0.017340145,0.26236629
1995-11,1995-11-24,1995-11-30,4,4.3119529,1,0,1,1,11595.674,23219974,0,170096.21,5797.837,164298.38,5,0.13145359,0.26093401,0.40055637,0.016662882,0.19039314
1995-12,1995-12-22,1995-12-29,4,4.0414169,1,0,1,1,11098.354,30000000,1,132652,5549.177,127102.82,5,0.13820909,0.84185265,0.0040937952,0.0012676173,0.014576849
1996-01,1996-01-25,1996-01-31,4,4.3408453,1,1,0.5,1,5759.2469,11806293,0,79369.303,2879.6235,76489.679,5,0.075618126,0.58747508,0.069333704,0.021446744,0.24612635
1996-02,1996-02-23,1996-02-29,4,5.7060529,1,0,1,1,8762.6247,14887359,0,-120438.68,4381.3124,-124819.99,4,0.1182063,0.14287911,0.30721219,0,0.4317024
1996-03,1996-03-25,1996-03-29,4,7.509147,1,1,0.5,1,3329.273,4183946.2,0,-29390.044,1664.6365,-31054.68,4,0,0.24593112,0.15674772,0.053586675,0.54373449
1996-04,1996-04-24,1996-04-30,4,8.3505641,1,0,1,1,5987.6194,17670498,0,-34905.184,2993.8097,-37898.994,2,0.19459235,0.80540765,0,0,0
1996-05,1996-05-24,1996-05-31,4,8.1890619,1,0,1,1,6105.7055,13789475,0,-122628.16,3052.8527,-125681.01,5,0.16980564,0.26538589,0.44910801,0.015273473,0.10042699
1996-06,1996-06-24,1996-06-28,4,6.6823615,1,0,1,1,7482.3848,20427913,0,186040.05,3741.1924,182298.85,5,0.12547595,0.84949591,0.0055434318,0.0025892504,0.016895463
1996-07,1996-07-25,1996-07-31,4,6.8283225,1,0,1,1,7322.4426,13286982,0,57746.116,3661.2213,54084.895,5,0.0022036932,0.4187966,0.56925046,0.0012961426,0.0084531018
1996-08,1996-08-26,1996-08-30,4,6.8709657,1,0,1,1,7276.9975,13187159,0,-104054.98,3638.4987,-107693.48,5,0.12256248,0.19249816,0.2412164,0.0084877434,0.43523522
1996-09,1996-09-24,1996-09-30,4,6.9061505,1,0,1,1,7239.9233,19180749,0,47742.79,3619.9616,44122.828,5,0.11393953,0.83721333,0.010409777,0.0049634548,0.033473904
1996-10,1996-10-25,1996-10-31,4,5.6732099,1,0,1,1,8813.3527,15509947,0,149936.61,4406.6764,145529.93,4,0,0.41160658,0.54907763,0.0050641222,0.034251667
1996-11,1996-11-22,1996-11-29,4,5.1132651,1,0,1,1,9778.4877,16614790,0,89610.782,4889.2438,84721.538,5,0.10900602,0.18576517,0.24232182,0.0097746303,0.45313236
1996-12,1996-12-24,1996-12-31,4,5.3109789,1,0,1,1,9414.4602,23424002,0,-63753.945,4707.2301,-68461.175,5,0.099826207,0.78498894,0.024375092,0.015127127,0.075682632
1997-01,1997-01-27,1997-01-31,4,5.7110261,1,0,1,1,8754.9941,17233760,0,138709.07,4377.4971,134331.57,5,0.047810964,0.5697676,0.082595381,0.050418299,0.24940775
1997-02,1997-02-24,1997-02-28,4,5.4394198,1,0,1,1,9192.1568,15461557,0,-148431.06,4596.0784,-153027.14,5,0.098993129,0.1829822,0.2711546,0.012270127,0.43459995
1997-03,1997-03-24,1997-03-31,4,5.0276074,1,1,0.5,1,4972.5442,12062368,0,-88288.087,2486.2721,-90774.359,5,0.08234683,0.77697178,0.029880369,0.018120899,0.092680123
1997-04,1997-04-24,1997-04-30,4,4.594273,1,0,1,1,10883.115,21316122,0,257317.43,5441.5573,251875.88,5,0.04175896,0.56740067,0.08348356,0.050510107,0.2568467
1997-05,1997-05-23,1997-05-30,4,4.3828118,1,0,1,1,11408.201,24264148,0,84125.179,5704.1007,78421.078,5,0.14229737,0.27739097,0.38711753,0.040240853,0.15295327
1997-06,1997-06-24,1997-06-30,4,4.430888,1,0,1,1,11284.42,24241564,0,-96053.055,5642.2099,-101695.26,5,0.055608105,0.67865418,0.054456517,0.043715698,0.1675655
1997-07,1997-07-25,1997-07-31,4,4.2922542,1,0,1,1,11648.891,20498513,0,198104.52,5824.4453,192280.08,5,0.025272188,0.5148678,0.091947052,0.075592975,0.29231998
1997-08,1997-08-25,1997-08-29,4,5.3681157,1,0,1,1,9314.2552,14743202,0,48906.867,4657.1276,44249.739,5,0.076519777,0.18481483,0.26578037,0.032254636,0.44063039
1997-09,1997-09-24,1997-09-30,4,5.6123351,1,1,0.5,1,4454.4739,9500624.1,0,-18118.29,2227.2369,-20345.527,5,0.05701029,0.67992421,0.050279194,0.049534781,0.16325153
1997-10,1997-10-27,1997-10-31,4,5.9171302,1,0,1,1,8450.0423,14342260,0,65217.815,4225.0211,60992.794,5,0.020874374,0.49799715,0.091015892,0.090658854,0.29945373
1997-11,1997-11-21,1997-11-28,4,5.1693086,1,0,1,1,9672.4734,13981813,0,-22506.324,4836.2367,-27342.56,5,0.060084119,0.17700507,0.25149487,0.029982487,0.48143345
1997-12,1997-12-24,1997-12-31,4,4.6273566,1,0,1,1,10805.305,21878341,0,4515.225,5402.6525,-887.42754,5,0.049150092,0.64506028,0.052814755,0.056623443,0.19635143
1998-01,1998-01-26,1998-01-30,4,4.9965808,1,0,1,1,10006.843,16356040,0,92879.389,5003.4216,87875.968,5,0.014683281,0.49175289,0.085191706,0.091569602,0.31680252
1998-02,1998-02-23,1998-02-27,4,5.2123278,1,0,1,1,9592.643,13523467,0,-28883.459,4796.3215,-33679.781,5,0.055286154,0.17314461,0.25856623,0.034458111,0.4785449
1998-03,1998-03-25,1998-03-31,4,5.4253017,1,1,0.5,1,4608.0387,9050013.1,0,-6681.8745,2304.0193,-8985.8938,5,0.038728106,0.63886317,0.054799869,0.058656693,0.20895216
1998-04,1998-04-24,1998-04-30,4,4.6230508,1,0,1,1,10815.369,16889382,0,197.97246,5407.6844,-5209.712,4,0,0.48353576,0.08739973,0.093959433,0.33510508
1998-05,1998-05-22,1998-05-29,4,4.7155231,1,0,1,1,10603.277,17272805,0,94322.767,5301.6387,89021.129,5,0.055721851,0.26534664,0.3575494,0.076624801,0.24475731
1998-06,1998-06-24,1998-06-30,4,4.7231549,1,0,1,1,10586.144,19596703,0,21228.063,5293.0722,15934.991,5,0.014803606,0.64412173,0.055193977,0.06755488,0.2183258
1998-07,1998-07-27,1998-07-31,4,3.8541195,1,0,1,1,12973.132,18492185,0,-24096.558,6486.5658,-30583.124,5,0.066482213,0.19938006,0.11886883,0.14552826,0.46974064
1998-08,1998-08-25,1998-08-31,4,3.1319386,1,0,1,1,15964.553,19042970,0,277076.67,7982.2765,269094.39,4,0,0.22615174,0.2272286,0.048996293,0.49762337
1998-09,1998-09-24,1998-09-30,4,4.5633024,1,1,0.5,1,5478.4886,8825736.6,0,96331.235,2739.2443,93591.991,5,0.12491785,0.18299754,0.10305071,0.13449308,0.45454083
1998-10,1998-10-26,1998-10-30,4,7.6423589,1,0,1,1,6542.4826,9066514.7,0,15996.129,3271.2413,12724.888,5,0.073059199,0.19018585,0.10902518,0.14272534,0.48500443
1998-11,1998-11-23,1998-11-30,4,8.2874045,1,0,1,1,6033.252,7066719.4,0,82489.817,3016.626,79473.191,4,0,0.21753539,0.24850512,0.045562033,0.48839747
1998-12,1998-12-24,1998-12-31,4,7.8563911,1,0,1,1,6364.2453,10410940,0,109566.18,3182.1226,106384.06,5,0.13098822,0.17294348,0.10152051,0.14427822,0.45026957
1999-01,1999-01-25,1999-01-29,4,5.9166527,1,0,1,1,8450.7241,11156684,0,21144.283,4225.3621,16918.921,5,0.06107066,0.18006372,0.10908008,0.15747758,0.49230796
1999-02,1999-02-22,1999-02-26,4,5.5243426,1,0,1,1,9050.8506,10540373,0,-204315.66,4525.4253,-208841.08,4,0,0.21866306,0.20913369,0.066881319,0.50532193
1999-03,1999-03-25,1999-03-31,4,5.7445381,1,1,0.5,1,4351.96,7450132.3,0,-8979.92,2175.98,-11155.9,5,0.14220082,0.17324843,0.095851337,0.16590621,0.42279321
1999-04,1999-04-26,1999-04-30,4,5.4414968,1,0,1,1,9188.6483,12758865,0,-92779.698,4594.3242,-97374.022,5,0.067572134,0.18270002,0.10401435,0.18172684,0.46398666
1999-05,1999-05-24,1999-05-28,4,6.1426314,1,0,1,1,8139.834,11614096,0,-100082.94,4069.917,-104152.86,4,0,0.30810546,0.34672162,0.097512241,0.24766068
1999-06,1999-06-24,1999-06-30,4,6.3017126,1,1,0.5,1,3967.1755,7534376.4,0,88094.614,1983.5878,86111.027,5,0.17406375,0.17057117,0.09403728,0.15984389,0.40148391
1999-07,1999-07-26,1999-07-30,4,6.6445466,1,0,1,1,7524.9679,12793211,0,-46778.463,3762.4839,-50540.947,5,0.12903639,0.18469398,0.087084459,0.17021272,0.42897245
1999-08,1999-08-25,1999-08-31,4,6.119779,1,0,1,1,8170.2297,9933911.2,0,-179128.59,4085.1148,-183213.71,4,0,0.21148845,0.24683954,0.063651019,0.47802099
1999-09,1999-09-24,1999-09-30,4,6.1277363,1,0,1,1,8159.62,13796978,0,-89129.668,4079.81,-93209.478,5,0.13102162,0.17128685,0.093867329,0.19164483,0.41217937
1999-10,1999-10-25,1999-10-29,4,6.2182527,1,0,1,1,8040.844,13752870,0,163329.58,4020.422,159309.16,5,0.12505198,0.18530231,0.084601823,0.19404795,0.41099593
1999-11,1999-11-23,1999-11-30,4,5.4187371,1,0,1,1,9227.2422,13460146,0,-85159.474,4613.6211,-89773.095,4,0,0.32355721,0.29544817,0.12165452,0.2593401
1999-12,1999-12-27,1999-12-31,4,4.7011238,1,0,1,1,10635.755,18391248,0,-29030.193,5317.8774,-34348.07,5,0.12843742,0.17958896,0.090684164,0.19302573,0.40826373
2000-01,2000-01-25,2000-01-31,4,5.5069294,1,0,1,1,9079.47,15018369,0,49346.2,4539.735,44806.465,5,0.10880812,0.1800928,0.09256307,0.19906541,0.4194706
2000-02,2000-02-23,2000-02-29,4,6.1131284,1,0,1,1,8179.1182,9718412.3,0,7242.1632,4089.5591,3152.6041,4,0,0.18469729,0.21142237,0.090752288,0.51312806
2000-03,2000-03-27,2000-03-31,4,6.1276441,1,0,1,1,8159.7428,11551892,0,132493.93,4079.8714,128414.06,5,0.067737913,0.16927782,0.092086411,0.22015942,0.45073844
2000-04,2000-04-24,2000-04-28,4,5.974995,1,0,1,1,8368.2079,11505552,0,-140854.78,4184.1039,-145038.88,5,0.063215127,0.16449316,0.092242651,0.22263196,0.4574171
2000-05,2000-05-24,2000-05-31,4,5.9502647,1,0,1,1,8402.9876,11636186,0,150562.98,4201.4938,146361.49,4,0,0.28113336,0.24360909,0.16673232,0.30852524
2000-06,2000-06-26,2000-06-30,4,6.1712611,1,1,0.5,1,4051.0359,5079143.4,0,37385.156,2025.5179,35359.638,5,0.031268901,0.17364197,0.094394584,0.24527237,0.45542218
2000-07,2000-07-25,2000-07-31,4,5.3567371,1,0,1,1,9334.0402,11407686,0,13884.851,4667.0201,9217.8308,5,0.029658536,0.1664889,0.093151509,0.24676439,0.46393667
2000-08,2000-08-25,2000-08-31,4,4.5839317,1,0,1,1,10907.667,13102527,0,3892.9886,5453.8335,-1560.8449,4,0,0.1954643,0.25476884,0.12927505,0.4204918
2000-09,2000-09-25,2000-09-29,4,4.4962005,1,0,1,1,11120.5,13689200,0,44131.014,5560.2502,38570.764,5,0.030250103,0.1695163,0.087108527,0.27916271,0.43396236
2000-10,2000-10-25,2000-10-31,4,3.6983352,1,0,1,1,13519.596,16181957,0,-78106.528,6759.7982,-84866.326,5,0.026800214,0.16600671,0.086427563,0.28101801,0.4397475
2000-11,2000-11-24,2000-11-30,4,3.5694878,1,0,1,1,14007.612,18170366,0,177244.99,7003.806,170241.19,4,0,0.26000954,0.23428642,0.19646082,0.30924323
2000-12,2000-12-22,2000-12-29,4,4.0392146,1,0,1,1,12378.644,13779209,0,-81356.835,6189.3221,-87546.157,5,0.018015215,0.15751726,0.091825847,0.28448495,0.44815673
2001-01,2001-01-25,2001-01-31,4,6.4917157,1,1,0.5,1,3851.062,4419949.5,0,31573.583,1925.531,29648.052,5,0.022168692,0.15938758,0.092174463,0.28308446,0.44318481
2001-02,2001-02-22,2001-02-28,4,6.9154703,1,0,1,1,7230.1663,8193217.7,0,150316.8,3615.0832,146701.72,4,0,0.16960742,0.2820888,0.035377569,0.51292621
2001-03,2001-03-26,2001-03-30,4,6.9433543,1,0,1,1,7201.1304,8763026.4,0,-58951.201,3600.5652,-62551.767,5,0.044833755,0.15050725,0.088675685,0.28811751,0.4278658
2001-04,2001-04-24,2001-04-30,4,6.361497,1,0,1,1,7859.7852,9300990.2,0,-54750.981,3929.8926,-58680.873,5,0.029173066,0.15774339,0.092218072,0.29325508,0.42761039
2001-05,2001-05-24,2001-05-31,4,6.7186182,1,0,1,1,7442.0065,10595150,0,75545.809,3721.0032,71824.806,4,0,0.31633288,0.31195825,0.1600564,0.21165248
2001-06,2001-06-25,2001-06-29,4,6.4940433,1,1,0.5,1,3849.6817,5201637.8,0,-79595.124,1924.8409,-81519.965,5,0.070519584,0.15564393,0.079266233,0.29720138,0.39736888
2001-07,2001-07-25,2001-07-31,4,5.3798904,1,0,1,1,9293.8697,13290210,0,101894.92,4646.9348,97247.984,5,0.090096161,0.15011116,0.077198859,0.29149606,0.39109775
2001-08,2001-08-27,2001-08-31,4,5.2340692,1,0,1,1,9552.7969,11260111,0,88488.027,4776.3985,83711.628,4,0,0.19543895,0.27768506,0.14686822,0.38000777
2001-09,2001-09-24,2001-09-28,4,6.5389749,1,0,1,1,7646.4585,16316831,0,99582.419,3823.2293,95759.19,5,0.26467849,0.11532039,0.069334628,0.24860474,0.30206176
2001-10,2001-10-25,2001-10-31,4,6.4070053,1,0,1,1,7803.9579,17120267,0,194770.67,3901.979,190868.69,2,0.23979437,0,0.76020563,0,0
2001-11,2001-11-26,2001-11-30,4,7.8256965,1,0,1,1,6389.2077,14236886,0,204701.8,3194.6038,201507.2,3,0.1179161,0.49811391,0.38396999,0,0
2001-12,2001-12-24,2001-12-31,4,8.5264626,1,0,1,1,5766.0627,30000000,1,94882.443,2883.0314,91999.411,1,1,0,0,0,0
2002-01,2002-01-25,2002-01-31,4,8.9040554,1,1,0.5,1,2807.7094,14599198,0,6264.6148,1403.8547,4860.7601,1,1,0,0,0,0
2002-02,2002-02-22,2002-02-28,4,7.3227453,1,0,1,1,6828.0403,11646023,0,-25621.032,3414.0201,-29035.052,4,0.04383898,0.33954443,0.4630325,0.15358408,0
2002-03,2002-03-22,2002-03-28,4,6.0713972,1,0,1,1,5727.5684,30000000,1,38104.903,2863.7842,35241.119,1,1,0,0,0,0
2002-04,2002-04-24,2002-04-30,4,5.302595,1,0,1,1,5761.8432,30000000,1,30490.486,2880.9216,27609.565,1,1,0,0,0,0
2002-05,2002-05-24,2002-05-31,4,5.6040744,1,0,1,1,8922.08,19254915,0,87591.028,4461.04,83129.988,3,0.10457096,0.47451627,0.42091276,0,0
2002-06,2002-06-24,2002-06-28,4,5.246037,1,1,0.5,1,4765.5021,5913949.3,0,-6759.3919,2382.751,-9142.1429,3,0,0.24049987,0.15450731,0.60499283,0
2002-07,2002-07-25,2002-07-31,4,6.19422,1,0,1,1,5832.8224,30000000,1,32778.258,2916.4112,29861.847,1,1,0,0,0,0
2002-08,2002-08-26,2002-08-30,4,7.7258646,1,0,1,1,6471.7676,10369287,0,50400.942,3235.8838,47165.058,4,0.01326993,0.37512285,0.51477676,0.096830463,0
2002-09,2002-09-24,2002-09-30,4,7.6992185,1,0,1,1,5857.9972,30000000,1,124338.82,2928.9986,121409.82,1,1,0,0,0,0
2002-10,2002-10-25,2002-10-31,4,8.2841316,1,0,1,1,5854.3902,30000000,1,177252.41,2927.1951,174325.21,1,1,0,0,0,0
2002-11,2002-11-22,2002-11-29,4,7.9606376,1,0,1,1,6280.9039,9420466.1,0,-17416.596,3140.452,-20557.048,3,0,0.35759757,0.47084997,0.17155245,0
2002-12,2002-12-24,2002-12-31,4,7.7696171,1,0,1,1,5872.4612,30000000,1,73256.18,2936.2306,70319.949,1,1,0,0,0,0
2003-01,2003-01-27,2003-01-31,4,7.5538743,1,1,0.5,1,3309.56,16900929,0,-5564.9562,1654.78,-7219.7361,1,1,0,0,0,0
2003-02,2003-02-24,2003-02-28,4,6.387134,1,0,1,1,7828.2373,12798668,0,113296.67,3914.1186,109382.55,4,0.014129225,0.40801244,0.53162307,0.046235264,0
2003-03,2003-03-25,2003-03-31,4,6.4267054,1,0,1,1,5875.3608,30000000,1,107999.42,2937.6804,105061.74,1,1,0,0,0,0
2003-04,2003-04-24,2003-04-30,4,5.2006084,1,0,1,1,5931.3124,30000000,1,67215.996,2965.6562,64250.34,4,0.98889601,0.0024883993,0.001699033,0.0069165568,0
2003-05,2003-05-23,2003-05-30,4,5.6173661,1,0,1,1,8900.9687,14199130,0,-9003.212,4450.4843,-13453.696,4,0.048732021,0.30230247,0.49878512,0.15018039,0
2003-06,2003-06-24,2003-06-30,4,5.5553456,1,1,0.5,1,4500.1701,12248557,0,-103215.8,2250.085,-105465.88,2,0.20293961,0.79706039,0,0,0
2003-07,2003-07-25,2003-07-31,4,7.0137879,1,0,1,1,7128.8155,26317514,0,-193465.03,3564.4078,-197029.43,4,0.64199504,0.076913121,0.061678028,0.21941381,0
2003-08,2003-08-25,2003-08-29,4,8.0458432,1,0,1,1,6214.389,14441046,0,48444.028,3107.1945,45336.834,3,0.20733976,0.28208972,0.51057051,0,0
2003-09,2003-09-24,2003-09-30,4,8.3983453,1,0,1,1,5953.5537,10450357,0,126750.77,2976.7769,123774,3,0.050214494,0.34922231,0.6005632,0,0
2003-10,2003-10-27,2003-10-31,4,8.2732296,1,1,0.5,1,3021.7945,8425719.9,0,-13938.95,1510.8973,-15449.847,2,0.2070636,0.7929364,0,0,0
2003-11,2003-11-21,2003-11-28,4,7.3555967,1,0,1,1,6797.5451,10845594,0,-125553.15,3398.7725,-128951.92,4,0.049592055,0.27924308,0.45573202,0.21543284,0
2003-12,2003-12-24,2003-12-31,4,6.6736686,1,0,1,1,7492.131,13905621,0,-37084.983,3746.0655,-40831.048,3,0.067981366,0.3780052,0.55401343,0,0
2004-01,2004-01-26,2004-01-30,4,6.3875541,1,1,0.5,1,3913.8612,10933492,0,-17560.664,1956.9306,-19517.594,2,0.21044213,0.78955787,0,0,0
2004-02,2004-02-23,2004-02-27,4,6.031813,1,0,1,1,8289.3816,21069671,0,38799.361,4144.6908,34654.67,3,0.28410456,0.22593869,0.48995675,0,0
2004-03,2004-03-25,2004-03-31,4,5.891294,1,0,1,1,8487.0998,15657262,0,-83341.053,4243.5499,-87584.603,3,0.073971338,0.369995,0.55603366,0,0
2004-04,2004-04-26,2004-04-30,4,6.0768153,1,0,1,1,8227.9941,23305643,0,-38547.81,4113.997,-42661.807,2,0.21447224,0.78552776,0,0,0
2004-05,2004-05-24,2004-05-28,4,6.3526097,1,0,1,1,7870.7811,18803595,0,68971.707,3935.3905,65036.316,4,0.22153409,0.27887338,0.48266121,0.016931314,0
2004-06,2004-06-24,2004-06-30,4,6.2581924,1,1,0.5,1,3994.7637,7791543.4,0,19495.54,1997.3819,17498.158,3,0.07639936,0.40747269,0.51612795,0,0
2004-07,2004-07-26,2004-07-30,4,5.7812281,1,0,1,1,8648.6813,24049019,0,31033.767,4324.3407,26709.426,2,0.19236423,0.80763577,0,0,0
2004-08,2004-08-25,2004-08-31,4,5.8843852,1,0,1,1,8497.0645,21785126,0,109150.44,4248.5322,104901.91,3,0.27507391,0.25840492,0.46652116,0,0
2004-09,2004-09-24,2004-09-30,4,5.4195711,1,0,1,1,9225.8222,15565619,0,-64992.605,4612.9111,-69605.516,3,0,0.48283234,0.51064547,0.0065221903,0
2004-10,2004-10-25,2004-10-29,4,5.0873444,1,0,1,1,9828.3103,26924014,0,-40019.849,4914.1552,-44934.004,2,0.18690764,0.81309236,0,0,0
2004-11,2004-11-23,2004-11-30,4,4.890207,1,0,1,1,10224.516,23136832,0,-132735.44,5112.2581,-137847.7,4,0.19824112,0.2756669,0.47700586,0.049086113,0
2004-12,2004-12-27,2004-12-31,4,4.8884737,1,0,1,1,10228.141,19259366,0,42844.969,5114.0707,37730.899,3,0.055343732,0.43855061,0.50610566,0,0
2005-01,2005-01-25,2005-01-31,4,4.5327122,1,0,1,1,10626.816,30000000,1,-7448.6828,5313.4079,-12762.091,2,0.20488025,0.79511975,0,0,0
2005-02,2005-02-22,2005-02-28,4,4.4205478,1,0,1,1,11310.815,29095481,0,-106618.84,5655.4077,-112274.25,3,0.27102724,0.25934052,0.46963224,0,0
2005-03,2005-03-24,2005-03-31,4,4.4359535,1,0,1,1,11271.534,19176359,0,129106.49,5635.7669,123470.72,3,0,0.46956338,0.48704199,0.043394636,0
2005-04,2005-04-25,2005-04-29,4,5.0128366,1,0,1,1,9974.3925,28234099,0,30792.534,4987.1962,25805.338,2,0.20210161,0.79789839,0,0,0
2005-05,2005-05-24,2005-05-31,4,4.9150984,1,0,1,1,10172.736,19987312,0,32856.624,5086.3682,27770.256,4,0.13188357,0.28888066,0.42060908,0.1586267,0
2005-06,2005-06-24,2005-06-30,4,4.5547517,1,1,0.5,1,5488.7735,9120775,0,-12022.744,2744.3867,-14767.131,3,0,0.46116953,0.51047625,0.02835422,0
2005-07,2005-07-25,2005-07-29,4,4.7797832,1,0,1,1,10460.725,21099082,0,-52754.041,5230.3627,-57984.403,4,0.047770669,0.67828501,0.092959081,0.18098524,0
2005-08,2005-08-25,2005-08-31,4,4.9248304,1,0,1,1,10152.634,23047582,0,173541.4,5076.3169,168465.09,4,0.19401223,0.27766835,0.48613414,0.042185274,0
2005-09,2005-09-26,2005-09-30,4,4.8130003,1,0,1,1,10388.53,19571533,0,-57021.323,5194.2652,-62215.588,3,0.05738866,0.41588439,0.52672695,0,0
2005-10,2005-10-25,2005-10-31,4,4.3619762,1,0,1,1,11462.694,22596050,0,-43107.752,5731.3472,-48839.1,4,0.038872733,0.65665165,0.10585814,0.19861748,0
2005-11,2005-11-23,2005-11-30,4,4.5558369,1,0,1,1,10974.932,20776998,0,-28888.143,5487.466,-34375.609,4,0.10992607,0.2779892,0.44606686,0.16601786,0
2005-12,2005-12-23,2005-12-30,4,4.4047996,1,0,1,1,11351.254,18872809,0,-17891.322,5675.6271,-23566.949,3,0,0.44589623,0.49340432,0.060699451,0
2006-01,2006-01-25,2006-01-31,4,4.1756626,1,1,0.5,1,5987.0738,17664776,0,-38398.994,2993.5369,-41392.531,2,0.23092294,0.76907706,0,0,0
2006-02,2006-02-22,2006-02-28,4,3.7251626,1,0,1,1,13422.233,18963975,0,-35945.054,6711.1165,-42656.171,4,0.090536214,0.13633468,0.23903531,0,0.5340938
2006-03,2006-03-27,2006-03-31,4,3.4169319,1,1,0.5,1,7316.5052,15192141,0,-102691.67,3658.2526,-106349.93,3,0.095184851,0.42676173,0.47805342,0,0
2006-04,2006-04-24,2006-04-28,4,3.6567405,1,0,1,1,10451.265,30000000,1,-11807.766,5225.6325,-17033.398,2,0.19510986,0.80489014,0,0,0
2006-05,2006-05-24,2006-05-31,4,4.1161114,1,0,1,1,12147.388,24097640,0,-113634.22,6073.6938,-119707.91,5,0.13208512,0.26836451,0.40919621,0.12128061,0.069073552
2006-06,2006-06-26,2006-06-30,4,3.9672387,1,1,0.5,0.5,3150.8061,6844648.6,0,35114.113,1575.4031,33538.71,3,0.098491231,0.47672463,0.42478414,0,0
2006-07,2006-07-25,2006-07-31,4,3.9050887,1,0,1,0.5,6401.9033,18932389,0,74628.305,3200.9516,71427.353,2,0.22092187,0.77907813,0,0,0
2006-08,2006-08-25,2006-08-31,4,3.6799579,1,0,1,0.5,6793.5559,10305045,0,36734.011,3396.778,33337.233,5,0.082433269,0.18612657,0.27588941,0.088792596,0.36675815
2006-09,2006-09-25,2006-09-29,4,3.31556,1,0,1,0.5,7540.2045,15139204,0,-60558.709,3770.1022,-64328.811,3,0.071745041,0.4618264,0.46642856,0,0
2006-10,2006-10-25,2006-10-31,4,3.1734688,1,0,1,0.5,7877.8151,21574768,0,139738.99,3938.9075,135800.08,2,0.15411389,0.84588611,0,0,0
2006-11,2006-11-24,2006-11-30,4,3.7915681,1,0,1,0.5,6593.578,13488061,0,61149.811,3296.789,57853.022,5,0.14743184,0.26901745,0.44060243,0.09287317,0.050075111
2006-12,2006-12-22,2006-12-29,4,3.8789596,1,0,1,0.5,6445.0271,12509831,0,-61813.404,3222.5136,-65035.917,3,0.057590336,0.44769196,0.49471771,0,0
2007-01,2007-01-25,2007-01-31,4,3.9206825,1,1,0.5,0.5,3188.2204,9040306,0,9937.8657,1594.1102,8343.7555,2,0.18402493,0.81597507,0,0,0
2007-02,2007-02-22,2007-02-28,4,3.5739168,1,0,1,0.5,6995.1265,9776042.5,0,119567.74,3497.5632,116070.17,5,0.053560849,0.19217735,0.28673037,0.10994312,0.35758832
2007-03,2007-03-26,2007-03-30,4,3.9637838,1,0,1,0.5,6307.1049,11728359,0,-34193.209,3153.5524,-37346.761,3,0.03677654,0.45446141,0.50876205,0,0
2007-04,2007-04-24,2007-04-30,4,3.7278915,1,0,1,0.5,6706.2037,18584106,0,-3104.6537,3353.1019,-6457.7556,2,0.16973808,0.83026192,0,0,0
2007-05,2007-05-24,2007-05-31,4,3.1380659,1,0,1,0.5,7966.6906,10979762,0,-27618.598,3983.3453,-31601.943,5,0.029505898,0.2228211,0.32658806,0.17020972,0.25087522
2007-06,2007-06-25,2007-06-29,4,3.8802702,1,1,0.5,0.5,3221.4251,6231701.8,0,17214.563,1610.7126,15603.851,3,0.046362995,0.4619994,0.49163761,0,0
2007-07,2007-07-25,2007-07-31,4,4.9303339,1,0,1,0.5,5070.6505,14014164,0,99758.635,2535.3253,97223.31,2,0.16204328,0.83795672,0,0,0
2007-08,2007-08-27,2007-08-31,4,5.5278187,1,0,1,0.5,4522.5796,5311775.9,0,30946.624,2261.2898,28685.334,4,0,0.20360712,0.31258905,0.094871337,0.3889325
2007-09,2007-09-24,2007-09-28,4,5.7626059,1,0,1,0.5,4338.315,7539154.1,0,26261.153,2169.1575,24091.995,3,0.0019626572,0.47696982,0.52106752,0,0
2007-10,2007-10-25,2007-10-31,4,5.1826525,1,1,0.5,0.5,2411.8924,5336067.1,0,-34242.118,1205.9462,-35448.064,5,0.084417135,0.71510262,0.063640957,0.086727624,0.050111666
2007-11,2007-11-26,2007-11-30,4,5.4477228,1,0,1,0.5,4589.0734,5498417.9,0,-68052.841,2294.5367,-70347.378,4,0,0.23320728,0.33904788,0.15422844,0.2735164
2007-12,2007-12-24,2007-12-31,4,6.8609062,1,0,1,0.5,3643.8335,6814344.6,0,71994.791,1821.9168,70172.875,3,0.048766349,0.4537435,0.49749015,0,0
2008-01,2008-01-25,2008-01-31,4,7.7892255,1,1,0.5,0.5,1604.7809,4199009.1,0,418.8087,802.39043,-383.58173,5,0.16083884,0.82310198,0.0050312504,0.0074009323,0.0036270014
2008-02,2008-02-25,2008-02-29,4,8.4570032,1,0,1,0.5,2956.1299,3679257.1,0,106277.04,1478.0649,104798.98,5,0.015550759,0.23369687,0.30409271,0.064170455,0.3824892
2008-03,2008-03-25,2008-03-31,4,9.297515,1,0,1,0.5,2688.8905,5709207.9,0,31615.916,1344.4453,30271.47,3,0.13348915,0.42633725,0.4401736,0,0
2008-04,2008-04-24,2008-04-30,4,8.9212499,1,1,0.5,0.5,1401.149,3794911.6,0,17803.249,700.57448,17102.675,2,0.17857434,0.82142566,0,0,0
2008-05,2008-05-23,2008-05-30,4,8.1886479,1,0,1,0.5,3053.0071,4545842,0,-61633.921,1526.5035,-63160.424,5,0.038646781,0.29332062,0.39980055,0.003110342,0.2651217
2008-06,2008-06-24,2008-06-30,4,6.5582139,1,1,0.5,0.5,1906.0068,3848140.6,0,30388.845,953.00338,29435.842,3,0.088537682,0.45383139,0.45763093,0,0
2008-07,2008-07-25,2008-07-31,4,6.6950526,1,0,1,0.5,3734.1006,10420826,0,75790.862,1867.0503,73923.812,2,0.20035304,0.79964696,0,0,0
2008-08,2008-08-25,2008-08-29,4,6.3374726,1,0,1,0.5,3944.7902,4748355.5,0,-15539.909,1972.3951,-17512.304,4,0,0.25220076,0.32131426,0.062894459,0.36359053
2008-09,2008-09-24,2008-09-30,4,7.4705448,1,0,1,0.5,3346.4762,6773300,0,-14098.725,1673.2381,-15771.963,3,0.093082629,0.4706394,0.43627797,0,0
2008-10,2008-10-27,2008-10-31,4,9.8316191,1,1,0.5,0.5,1271.4081,2664242.5,0,-16501.756,635.70404,-17137.46,2,0,0.94220954,0.057790456,0,0
2008-11,2008-11-21,2008-11-28,4,11.005122,1,0,1,0.5,2271.6695,3839333.3,0,49425.469,1135.8347,48289.635,4,0.15638868,0.15180953,0.31042782,0,0.38137398
2008-12,2008-12-24,2008-12-31,4,11.391592,1,0,1,0.5,2194.6011,6446621.1,0,9366.0682,1097.3006,8268.7676,3,0.40990158,0.21141102,0.3786874,0,0
2009-01,2009-01-26,2009-01-30,4,10.167787,1,1,0.5,0.5,1229.3727,3824316.2,0,-16233.263,614.68634,-16847.95,3,0.4460212,0.23391018,0.32006863,0,0
2009-02,2009-02-23,2009-02-27,4,10.57868,1,0,1,0.5,2363.2438,3443888.7,0,-43176.421,1181.6219,-44358.043,4,0.10270089,0.1209361,0.42951649,0,0.34684652
2009-03,2009-03-25,2009-03-31,4,11.358264,1,0,1,0.5,2201.0405,3867629.9,0,29770.409,1100.5203,28669.888,4,0.19186305,0.01671237,0.51997734,0,0.27144724
2009-04,2009-04-24,2009-04-30,4,11.077679,1,1,0.5,0.5,1128.3952,2414827,0,-8002.8865,564.19761,-8567.0841,2,0.24988933,0,0.75011067,0,0
2009-05,2009-05-22,2009-05-29,4,9.7766007,1,0,1,0.5,2557.126,3833316,0,3225.8051,1278.563,1947.2421,4,0.13243892,0.0033957929,0.51239398,0,0.3517713
2009-06,2009-06-24,2009-06-30,4,9.0393209,1,0,1,0.5,2765.6945,4221144.4,0,45069.531,1382.8472,43686.684,3,0.12782956,0,0.58087127,0,0.29129916
2009-07,2009-07-27,2009-07-31,4,9.5721465,1,0,1,0.5,2611.7444,4721559.6,0,52996.327,1305.8722,51690.455,3,0.19301188,0,0.56000818,0,0.24697993
2009-08,2009-08-25,2009-08-31,4,9.3364452,1,0,1,0.5,2677.6787,3739346.1,0,14858.741,1338.8393,13519.902,3,0.10716637,0,0.54343583,0,0.3493978
2009-09,2009-09-24,2009-09-30,4,7.5892244,1,0,1,0.5,3294.1442,5581993.4,0,29433.009,1647.0721,27785.936,3,0.16538042,0,0.61230745,0,0.22231213
2009-10,2009-10-26,2009-10-30,4,6.8403092,1,0,1,0.5,3654.8055,6173940.8,0,63405.521,1827.4028,61578.118,3,0.16213166,0,0.60893176,0,0.22893658
2009-11,2009-11-23,2009-11-30,4,5.9141456,1,0,1,0.5,4227.1533,6524651.7,0,58333.25,2113.5766,56219.674,3,0.13787072,0,0.56543318,0,0.2966961
2009-12,2009-12-24,2009-12-31,4,6.0424814,1,0,1,0.5,4137.3731,7193743.2,0,-9876.4544,2068.6865,-11945.141,3,0.16748375,0,0.63102876,0,0.20148749
2010-01,2010-01-25,2010-01-29,4,5.750436,1,1,0.5,0.5,2173.7482,3714695.3,0,8287.5448,1086.8741,7200.6707,3,0.16307913,0,0.6293334,0,0.20758747
2010-02,2010-02-22,2010-02-26,4,5.330755,1,0,1,0.5,4689.7672,7151687.8,0,85256.7,2344.8836,82911.816,4,0.10745274,0.070238299,0.540243,0,0.28206596
2010-03,2010-03-25,2010-03-31,4,4.8919396,1,0,1,1,10220.895,17437994,0,76223.85,5110.4474,71113.403,3,0.15775521,0,0.63930513,0,0.20293966
2010-04,2010-04-26,2010-04-30,4,4.8112392,1,1,0.5,1,5196.1665,8980707.2,0,73980.018,2598.0833,71381.935,3,0.16366002,0,0.64024133,0,0.19609866
2010-05,2010-05-24,2010-05-28,4,5.8178325,1,0,1,1,8594.266,12835599,0,-60271.047,4297.133,-64568.18,3,0.12846557,0,0.56564612,0,0.30588831
2010-06,2010-06-24,2010-06-30,4,6.6195012,1,0,1,1,7553.4392,11423942,0,124494.55,3776.7196,120717.83,3,0.12583569,0,0.62487917,0,0.24928513
2010-07,2010-07-26,2010-07-30,4,6.538802,1,0,1,1,7646.6606,11177112,0,61892.775,3823.3303,58069.445,3,0.11615334,0,0.62127262,0,0.26257404
2010-08,2010-08-25,2010-08-31,4,5.8362543,1,0,1,1,8567.1387,11231762,0,64091.385,4283.5693,59807.816,4,0.075171607,0.084186129,0.50343521,0,0.33720706
2010-09,2010-09-24,2010-09-30,4,6.3472713,1,0,1,1,7877.4008,11049872,0,71535.965,3938.7004,67597.264,3,0.11043323,0,0.59850796,0,0.29105881
2010-10,2010-10-25,2010-10-29,4,6.3080972,1,0,1,1,7926.3205,11050690,0,-31661.405,3963.1602,-35624.565,3,0.10460492,0,0.62745195,0,0.26794314
2010-11,2010-11-23,2010-11-30,4,6.9608266,1,0,1,1,7183.0549,8629758.8,0,4418.4224,3591.5275,826.89491,3,0.066936587,0,0.56090198,0,0.37216143
2010-12,2010-12-27,2010-12-31,4,7.5271824,1,0,1,1,6642.5918,8969769.1,0,51436.109,3321.2959,48114.813,3,0.10395746,0,0.48878953,0,0.407253
2011-01,2011-01-25,2011-01-31,4,8.2930779,1,1,0.5,1,3014.5623,3990731.1,0,-19674.844,1507.2811,-21182.125,3,0.095280411,0,0.50795102,0,0.39676857
2011-02,2011-02-22,2011-02-28,4,7.8112623,1,0,1,1,6401.0141,7682675.3,0,47986.817,3200.507,44786.31,4,0.043241957,0.089204854,0.44765883,0,0.41989436
2011-03,2011-03-25,2011-03-31,4,6.4478788,1,0,1,1,7754.4882,9661869.5,0,-260.80153,3877.2441,-4138.0456,3,0.073575999,0,0.53099087,0,0.39543313
2011-04,2011-04-25,2011-04-29,4,5.3279722,1,1,0.5,1,4692.2166,5453856.6,0,32911.475,2346.1083,30565.367,4,0.055046487,0.015504837,0.49516647,0,0.43428221
2011-05,2011-05-24,2011-05-31,4,4.6157125,1,0,1,1,10832.564,13132077,0,70427.256,5416.2818,65010.974,4,0.080738246,0,0.44624509,0.015204434,0.45781223
2011-06,2011-06-24,2011-06-30,4,4.3430248,1,0,1,1,11512.713,15114001,0,-272021.26,5756.3567,-277777.62,3,0.099396089,0,0.49890651,0,0.4016974
2011-07,2011-07-25,2011-07-29,4,5.2840235,1,0,1,1,9462.4864,13309927,0,184217.42,4731.2432,179486.18,3,0.10174634,0,0.63004152,0,0.26821214
2011-08,2011-08-25,2011-08-31,4,7.9038001,1,0,1,1,6326.0709,7863086.8,0,4715.2834,3163.0354,1552.248,4,0.056380392,0.098260004,0.51506924,0,0.33029036
2011-09,2011-09-26,2011-09-30,4,8.1410587,1,0,1,1,6141.7074,7665654.4,0,14341.43,3070.8537,11270.576,4,0.072754775,0.047390447,0.56997449,0,0.30988029
2011-10,2011-10-25,2011-10-31,4,8.6418212,1,0,1,1,5785.8175,11406459,0,-4585.9221,2892.9087,-7478.8308,4,0.17068186,0.20427374,0.62113125,0,0.003913152
2011-11,2011-11-23,2011-11-30,4,7.7885001,1,0,1,1,6419.7213,10748040,0,-97641.06,3209.8606,-100850.92,4,0.14517917,0.10707616,0.58676534,0,0.16097933
2011-12,2011-12-23,2011-12-30,4,7.0679511,1,0,1,1,7074.1859,14734676,0,84349.132,3537.093,80812.039,3,0.22778678,0.087749853,0.68446336,0,0
2012-01,2012-01-25,2012-01-31,4,6.4142321,1,0,1,1,7795.1654,14958524,0,113077.69,3897.5827,109180.11,4,0.20091569,0.032199623,0.75910849,0,0.007776201
2012-02,2012-02-23,2012-02-29,4,5.180799,1,0,1,1,9651.0211,18515186,0,15875.1,4825.5105,11049.59,4,0.16849478,0.21625216,0.52756075,0,0.087692306
2012-03,2012-03-26,2012-03-30,4,5.1258457,1,0,1,1,9754.488,23399869,0,33268.905,4877.244,28391.661,3,0.30564395,0.089709531,0.60464651,0,0
2012-04,2012-04-24,2012-04-30,4,5.103754,1,1,0.5,1,4898.3552,10415854,0,19677.932,2449.1776,17228.754,3,0.22453531,0.14955605,0.62590864,0,0
2012-05,2012-05-24,2012-05-31,4,4.6333049,1,0,1,1,10791.433,18839437,0,164296.66,5395.7166,158900.94,4,0.15615958,0.09788035,0.65380222,0,0.092157855
2012-06,2012-06-25,2012-06-29,4,4.6522882,1,0,1,1,10747.4,22925970,0,-30145.662,5373.6998,-35519.362,3,0.23260086,0.1374873,0.62991183,0,0
2012-07,2012-07-25,2012-07-31,4,4.3626561,1,0,1,1,11460.908,21576092,0,-71632.936,5730.454,-77363.39,3,0.19985896,0.019881933,0.7802591,0,0
2012-08,2012-08-27,2012-08-31,4,4.8775689,1,0,1,1,10251.009,18955805,0,86279.445,5125.5043,81153.941,4,0.16555315,0.18965482,0.52703164,0,0.11776039
2012-09,2012-09-24,2012-09-28,4,4.6388193,1,0,1,1,10778.605,21375791,0,86196.382,5389.3025,80807.08,3,0.21900328,0.031955116,0.7490416,0,0
2012-10,2012-10-24,2012-10-31,4,4.4257528,1,0,1,1,11297.513,21403444,0,72395.838,5648.7565,66747.082,3,0.18984976,0.056044644,0.75410559,0,0
2012-11,2012-11-26,2012-11-30,4,4.2624361,1,0,1,1,11730.381,21375614,0,39667.486,5865.1906,33802.296,4,0.17663016,0.15052862,0.49855338,0,0.17428784
2012-12,2012-12-24,2012-12-31,4,3.8418966,1,0,1,1,13014.405,27956108,0,21457.742,6507.2027,14950.54,3,0.24845144,0.082059066,0.66948949,0,0
2013-01,2013-01-25,2013-01-31,4,3.62415,1,1,0.5,1,6898.1692,11085846,0,-17840.848,3449.0846,-21289.933,4,0.12283892,0.11290965,0.61732947,0,0.14692196
2013-02,2013-02-22,2013-02-28,4,3.2598828,1,0,1,1,15337.975,23022165,0,109222.99,7668.9873,101554,4,0.086693428,0.16385581,0.58196458,0,0.16748618
2013-03,2013-03-22,2013-03-28,4,3.4947903,1,0,1,1,14307.01,26468643,0,71003.963,7153.505,63850.458,4,0.14835323,0.18406915,0.65449467,0,0.013082956
2013-04,2013-04-24,2013-04-30,4,3.345627,1,0,1,1,14944.882,24814529,0,42290.251,7472.4408,34817.81,4,0.11799615,0.13258886,0.7141121,0,0.035302891
2013-05,2013-05-24,2013-05-31,4,4.010544,1,0,1,1,12467.137,18991797,0,-162089.1,6233.5683,-168322.67,4,0.081984719,0.22576313,0.49146464,0,0.20078751
2013-06,2013-06-24,2013-06-28,4,4.9992937,1,0,1,1,10001.413,16688625,0,56779.332,5000.7064,51778.626,4,0.10681066,0.16717943,0.65163068,0,0.074379233
2013-07,2013-07-25,2013-07-31,4,5.9275046,1,1,0.5,1,4217.6264,6682710.3,0,5423.5605,2108.8132,3314.7472,4,0.096853861,0.15620426,0.61232654,0,0.13461534
2013-08,2013-08-26,2013-08-30,4,6.119779,1,0,1,1,8170.2297,12441152,0,18147.324,4085.1148,14062.209,4,0.079703936,0.18960829,0.53448469,0,0.19620308
2013-09,2013-09-24,2013-09-30,4,6.1948356,1,0,1,1,8071.2391,12108553,0,24124.192,4035.6196,20088.573,4,0.069361423,0.1902837,0.58464963,0,0.15570524
2013-10,2013-10-25,2013-10-31,4,5.4622485,1,1,0.5,1,4576.8698,7644353.3,0,-11398.368,2288.4349,-13686.803,4,0.10316374,0.17107797,0.67803981,0,0.047718475
2013-11,2013-11-22,2013-11-29,4,5.0956944,1,0,1,1,9812.2053,14338286,0,11490.723,4906.1027,6584.6204,4,0.064638089,0.21428903,0.48616278,0,0.2349101
2013-12,2013-12-24,2013-12-31,4,4.2764299,1,0,1,1,11691.996,20708374,0,-37376.239,5845.9978,-43222.237,4,0.1052646,0.21660155,0.67591052,0,0.0022233297
2014-01,2014-01-27,2014-01-31,4,4.4262953,1,1,0.5,1,5648.0641,7821500.8,0,58180.857,2824.0321,55356.825,4,0.045169074,0.17269952,0.60834488,0,0.17378653
2014-02,2014-02-24,2014-02-28,4,4.0629232,1,0,1,1,12306.41,16058621,0,111194.02,6153.2052,105040.82,5,0.030789133,0.2230637,0.45383889,0.002447746,0.28986053
2014-03,2014-03-25,2014-03-31,4,4.3464057,1,0,1,1,11503.758,16215426,0,32688.355,5751.879,26936.476,4,0.051322269,0.15549602,0.64829908,0,0.14488263
2014-04,2014-04-24,2014-04-30,4,4.1922716,1,1,0.5,1,5963.3541,8073771.7,0,17323.164,2981.677,14341.487,4,0.043250109,0.17366689,0.57553339,0,0.20754961
2014-05,2014-05-23,2014-05-30,4,3.8067365,1,0,1,1,13134.61,16649902,0,73353.409,6567.3051,66786.104,4,0.031507511,0.21355816,0.43096196,0,0.32397236
2014-06,2014-06-24,2014-06-30,4,3.4626335,1,0,1,1,14439.877,18512376,0,98584.888,7219.9383,91364.949,4,0.028652427,0.14726303,0.64060661,0,0.18347794
2014-07,2014-07-25,2014-07-31,4,3.4321099,1,1,0.5,1,7284.149,9162793.8,0,-60980.833,3642.0745,-64622.908,4,0.018060882,0.18212161,0.59970092,0,0.20011659
2014-08,2014-08-25,2014-08-29,4,3.5667564,1,0,1,1,14018.339,17220768,0,66578.854,7009.1694,59569.685,4,0.017317029,0.22397824,0.45692321,0,0.30178152
2014-09,2014-09-24,2014-09-30,4,3.4738734,1,0,1,1,14393.155,17622726,0,81379.412,7196.5777,74182.834,4,0.011940033,0.16158745,0.63460526,0,0.19186726
2014-10,2014-10-27,2014-10-31,4,3.675234,1,1,0.5,1,6802.288,8135153.4,0,-47913.158,3401.144,-51314.302,4,0.013757702,0.17226645,0.57473155,0,0.2392443
2014-11,2014-11-21,2014-11-28,4,3.7111452,1,0,1,1,13472.93,14654819,0,184709.7,6736.465,177973.23,3,0,0.18640714,0.46022716,0,0.3533657
2014-12,2014-12-24,2014-12-31,4,4.3505958,1,0,1,1,11492.679,12477914,0,115449.37,5746.3394,109703.03,3,0,0.14845601,0.56045478,0,0.29108922
2015-01,2015-01-26,2015-01-30,4,4.5725785,1,1,0.5,1,5467.3746,5697555.5,0,86207.477,2733.6873,83473.79,3,0,0.13989959,0.5528078,0,0.30729261
2015-02,2015-02-23,2015-02-27,4,5.5243682,1,0,1,1,9050.8087,9614708.7,0,56808.006,4525.4044,52282.601,3,0,0.17641647,0.46977648,0,0.35380705
2015-03,2015-03-25,2015-03-31,4,5.7925288,1,0,1,1,8631.8086,9275780.2,0,-6178.7844,4315.9043,-10494.689,3,0,0.15663179,0.55327614,0,0.29009207
2015-04,2015-04-24,2015-04-30,4,5.5329266,1,1,0.5,1,4518.4044,4892039,0,-51481.767,2259.2022,-53740.97,3,0,0.15708404,0.56258458,0,0.28033137
2015-05,2015-05-22,2015-05-29,4,5.3198275,1,0,1,1,9398.8009,10214793,0,94101.673,4699.4005,89402.273,4,0,0.19196808,0.45068761,0.00044208296,0.35690222
2015-06,2015-06-24,2015-06-30,4,5.5521157,1,0,1,1,9005.576,10150879,0,41811.044,4502.788,37308.256,3,0,0.17926639,0.53386315,0,0.28687046
2015-07,2015-07-27,2015-07-31,4,6.2540157,1,1,0.5,1,3997.4316,4443431.1,0,11392.499,1998.7158,9393.783,3,0,0.18418855,0.51206916,0,0.30374228
2015-08,2015-08-25,2015-08-31,4,6.1409756,1,0,1,1,8142.0287,8778840.4,0,-71019.898,4071.0144,-75090.913,4,0,0.19519161,0.43913441,0.0014542221,0.36421976
2015-09,2015-09-24,2015-09-30,4,5.278969,1,0,1,1,9471.5464,10520260,0,61625.671,4735.7732,56889.898,3,0,0.18547335,0.51506851,0,0.29945814
2015-10,2015-10-26,2015-10-30,4,5.0377109,1,1,0.5,1,4962.5714,5549384.6,0,-40460.591,2481.2857,-42941.877,4,0,0.21378108,0.45879233,0.00095347029,0.32647312
2015-11,2015-11-23,2015-11-30,4,4.4507347,1,0,1,1,11234.1,13121897,0,42975.118,5617.0501,37358.068,4,0.021535078,0.17649813,0.45911253,0,0.34285426
2015-12,2015-12-24,2015-12-31,4,4.723424,1,0,1,1,10585.541,11799158,0,-27505.052,5292.7706,-32797.822,3,0,0.17733062,0.53032352,0,0.29234586
2016-01,2016-01-25,2016-01-29,4,4.646729,1,1,0.5,1,5380.1287,5906561.4,0,47922.239,2690.0643,45232.175,3,0,0.17796775,0.52113571,0,0.30089655
2016-02,2016-02-23,2016-02-29,4,5.0616538,1,0,1,1,9878.1944,10509060,0,866.63844,4939.0972,-4072.4588,4,0,0.19356436,0.44890449,0.00081696726,0.35671418
2016-03,2016-03-24,2016-03-31,4,4.6142435,1,0,1,1,10836.012,12046644,0,133951.76,5418.0062,128533.75,3,0,0.18499371,0.53652635,0,0.27847994
2016-04,2016-04-25,2016-04-29,4,4.5662419,1,1,0.5,1,5474.9618,6107671.2,0,44068.117,2737.4809,41330.636,3,0,0.18559464,0.53995217,0,0.2744532
2016-05,2016-05-24,2016-05-31,4,4.1188556,1,0,1,1,12139.294,13033599,0,28539.529,6069.6471,22469.882,4,0,0.20005076,0.437869,0.0021283028,0.35995194
2016-06,2016-06-24,2016-06-30,4,3.8037671,1,0,1,1,13144.864,14241028,0,121465.89,6572.4319,114893.46,3,0,0.1736915,0.54848893,0,0.27781957
2016-07,2016-07-25,2016-07-29,4,4.7816741,1,1,0.5,1,5228.2945,5626080.6,0,62330.336,2614.1472,59716.188,3,0,0.17027203,0.54758232,0,0.28214565
2016-08,2016-08-25,2016-08-31,4,4.890207,1,0,1,1,10224.516,10638852,0,11837.275,5112.2581,6725.017,4,0,0.19742005,0.42047028,0.0031122722,0.3789974
2016-09,2016-09-26,2016-09-30,4,4.0329154,1,0,1,1,12397.979,13476544,0,-7056.46,6198.9894,-13255.449,3,0,0.17463351,0.5529038,0,0.27246269
2016-10,2016-10-25,2016-10-31,4,3.5715052,1,0,1,1,13999.699,15500418,0,-84802.704,6999.8497,-91802.553,3,0,0.18240892,0.54912606,0,0.26846502
2016-11,2016-11-23,2016-11-30,4,4.1008129,1,0,1,1,12192.704,13459244,0,-717.84547,6096.3522,-6814.1977,4,0,0.19732647,0.45261846,0.0005160779,0.34953899
2016-12,2016-12-23,2016-12-30,4,4.3538411,1,0,1,1,11484.112,13238155,0,111061.62,5742.0562,105319.56,3,0,0.16741367,0.59253007,0,0.24005626
2017-01,2017-01-25,2017-01-31,4,4.9614332,1,0,1,1,10077.733,11795222,0,79274.797,5038.8666,74235.93,4,0.0056825409,0.1458401,0.63689064,0,0.21158672
2017-02,2017-02-22,2017-02-28,4,4.3949123,1,0,1,1,11376.791,12585193,0,69827.738,5688.3956,64139.342,4,0.001650446,0.1851303,0.47089179,0,0.34232747
2017-03,2017-03-27,2017-03-31,4,4.3378182,1,0,1,1,11526.532,13146378,0,-22382.437,5763.266,-28145.703,4,0.0018562867,0.14613579,0.62834619,0,0.22366174
2017-04,2017-04-24,2017-04-28,4,3.8111863,1,0,1,1,13119.275,14814945,0,-14592.569,6559.6373,-21152.206,3,0,0.15083834,0.62022516,0,0.2289365
2017-05,2017-05-24,2017-05-31,4,3.8536431,1,0,1,1,12974.736,14191059,0,66011.367,6487.3678,59524,4,0.0021506912,0.17766949,0.47964849,0,0.34053133
2017-06,2017-06-26,2017-06-30,4,3.4356062,1,0,1,1,14553.472,16333296,0,-223195.56,7276.7362,-230472.3,4,0.0031847243,0.13817401,0.63202382,0,0.22661745
2017-07,2017-07-25,2017-07-31,4,3.2305043,1,1,0.5,1,7738.7298,8856891.2,0,26676.386,3869.3649,22807.021,4,0.0031841996,0.14325895,0.63715543,0,0.21640142
2017-08,2017-08-25,2017-08-31,4,3.2046929,1,0,1,1,15602.119,17117515,0,70454.474,7801.0595,62653.414,4,0.0050865156,0.17634286,0.47706382,0,0.3415068
2017-09,2017-09-25,2017-09-29,4,3.4091933,1,0,1,1,14666.226,16573663,0,-145349.44,7333.1131,-152682.55,3,0,0.16264436,0.59802608,0,0.23932956
2017-10,2017-10-25,2017-10-31,4,3.3334463,1,0,1,1,14999.492,17283994,0,94790.69,7499.7458,87290.944,3,0,0.16041736,0.61959192,0,0.21999071
2017-11,2017-11-24,2017-11-30,4,3.2670241,1,0,1,1,15304.448,16645470,0,-110658.96,7652.224,-118311.18,4,0,0.19190558,0.44675948,0.00043429543,0.36090065
2017-12,2017-12-22,2017-12-29,4,3.0039522,1,0,1,1,16644.739,19020879,0,136173.95,8322.3694,127851.58,3,0,0.16786872,0.58324699,0,0.24888429
2018-01,2018-01-25,2018-01-31,4,3.0168547,1,1,0.5,1,8286.7762,9601585.1,0,-69047.695,4143.3881,-73191.083,3,0,0.17911449,0.56796171,0,0.2529238
2018-02,2018-02-22,2018-02-28,4,3.2675428,1,0,1,1,15302.018,17278056,0,84654.021,7651.0091,77003.012,4,0,0.20353686,0.43196235,0.0021382496,0.36236254
2018-03,2018-03-23,2018-03-29,4,3.4704157,1,0,1,1,14407.496,17592702,0,114304.46,7203.7479,107100.71,4,0.017061522,0.13101881,0.64732614,0,0.20459353
2018-04,2018-04-24,2018-04-30,4,3.6373378,1,0,1,1,13746.318,18233954,0,71934.817,6873.1588,65061.658,4,0.039047563,0.11168083,0.68606214,0,0.16320946
2018-05,2018-05-24,2018-05-31,4,3.3012153,1,0,1,1,15145.937,17940087,0,218287.18,7572.9686,210714.21,4,0.019512028,0.16616275,0.47067665,0,0.34364858
2018-06,2018-06-25,2018-06-29,4,3.9147339,1,0,1,1,12772.26,16553928,0,32171.631,6386.1302,25785.501,4,0.040473613,0.10088988,0.66745311,0,0.19118339
2018-07,2018-07-25,2018-07-31,4,3.8245047,1,0,1,1,13073.588,17293661,0,-24212.322,6536.7942,-30749.116,4,0.044928735,0.10605614,0.65756159,0,0.19145353
2018-08,2018-08-27,2018-08-31,4,3.0168547,1,0,1,1,16573.552,19890550,0,-15244.065,8286.7762,-23530.841,4,0.027199056,0.16033726,0.46513671,0,0.34732698
2018-09,2018-09-24,2018-09-28,4,2.8296254,1,1,0.5,1,8835.0919,11865692,0,24643.544,4417.5459,20225.998,4,0.045882626,0.11001917,0.65871946,0,0.18537874
2018-10,2018-10-25,2018-10-31,4,3.2925185,1,0,1,1,15185.944,21595127,0,-17620.726,7592.9718,-25213.698,4,0.06029469,0.10368347,0.68703578,0,0.14898606
2018-11,2018-11-26,2018-11-30,4,3.432974,1,0,1,1,14564.631,17968423,0,68155.524,7282.3155,60873.209,4,0.029605708,0.16420334,0.46684013,0,0.33935083
2018-12,2018-12-24,2018-12-31,4,3.4908678,1,0,1,1,14323.086,19131385,0,58060.549,7161.543,50899.006,4,0.052582713,0.099907434,0.65351312,0,0.19399673
2019-01,2019-01-25,2019-01-31,4,3.7324353,1,1,0.5,1,6698.0397,8992088.7,0,82958.409,3349.0199,79609.39,4,0.052228417,0.10627124,0.64775163,0,0.19374871
2019-02,2019-02-22,2019-02-28,4,3.7646512,1,0,1,1,13281.443,16157720,0,-91917.358,6640.7214,-98558.08,4,0.02936262,0.17748513,0.44324955,0,0.3499027
2019-03,2019-03-25,2019-03-29,4,4.0358562,1,0,1,1,12388.945,16700394,0,26496.192,6194.4724,20301.719,4,0.056310726,0.10665641,0.65389403,0,0.18313884
2019-04,2019-04-24,2019-04-30,4,3.4762715,1,0,1,1,14383.227,19067362,0,31917.593,7191.6133,24725.98,4,0.048162791,0.12797196,0.61512261,0,0.20874264
2019-05,2019-05-24,2019-05-31,4,3.5269743,1,0,1,1,14176.457,16849673,0,255637.62,7088.2285,248549.4,4,0.029340447,0.17343934,0.43885273,0,0.35836748
2019-06,2019-06-24,2019-06-28,4,3.6147845,1,0,1,1,13832.083,18115205,0,21933.245,6916.0417,15017.203,4,0.053835047,0.11501625,0.62704875,0,0.20409995
2019-07,2019-07-25,2019-07-31,4,3.7978213,1,1,0.5,1,6582.7216,8465277.7,0,33935.789,3291.3608,30644.428,4,0.046384362,0.13259483,0.59295049,0,0.22807032
2019-08,2019-08-26,2019-08-30,4,4.5329927,1,0,1,1,11030.241,12137975,0,61377.179,5515.1203,55862.059,5,0.022300507,0.17868984,0.40545506,0.00071945468,0.39283514
2019-09,2019-09-24,2019-09-30,4,5.0033605,1,0,1,1,9993.2836,13498361,0,-36053.375,4996.6418,-41050.017,4,0.056108276,0.15292707,0.61063609,0,0.18032857
2019-10,2019-10-25,2019-10-31,4,5.3186326,1,1,0.5,1,4700.4562,5891585.9,0,53466.431,2350.2281,51116.203,4,0.039411266,0.15803841,0.55266971,0,0.24988061
2019-11,2019-11-22,2019-11-29,4,5.0155408,1,0,1,1,9969.0147,11093902,0,439.91725,4984.5073,-4544.5901,5,0.020009316,0.18854235,0.39766327,0.0035222073,0.39026286
2019-12,2019-12-24,2019-12-31,4,4.7288034,1,0,1,1,10573.499,13541464,0,-19409.26,5286.7497,-24696.01,4,0.044763521,0.14581314,0.58067224,0,0.22875109
2020-01,2020-01-27,2020-01-31,4,4.5850408,1,1,0.5,1,5452.5142,7035178.5,0,51744.455,2726.2571,49018.198,4,0.05014353,0.14885481,0.57394031,0,0.22706135
2020-02,2020-02-24,2020-02-28,4,4.3080204,1,0,1,1,11606.259,12903139,0,285773.26,5803.1295,279970.13,5,0.025384348,0.18528351,0.40068498,0.0019242716,0.38672288
2020-03,2020-03-25,2020-03-31,4,8.8190216,1,0,1,1,5669.5632,7616018.7,0,90532.196,2834.7816,87697.415,4,0.083332238,0.11038585,0.58038068,0,0.22590123
2020-04,2020-04-24,2020-04-30,4,9.092494,1,1,0.5,1,2749.5207,4342719.9,0,-7353.2338,1374.7603,-8727.9941,4,0.09428909,0.18107539,0.71406223,0,0.010573299
2020-05,2020-05-22,2020-05-29,4,9.2007584,1,0,1,1,5434.3346,5093742.8,0,-8409.0709,2717.1673,-11126.238,5,0.013878777,0.11423047,0.38000196,0.28557842,0.20631038
2020-06,2020-06-24,2020-06-30,4,4.6904158,1,0,1,1,10660.036,11764169,0,33390.337,5330.0179,28060.319,4,0.048804047,0.03677557,0.56889447,0.34552591,0
2020-07,2020-07-27,2020-07-31,4,3.9050887,1,1,0.5,1,6401.9033,7158175,0,45159.948,3200.9516,41958.996,4,0.046806774,0.059286996,0.5603475,0.33355873,0
2020-08,2020-08-25,2020-08-31,4,3.3999003,1,0,1,1,14706.314,13308930,0,-76475.357,7353.1568,-83828.514,5,0.013845746,0.068774705,0.43990124,0.29699978,0.18047853
2020-09,2020-09-24,2020-09-30,4,2.6288276,1,0,1,1,19019.886,19664519,0,-47282.456,9509.9428,-56792.399,3,0.042149371,0,0.59969885,0.35815178,0
2020-10,2020-10-26,2020-10-30,4,2.8488773,1,0,1,1,17550.774,17493498,0,-109714.75,8775.3868,-118490.14,4,0.023557428,0.02128471,0.61335071,0.34180715,0
2020-11,2020-11-23,2020-11-30,4,3.9029179,1,0,1,1,12810.928,11162297,0,7824.3656,6405.4639,1418.9017,5,0.0033904869,0.065932714,0.45936119,0.28119751,0.1901181
2020-12,2020-12-24,2020-12-31,4,3.9251471,1,0,1,1,12738.376,13409013,0,14443.409,6369.1881,8074.2207,3,0.028407148,0,0.73867661,0.23291625,0
2021-01,2021-01-25,2021-01-29,4,3.9586493,1,1,0.5,1,6315.2854,6853089.5,0,-36799.864,3157.6427,-39957.506,3,0.04105986,0,0.67517529,0.28376485,0
2021-02,2021-02-22,2021-02-26,4,3.1613396,1,0,1,1,15816.08,16638823,0,-95437.397,7908.0401,-103345.44,5,0.027501877,0.051760232,0.55578384,0.29805822,0.066895837
2021-03,2021-03-25,2021-03-31,4,4.2842505,1,0,1,1,11670.653,13997275,0,-109205.7,5835.3264,-115041.02,3,0.053452088,0,0.7356513,0.21089661,0
2021-04,2021-04-26,2021-04-30,4,4.4257528,1,1,0.5,1,5648.7565,6166414.4,0,-35273.001,2824.3782,-38097.379,3,0.032878108,0,0.70565081,0.26147108,0
2021-05,2021-05-24,2021-05-28,4,3.5913817,1,0,1,1,13922.218,14207964,0,50367.731,6961.1091,43406.622,5,0.021665127,0.035915532,0.58235984,0.24471848,0.11534103
2021-06,2021-06-24,2021-06-30,4,3.4498424,1,0,1,1,14493.416,15585965,0,56418.215,7246.7079,49171.507,3,0.031537066,0,0.69392634,0.2745366,0
2021-07,2021-07-26,2021-07-30,4,4.0606629,1,1,0.5,1,6156.6303,6516341.5,0,29661.6,3078.3151,26583.285,4,0.03034909,0,0.69929702,0.24721689,0.023136999
2021-08,2021-08-25,2021-08-31,4,4.21656,1,0,1,1,11858.007,12011721,0,55498.65,5929.0037,49569.646,5,0.020833852,0.057817322,0.54849834,0.23161896,0.14123152
2021-09,2021-09-24,2021-09-30,4,4.2003497,1,0,1,1,11903.771,13153765,0,-62261.21,5951.8853,-68213.096,4,0.034620654,0.003973825,0.72011617,0.24128935,0
2021-10,2021-10-25,2021-10-29,4,3.7174197,1,0,1,1,13450.19,13965089,0,122205.08,6725.0949,115479.99,3,0.014151666,0,0.76315052,0.22269781,0
2021-11,2021-11-23,2021-11-30,4,4.3548791,1,0,1,1,11481.375,11810992,0,272578.41,5740.6875,266837.72,5,0.02120862,0.068407482,0.53461868,0.17683446,0.19893076
2021-12,2021-12-27,2021-12-31,4,5.0218731,1,0,1,1,9956.4444,11873514,0,-30171.756,4978.2222,-35149.978,3,0.052898724,0,0.74316347,0.20393781,0
2022-01,2022-01-25,2022-01-31,4,5.3735069,1,1,0.5,1,4652.4552,5017592,0,-2919.4572,2326.2276,-5245.6848,5,0.030267989,0.01159936,0.66630502,0.23134376,0.060483877
2022-02,2022-02-22,2022-02-28,4,5.4377577,1,0,1,1,9194.9665,9772827.6,0,91226.85,4597.4832,86629.367,5,0.021551942,0.088361813,0.50430905,0.19449645,0.19128075
2022-03,2022-03-25,2022-03-31,4,6.4631725,1,0,1,1,7736.1389,8990260.6,0,121652.14,3868.0694,117784.07,5,0.032686021,0.029732767,0.68425826,0.18332915,0.069993801
2022-04,2022-04-25,2022-04-29,4,6.9930353,1,0,1,1,7149.9711,8457024.6,0,-54858.305,3574.9855,-58433.291,5,0.036414779,0.020633562,0.68683992,0.17101309,0.085098649
2022-05,2022-05-24,2022-05-31,4,7.6124155,1,0,1,1,6568.2174,7062655,0,-56456.65,3284.1087,-59740.758,5,0.015649179,0.097437926,0.47399567,0.17333901,0.23957822
2022-06,2022-06-24,2022-06-30,4,8.0305033,1,0,1,1,6226.2598,7137008.6,0,91634.444,3113.1299,88521.314,5,0.020799926,0.056484144,0.62516637,0.14885691,0.14869265
2022-07,2022-07-25,2022-07-29,4,8.4712875,1,1,0.5,1,2951.1453,3277664.4,0,34603.957,1475.5726,33128.385,5,0.018442195,0.064612197,0.59077867,0.15376411,0.17240283
2022-08,2022-08-25,2022-08-31,4,8.4152639,1,0,1,1,5941.5843,6452940.2,0,-50958.965,2970.7922,-53929.757,5,0.007426503,0.13985913,0.41770623,0.15843989,0.27656825
2022-09,2022-09-26,2022-09-30,4,7.3102938,1,0,1,1,6839.6704,8111128.8,0,13256.364,3419.8352,9836.529,5,0.011983774,0.10539082,0.56683619,0.12673321,0.189056
2022-10,2022-10-25,2022-10-31,4,7.8418514,1,0,1,1,6376.0454,7895798.4,0,3343.2009,3188.0227,155.17818,5,0.016467711,0.10660805,0.58461212,0.12277249,0.16953963
2022-11,2022-11-23,2022-11-30,4,9.0891846,1,0,1,1,5501.0435,5986907.3,0,-1456.4282,2750.5218,-4206.9499,4,0,0.15001742,0.39212757,0.15836206,0.29949295
2022-12,2022-12-23,2022-12-30,4,8.9173702,1,0,1,1,5607.0342,6307848.3,0,-76473.951,2803.5171,-79277.468,5,0.0053679518,0.09472298,0.55607983,0.12551206,0.21831718
2023-01,2023-01-25,2023-01-31,4,8.2787592,1,0,1,1,6039.5524,6658401.7,0,-33475.982,3019.7762,-36495.758,5,0.0043789399,0.10016933,0.53871941,0.12870199,0.22803033
2023-02,2023-02-22,2023-02-28,4,7.4253155,1,0,1,1,6733.7206,7551072.9,0,-2705.1048,3366.8603,-6071.9651,5,0.0014083307,0.15797888,0.39225829,0.16126488,0.28708961
2023-03,2023-03-27,2023-03-31,4,8.3308019,1,0,1,1,6001.8232,6975949.9,0,33539.626,3000.9116,30538.714,5,0.012523125,0.10554543,0.55056826,0.12381996,0.20754323
2023-04,2023-04-24,2023-04-28,4,7.816685,1,0,1,1,6396.5735,7394557.7,0,46245.058,3198.2867,43046.771,5,0.01103272,0.10919072,0.54375084,0.12474499,0.21128072
2023-05,2023-05-24,2023-05-31,4,8.1883892,1,0,1,1,6106.2071,6942482.6,0,50549.683,3053.1035,47496.579,5,0.0063701099,0.15586089,0.3977453,0.15932834,0.28069537
2023-06,2023-06-26,2023-06-30,4,6.5667154,1,0,1,1,7614.1567,8908322.8,0,-62010.836,3807.0783,-65817.914,5,0.010202478,0.11569553,0.53768205,0.12024006,0.21617988
2023-07,2023-07-25,2023-07-31,4,6.9674587,1,1,0.5,1,3588.1088,4308244.6,0,-22322.436,1794.0544,-24116.49,5,0.013833473,0.11054607,0.55723712,0.1158561,0.20252724
2023-08,2023-08-25,2023-08-31,4,6.9518928,1,0,1,1,7192.2858,8261613.7,0,101720.69,3596.1429,98124.545,5,0.0029341909,0.15639838,0.39436921,0.15816239,0.28813583
2023-09,2023-09-25,2023-09-29,4,6.7950422,1,0,1,1,7358.306,9413603.6,0,-29476.385,3679.153,-33155.538,5,0.019485799,0.11245919,0.57465008,0.10237742,0.19102751
2023-10,2023-10-25,2023-10-31,4,6.8727539,1,0,1,1,7275.1041,10075506,0,46064.005,3637.5521,42426.453,5,0.030879131,0.12265342,0.59626922,0.08922489,0.16097334
2023-11,2023-11-24,2023-11-30,4,7.548637,1,0,1,1,6623.7123,8129364.6,0,65079.86,3311.8562,61768.004,5,0.012776283,0.16141433,0.41410395,0.13945282,0.27225261
2023-12,2023-12-22,2023-12-29,4,8.0802997,1,0,1,1,6187.8893,8138687.6,0,12121.099,3093.9447,9027.1546,5,0.037772793,0.091572489,0.62354988,0.065567434,0.1815374
2024-01,2024-01-25,2024-01-31,4,7.1342256,1,1,0.5,1,3504.2346,4990449.7,0,48219.795,1752.1173,46467.678,5,0.052150849,0.097531263,0.65483329,0.049623046,0.14586156
2024-02,2024-02-23,2024-02-29,4,6.9778503,1,0,1,1,7165.5306,9378746.2,0,3018.5954,3582.7653,-564.16984,5,0.029896238,0.16199688,0.44164548,0.12184844,0.24461296
2024-03,2024-03-22,2024-03-28,4,5.8861851,1,0,1,1,8494.4661,13487000,0,13442.858,4247.2331,9195.6254,5,0.077988693,0.094218687,0.73274804,0.0075672906,0.087477291
2024-04,2024-04-24,2024-04-30,4,6.5077963,1,0,1,1,7683.0924,12760713,0,-40426.459,3841.5462,-44268.006,5,0.081574314,0.1217919,0.71060239,0.0069998711,0.079031525
2024-05,2024-05-24,2024-05-31,4,5.476194,1,0,1,1,9130.4289,12801642,0,-43200.345,4565.2145,-47765.56,5,0.044482199,0.16126015,0.46668055,0.10459007,0.22298702
2024-06,2024-06-24,2024-06-28,4,6.2558221,1,0,1,1,7992.5546,12941206,0,-78898.022,3996.2773,-82894.299,4,0.084717873,0.092474927,0.73535852,0,0.087448682
2024-07,2024-07-25,2024-07-31,4,5.5900183,1,1,0.5,1,4472.2572,7202915,0,75247.383,2236.1286,73011.254,5,0.081116053,0.1081052,0.70916087,0.00048788094,0.10113
2024-08,2024-08-26,2024-08-30,4,6.2508756,1,0,1,1,7998.8793,10750942,0,-64687.249,3999.4397,-68686.689,5,0.040974364,0.17001783,0.43870419,0.11038452,0.23991909
2024-09,2024-09-24,2024-09-30,4,5.4140433,1,0,1,1,9235.2421,14064078,0,-74842.356,4617.621,-79459.977,5,0.069419277,0.13155657,0.64485109,0.01951252,0.13466054
