month,entry,exit,hold_days,sigma_bp,w,fomc,fomc_mult,dd_mult,duration,dv01,notional,capped,gross_pnl,cost,net_pnl
2024-10,2024-10-25,2024-10-31,4,5.5439691,1,0,1,1,8.0779462,9018.8093,11164731,0,-27508.355,4509.4047,-32017.759
2024-11,2024-11-22,2024-11-29,4,5.090675,1,0,1,1,8.0162572,9821.8802,12252452,0,227376.8,4910.9401,222465.86
2024-12,2024-12-24,2024-12-31,4,5.7006294,1,0,1,1,7.9476685,8770.9614,11035892,0,9568.195,4385.4807,5182.7143
2025-01,2025-01-27,2025-01-31,4,5.5447843,1,1,0.5,1,7.9704367,4508.7417,5656831.4,0,-22279.93,2254.3708,-24534.301
2025-02,2025-02-24,2025-02-28,4,5.4102591,1,0,1,1,8.0200927,9241.7015,11523185,0,148860.15,4620.8507,144239.3
2025-03,2025-03-25,2025-03-31,4,5.2699714,1,0,1,1,8.0547326,9487.7175,11779059,0,76508.233,4743.8587,71764.374
2025-04,2025-04-24,2025-04-30,4,6.21123,1,0,1,1,8.0508731,8049.9353,9998835.2,0,121291.6,4024.9677,117266.64
2025-05,2025-05-23,2025-05-30,4,6.3178297,1,0,1,1,7.9780471,7914.1102,9919859,0,79825.955,3957.0551,75868.9
2025-06,2025-06-24,2025-06-30,4,6.365936,1,0,1,1,8.0585948,7854.3045,9746493.9,0,47319.2,3927.1523,43392.047
2025-07,2025-07-25,2025-07-31,4,5.1475407,1,1,0.5,1,8.0200927,4856.6882,6055650.9,0,14776.433,2428.3441,12348.089
2025-08,2025-08-25,2025-08-29,4,4.7150139,1,0,1,1,8.0663273,10604.423,13146532,0,53274.143,5302.2113,47971.931
2025-09,2025-09-24,2025-09-30,4,4.3650836,1,0,1,1,8.1129481,11454.534,14118831,0,689.10941,5727.2672,-5038.1578
2025-10,2025-10-27,2025-10-31,4,3.9367887,1,1,0.5,1,8.1717731,6350.3536,7771084,0,-62972.06,3175.1768,-66147.237
2025-11,2025-11-21,2025-11-28,4,3.7066134,1,0,1,1,8.1520966,13489.402,16547157,0,54817.865,6744.7012,48073.164
2025-12,2025-12-24,2025-12-31,4,3.5558498,1,0,1,1,8.1168508,14061.336,17323635,0,-40325.016,7030.6682,-47355.684
2026-01,2026-01-26,2026-01-30,4,3.3495088,1,1,0.5,1,8.0895892,7463.781,9226403,0,-29176.181,3731.8905,-32908.072
2026-02,2026-02-23,2026-02-27,4,3.3495088,1,0,1,1,8.1638943,14927.562,18284855,0,90596.842,7463.781,83133.061
2026-03,2026-03-25,2026-03-31,4,4.0971259,1,0,1,1,8.0470162,12203.677,15165468,0,38965.264,6101.8384,32863.425
2026-04,2026-04-24,2026-04-30,4,4.4928066,1,1,0.5,1,8.0547326,5564.4506,6908299.5,0,-49084.359,2782.2253,-51866.585
2026-05,2026-05-22,2026-05-29,4,4.8092131,1,0,1,1,7.9590408,10396.711,13062769,0,116930.78,5198.3556,111732.42
2026-06,2026-06-24,2026-06-30,4,4.3362876,1,0,1,1,8.0162572,11530.601,14384020,0,-32906.319,5765.3003,-38671.619
2026-07,2026-07-27,2026-07-31,4,4.4011747,1,1,0.5,1,7.9249945,5680.3016,7167578,0,-55847.498,2840.1508,-58687.649
2026-08,2026-08-25,2026-08-31,4,4.2795995,1,0,1,1,7.928767,11683.336,14735376,0,-125791.92,5841.6681,-131633.59
2026-09,2026-09-24,2026-09-30,4,4.5884589,1,0,1,1,7.7287227,10896.905,14099231,0,-116904.11,5448.4525,-122352.56
