month,T,E,FDD,z,z_ext,z_cash,w,tercile,ref,fomc_scheduled_in_window,R_pct,neg_dy_bp
2024-10,2024-10-31,2024-10-25,0.059520095,-0.42659626,-0.32327866,-0.49832111,0.57340374,low,0,0,-0.24644626,-3
2024-11,2024-11-29,2024-11-22,0.10898218,0.4840899,0.43374852,0.443544,1.4840899,high,1,0,1.8639015,23
2024-12,2024-12-31,2024-12-24,0.062010089,-0.38168434,-0.25160581,-0.51453134,0.61831566,low,0,0,0.084355222,1
2025-01,2025-01-31,2025-01-27,0.065224414,-0.32190738,-0.16071293,-0.52776005,0.67809262,low,0,1,-0.39462885,-5
2025-02,2025-02-28,2025-02-24,0.11368866,0.57292322,0.57229373,0.41760542,1.5729232,high,1,0,1.294761,16
2025-03,2025-03-31,2025-03-25,0.066605944,-0.29758534,-0.13962037,-0.50420605,0.70241466,mid,0,0,0.64636003,8
2025-04,2025-04-30,2025-04-24,0.065282243,-0.32167796,-0.18724636,-0.47877265,0.67832204,low,0,0,1.218299,15
2025-05,2025-05-30,2025-05-23,0.11022364,0.51057842,0.45068491,0.48031725,1.5105784,high,1,0,0.80472051,10
2025-06,2025-06-30,2025-06-24,0.064448726,-0.33818448,-0.20589342,-0.4868747,0.66181552,low,0,0,0.48523995,6
2025-07,2025-07-31,2025-07-25,0.064469826,-0.33735151,-0.19704723,-0.50082123,0.66264849,low,0,1,0.24156381,3
2025-08,2025-08-29,2025-08-25,0.11206896,0.5467295,0.50854733,0.46715544,1.5467295,high,1,0,0.4056285,5
2025-09,2025-09-30,2025-09-24,0.064127397,-0.34483001,-0.21104543,-0.49440796,0.65516999,low,0,0,0.0037581809,-0
2025-10,2025-10-31,2025-10-27,0.066879086,-0.29320321,-0.15331766,-0.46791296,0.70679679,mid,0,1,-0.81016324,-10
2025-11,2025-11-28,2025-11-21,0.11213179,0.54970492,0.46893299,0.54691282,1.5497049,high,1,0,0.33122641,4
2025-12,2025-12-31,2025-12-24,0.067216187,-0.2880667,-0.14247386,-0.47453541,0.7119333,mid,0,0,-0.23332756,-3
2026-01,2026-01-30,2026-01-26,0.065468739,-0.32030225,-0.18198089,-0.48470792,0.67969775,mid,0,1,-0.31624067,-4
2026-02,2026-02-27,2026-02-23,0.10546979,0.42704196,0.30429399,0.53402053,1.427042,high,1,0,0.49549159,6
2026-03,2026-03-31,2026-03-25,0.065504094,-0.32052174,-0.18415408,-0.48124463,0.67947826,low,0,0,0.25106111,3
2026-04,2026-04-30,2026-04-24,0.067932662,-0.27467769,-0.12908803,-0.46459309,0.72532231,mid,0,1,-0.70979389,-9
2026-05,2026-05-29,2026-05-22,0.1116855,0.54514563,0.43579063,0.59555977,1.5451456,high,1,0,0.89753535,11
2026-06,2026-06-30,2026-06-24,0.068621295,-0.26290109,-0.11117897,-0.46710071,0.73709891,mid,0,0,-0.22981961,-3
2026-07,2026-07-31,2026-07-27,0.068823688,-0.25878283,-0.10043428,-0.47607337,0.74121717,mid,0,1,-0.77929133,-10
2026-08,2026-08-31,2026-08-25,0.1082411,0.48198822,0.35267423,0.58577631,1.4819882,high,1,0,-0.85140449,-11
2026-09,2026-09-30,2026-09-24,0.068571671,-0.26452997,-0.11137161,-0.47072204,0.73547003,mid,0,0,-0.82752821,-11
