record_date,security_type_desc,security_class_desc,debt_held_public_mil_amt,intragov_hold_mil_amt,total_mil_amt
2001-01-31,Marketable,Bonds,623370.158,459.321,623829.479
2001-01-31,Marketable,Notes,1555056.155,2,1555058.155
2001-02-28,Marketable,Bonds,631024.385,459.321,631482.706
2001-02-28,Marketable,Notes,1534890.031,1,1534891.031
2001-03-31,Marketable,Bonds,627509.778,459.321,627969.099
2001-03-31,Marketable,Notes,1534867.53,1,1534868.53
2001-04-30,Marketable,Bonds,622497.752,459.321,622957.073
2001-04-30,Marketable,Notes,1492282.394,1,1492283.394
2001-05-31,Marketable,Bonds,618263.695,459.321,618723.016
2001-05-31,Marketable,Notes,1474376.008,1,1474377.008
2001-06-30,Marketable,Bonds,616496.241,459.321,616955.562
2001-06-30,Marketable,Notes,1474373.456,1,1474374.456
2001-07-31,Marketable,Bonds,612243.839,459.321,612703.16
2001-07-31,Marketable,Notes,1437087.666,1,1437088.666
2001-08-31,Marketable,Bonds,612541.834,459.321,613001.155
2001-08-31,Marketable,Notes,1432960.156,1,1432961.156
2001-09-30,Marketable,Bonds,612529.574,459.321,612988.895
2001-09-30,Marketable,Notes,1432947.267,9.5,1432956.767
2001-10-31,Marketable,Bonds,610022.795,459.321,610482.116
2001-10-31,Marketable,Notes,1419620.131,8,1419628.131
2001-11-30,Marketable,Bonds,606558.967,459.321,607018.288
2001-11-30,Marketable,Notes,1415453.387,8,1415461.387
2001-12-31,Marketable,Bonds,602271.86,459.321,602731.181
2001-12-31,Marketable,Notes,1413951.037,8,1413959.037
2002-01-31,Marketable,Bonds,602270.767,459.321,602730.088
2002-01-31,Marketable,Notes,1411894.104,8,1411902.104
2002-02-28,Marketable,Bonds,596364.597,459.321,596823.918
2002-02-28,Marketable,Notes,1443237,8,1443245
2002-03-31,Marketable,Bonds,596325.15,459.321,596784.471
2002-03-31,Marketable,Notes,1443241.603,8,1443249.603
2002-04-30,Marketable,Bonds,592710.0003,309.921,593019.9213
2002-04-30,Marketable,Notes,1445361.0727,15.95,1445377.0227
2002-05-31,Marketable,Bonds,592705.4819,309.921,593015.4029
2002-05-31,Marketable,Notes,1474312.969,15.95,1474328.919
2002-06-30,Marketable,Bonds,592704.369,309.921,593014.29
2002-06-30,Marketable,Notes,1474295.693,26,1474321.693
2002-07-31,Marketable,Bonds,592701.788,309.921,593011.709
2002-07-31,Marketable,Notes,1486931.899,25.95,1486957.849
2002-08-31,Marketable,Bonds,592698.788,309.921,593008.709
2002-08-31,Marketable,Notes,1508126.953,25.95,1508152.903
2002-09-30,Marketable,Bonds,592694.88,309.921,593004.801
2002-09-30,Marketable,Notes,1521571.714,24.95,1521596.664
2002-10-31,Marketable,Bonds,592689.016,309.921,592998.937
2002-10-31,Marketable,Notes,1527415.233,26,1527441.233
2002-11-30,Marketable,Bonds,588464.944,309.921,588774.865
2002-11-30,Marketable,Notes,1568837.947,26,1568863.947
2002-12-31,Marketable,Bonds,588450.369,309.921,588760.29
2002-12-31,Marketable,Notes,1580860.456,25.95,1580886.406
2003-01-31,Marketable,Bonds,588445.534,309.921,588755.455
2003-01-31,Marketable,Notes,1586143.748,25.95,1586169.698
2003-02-28,Marketable,Bonds,585445.716,309.921,585755.637
2003-02-28,Marketable,Notes,1616553.31,19,1616572.31
2003-03-31,Marketable,Bonds,585440.351,309.921,585750.272
2003-03-31,Marketable,Notes,1622916.621,18.95,1622935.571
2003-04-30,Marketable,Bonds,585436.438,309.921,585746.359
2003-04-30,Marketable,Notes,1631282.972,33.95,1631316.922
2003-05-31,Marketable,Bonds,582200.5835,309.921,582510.5045
2003-05-31,Marketable,Notes,1690261.3857,38.95,1690300.3357
2003-06-30,Marketable,Bonds,582197.033,309.894,582506.927
2003-06-30,Marketable,Notes,1713722.596,38.95,1713761.546
2003-07-31,Marketable,Bonds,582194.024,309.921,582503.945
2003-07-31,Marketable,Notes,1727709.02,46.95,1727755.97
2003-08-31,Marketable,Bonds,576600.501,309.921,576910.422
2003-08-31,Marketable,Notes,1749630.655,46.95,1749677.605
2003-09-30,Marketable,Bonds,576590.30735,309.921,576900.22835
2003-09-30,Marketable,Notes,1799423.8846,46.95,1799470.8346
2003-10-31,Marketable,Bonds,576586.043,309.921,576895.964
2003-10-31,Marketable,Notes,1822640.071,46.95,1822687.021
2003-11-30,Marketable,Bonds,564199.04,232.221,564431.261
2003-11-30,Marketable,Notes,1867370.202,46.95,1867417.152
2003-12-31,Marketable,Bonds,564186.003,232.221,564418.224
2003-12-31,Marketable,Notes,1905725.414,46.95,1905772.364
2004-01-31,Marketable,Bonds,564179.90805,232.221,564412.12905
2004-01-31,Marketable,Notes,1921742.4366,36.95,1921779.3866
2004-02-29,Marketable,Bonds,564174.314,232.221,564406.535
2004-02-29,Marketable,Notes,1952714.158,29,1952743.158
2004-03-31,Marketable,Bonds,564170.526,232.221,564402.747
2004-03-31,Marketable,Notes,1983436.521,29,1983465.521
2004-04-30,Marketable,Bonds,564168.8098,232.221,564401.0308
2004-04-30,Marketable,Notes,2001113.9306,34,2001147.9306
2004-05-31,Marketable,Bonds,555933.7708,140.671,556074.4418
2004-05-31,Marketable,Notes,2030668.7866,34,2030702.7866
2004-06-30,Marketable,Bonds,555923.0633,140.671,556063.7343
2004-06-30,Marketable,Notes,2052220.6766,43.45,2052264.1266
2004-07-31,Marketable,Bonds,555915.7152,140.671,556056.3862
2004-07-31,Marketable,Notes,2067221.049913,44.669687,2067265.7196
2004-08-31,Marketable,Bonds,551909.586,140.671,552050.257
2004-08-31,Marketable,Notes,2088509.0333395,44.7292605,2088553.7626
2004-09-30,Marketable,Bonds,551904.1454,140.671,552044.8164
2004-09-30,Marketable,Notes,2109494.1716,64,2109558.1716
2004-10-31,Marketable,Bonds,551902.107,140.671,552042.778
2004-10-31,Marketable,Notes,2124509.583,54,2124563.583
2004-11-30,Marketable,Bonds,539414.588,140.644,539555.232
2004-11-30,Marketable,Notes,2134317.565,54,2134371.565
2004-12-31,Marketable,Bonds,539406.499,140.644,539547.143
2004-12-31,Marketable,Notes,2157067.051,54,2157121.051
2005-01-31,Marketable,Bonds,539401.722,141,539542.722
2005-01-31,Marketable,Notes,2167268.133,49,2167317.133
2005-02-28,Marketable,Bonds,537234.023,0,537234.023
2005-02-28,Marketable,Notes,2205828.658,44,2205872.658
2005-03-31,Marketable,Bonds,537057.6048,171.035,537228.6398
2005-03-31,Marketable,Notes,2226179.944,490.722,2226670.666
2005-04-30,Marketable,Bonds,537069.766,155.435,537225.201
2005-04-30,Marketable,Notes,2241205.191,464.413,2241669.604
2005-05-31,Marketable,Bonds,529909.957,158.922,530068.879
2005-05-31,Marketable,Notes,2255535.025,561.872,2256096.897
2005-06-30,Marketable,Bonds,529746.38435,235.485,529981.86935
2005-06-30,Marketable,Notes,2272340.445,720.778,2273061.223
2005-07-31,Marketable,Bonds,529767.632,208.556,529976.188
2005-07-31,Marketable,Notes,2285419.8,640.653,2286060.453
2005-08-31,Marketable,Bonds,520501.992,205.882,520707.874
2005-08-31,Marketable,Notes,2312054.839,683.535,2312738.374
2005-09-30,Marketable,Bonds,520506.909,196.555,520703.464
2005-09-30,Marketable,Notes,2328212.656,574.815,2328787.471
2005-10-31,Marketable,Bonds,520490.6757,211.087,520701.7627
2005-10-31,Marketable,Notes,2335502.835,468.772,2335971.607
2005-11-30,Marketable,Bonds,516430.312,196.689,516627.001
2005-11-30,Marketable,Notes,2339284.3766,510.648,2339795.0246
2005-12-31,Marketable,Bonds,516424.5707,196.428,516620.9987
2005-12-31,Marketable,Notes,2360155.0306,638.44,2360793.4706
2006-01-31,Marketable,Bonds,516418.0072,200.797,516618.8042
2006-01-31,Marketable,Notes,2360363.4176,739.013,2361102.4306
2006-02-28,Marketable,Bonds,526498.3217,218.161,526716.4827
2006-02-28,Marketable,Notes,2390259.7566,1482.226,2391741.9826
2006-03-31,Marketable,Bonds,526501.3836,202.276,526703.6596
2006-03-31,Marketable,Notes,2408301.7836,1445.021,2409746.8046
2006-04-30,Marketable,Bonds,526510.1804,191.576,526701.7564
2006-04-30,Marketable,Notes,2408207.8876,1531.971,2409739.8586
2006-05-31,Marketable,Bonds,522965.4294,200.48,523165.9094
2006-05-31,Marketable,Notes,2406354.3886,1631.208,2407985.5966
2006-06-30,Marketable,Bonds,522923.7074,233.325,523157.0324
2006-06-30,Marketable,Notes,2425710.0926,1687.156,2427397.2486
2006-07-31,Marketable,Bonds,522918.2789,237.357,523155.6359
2006-07-31,Marketable,Notes,2414905.4316,1997.953,2416903.3846
2006-08-31,Marketable,Bonds,534472.8658,237.92,534710.7858
2006-08-31,Marketable,Notes,2437098.1486,2064.64,2439162.7886
2006-09-30,Marketable,Bonds,534473.3133,236.571,534709.8843
2006-09-30,Marketable,Notes,2445307.0616,1853.099,2447160.1606
2006-10-31,Marketable,Bonds,534471.66025,237.451,534709.11125
2006-10-31,Marketable,Notes,2442788.6346,1596.472,2444385.1066
2006-11-30,Marketable,Bonds,530439.17415,255.196,530694.37015
2006-11-30,Marketable,Notes,2432207.0476,1655.127,2433862.1746
2006-12-31,Marketable,Bonds,530547.63015,134.403,530682.03315
2006-12-31,Marketable,Notes,2440465.6716,1394.306,2441859.9776
2007-01-31,Marketable,Bonds,530550.09065,125.73,530675.82065
2007-01-31,Marketable,Notes,2458553.4656,1186.62,2459740.0856
2007-02-28,Marketable,Bonds,540363.10415,133.845,540496.94915
2007-02-28,Marketable,Notes,2459427.7436,1063,2460490.7436
2007-03-31,Marketable,Bonds,540372.12815,122.929,540495.05715
2007-03-31,Marketable,Notes,2467392.8706,1097.311,2468490.1816
2007-04-30,Marketable,Bonds,540398.12915,96.018,540494.14715
2007-04-30,Marketable,Notes,2481730.3186,989.546,2482719.8646
2007-05-31,Marketable,Bonds,547151.22505,105.4,547256.62505
2007-05-31,Marketable,Notes,2461180.4206,1796.98,2462977.4006
2007-06-30,Marketable,Bonds,547131.36895,123.893,547255.26195
2007-06-30,Marketable,Notes,2469083.3696,1892.387,2470975.7566
2007-07-31,Marketable,Bonds,547033.02195,220.555,547253.57695
2007-07-31,Marketable,Notes,2491975.4746,2084.099,2494059.5736
2007-08-31,Marketable,Bonds,560908.41945,190.238,561098.65745
2007-08-31,Marketable,Notes,2448153.4976,1887.67,2450041.1676
2007-09-30,Marketable,Bonds,560921.83845,176.312,561098.15045
2007-09-30,Marketable,Notes,2456099.9866,1938.664,2458038.6506
2007-10-31,Marketable,Bonds,560936.60295,160,561097.60295
2007-10-31,Marketable,Notes,2480545.8316,1568,2482113.8316
2007-11-30,Marketable,Bonds,558444.7229,97,558541.7229
2007-11-30,Marketable,Notes,2463675.1706,1326,2465000.1706
2007-12-31,Marketable,Bonds,558446.9119,90.923,558537.8349
2007-12-31,Marketable,Notes,2487367.5596,1119.111,2488486.6706
2008-01-31,Marketable,Bonds,558444.7474,92.031,558536.7784
2008-01-31,Marketable,Notes,2502767.3686,1181.739,2503949.1076
2008-02-29,Marketable,Bonds,571736.1924,94.208,571830.4004
2008-02-29,Marketable,Notes,2477293.2186,1073.518,2478366.7366
2008-03-31,Marketable,Bonds,571738.0504,91.549,571829.5994
2008-03-31,Marketable,Notes,2513107.6606,979.439,2514087.0996
2008-04-30,Marketable,Bonds,571759.6929,69.229,571828.9219
2008-04-30,Marketable,Notes,2539859.2959,885.894,2540745.1899
2008-05-31,Marketable,Bonds,580983.2056,76,581059.2056
2008-05-31,Marketable,Notes,2475730.4307,855,2476584.4307
2008-06-30,Marketable,Bonds,580994.8716,64,581058.8716
2008-06-30,Marketable,Notes,2542525.5796,916,2543441.5796
2008-07-31,Marketable,Bonds,580981.9603,75.8078,581057.7681
2008-07-31,Marketable,Notes,2573863.0694,890.0089,2574753.0783
2008-08-31,Marketable,Bonds,582815.1345,59,582874.1345
2008-08-31,Marketable,Notes,2555609.4783,829,2556438.4783
2008-09-30,Marketable,Bonds,578503.5363,4368,582871.5363
2008-09-30,Marketable,Notes,2623364.0767,1395,2624759.0767
2008-10-31,Marketable,Bonds,578915.3733,3955,582870.3733
2008-10-31,Marketable,Notes,2685691.3241,913,2686604.3241
2008-11-30,Marketable,Bonds,591491.6771,3149,594641.6771
2008-11-30,Marketable,Notes,2673928.3123,952,2674880.3123
2008-12-31,Marketable,Bonds,591867.08122672,2774.06177328,594641.143
2008-12-31,Marketable,Notes,2791514.112,692.22,2792206.332
2009-01-31,Marketable,Bonds,591889.54692396,2751.31507604,594640.862
2009-01-31,Marketable,Notes,2825174.2568,835.0797,2826009.3365
2009-02-28,Marketable,Bonds,606670.23368742,2682.93831258,609353.172
2009-02-28,Marketable,Notes,2891333.8984,627.3007,2891961.1991
2009-03-31,Marketable,Bonds,617627.51287662,2920.92342338,620548.4363
2009-03-31,Marketable,Notes,3084283.2334,603.9567,3084887.1901
2009-04-30,Marketable,Bonds,618353.0993,2195.1678,620548.2671
2009-04-30,Marketable,Notes,3204051.1807,400.4097,3204451.5904
2009-05-31,Marketable,Bonds,631734.3399,811.5938,632545.9337
2009-05-31,Marketable,Notes,3210871.7888,431.1157,3211302.9045
2009-06-30,Marketable,Bonds,642050.3618,1609.9508,643660.3126
2009-06-30,Marketable,Notes,3417318.5368,421.5787,3417740.1155
2009-07-31,Marketable,Bonds,653069.4044,1775.959,654845.3634
2009-07-31,Marketable,Notes,3546950.3271,532.012,3547482.3391
2009-08-31,Marketable,Bonds,665743.82825,2032.375,667776.20325
2009-08-31,Marketable,Notes,3638048.6974,586.276,3638634.9734
2009-09-30,Marketable,Bonds,677490.86735,2309.171,679800.03835
2009-09-30,Marketable,Notes,3772964.3659,802.842,3773767.2079
2009-10-31,Marketable,Bonds,689020.60265,2867.056,691887.65865
2009-10-31,Marketable,Notes,3816792.1487,1431.589,3818223.7377
2009-11-30,Marketable,Bonds,701634.04875,3227.823,704861.87175
2009-11-30,Marketable,Notes,4038278.0227,1497.874,4039775.8967
2009-12-31,Marketable,Bonds,714672.12825,3259.052,717931.18025
2009-12-31,Marketable,Notes,4179411.7049,1696.285,4181107.9899
2010-01-31,Marketable,Bonds,727748.65375,3687.089,731435.74275
2010-01-31,Marketable,Notes,4227723.1473,1746.908,4229470.0553
2010-02-28,Marketable,Bonds,745399.69455,3832.596,749232.29055
2010-02-28,Marketable,Notes,4335457.3202,1879.951,4337337.2712
2010-03-31,Marketable,Bonds,758780.89615,3605.072,762385.96815
2010-03-31,Marketable,Notes,4563765.8065,2291.001,4566056.8075
2010-04-30,Marketable,Bonds,772541.94935,3795.5162,776337.46555
2010-04-30,Marketable,Notes,4701669.9588,2612.592,4704282.5508
2010-05-31,Marketable,Bonds,789716.74505,4014.6692,793731.41425
2010-05-31,Marketable,Notes,4731331.5841,2669.555,4734001.1391
2010-06-30,Marketable,Bonds,802589.17665,4216.5562,806805.73285
2010-06-30,Marketable,Notes,4935130.9883,3245.029,4938376.0173
2010-07-31,Marketable,Bonds,815695.74595,4113.488,819809.23395
2010-07-31,Marketable,Notes,4978424.5783,2965.235,4981389.8133
2010-08-31,Marketable,Bonds,832775.0243,3992.344,836767.3683
2010-08-31,Marketable,Notes,5145381.4393,2918.742,5148300.1813
2010-09-30,Marketable,Bonds,846054.28245,3853.3048,849907.58725
2010-09-30,Marketable,Notes,5252584.6488,3300.96,5255885.6088
2010-10-31,Marketable,Bonds,859205.52475,3816.3828,863021.90755
2010-10-31,Marketable,Notes,5293329.6674,3014.933,5296344.6004
2010-11-30,Marketable,Bonds,875646.1353,3804.6338,879450.7691
2010-11-30,Marketable,Notes,5464886.77,2901.192,5467787.962
2010-12-31,Marketable,Bonds,888428.5901,4211.0468,892639.6369
2010-12-31,Marketable,Notes,5568200.5269,3548.023,5571748.5499
2011-01-31,Marketable,Bonds,901966.7037,3957.8,905924.5037
2011-01-31,Marketable,Notes,5668644.1712,3539.6,5672183.7712
2011-02-28,Marketable,Bonds,918418.0085,3872.5,922290.5085
2011-02-28,Marketable,Notes,5747049.7413,3776.9,5750826.6413
2011-03-31,Marketable,Bonds,931474.1711,3815,935289.1711
2011-03-31,Marketable,Notes,5843938.2418,3933,5847871.2418
2011-04-30,Marketable,Bonds,945100.4643,3828.488,948928.9523
2011-04-30,Marketable,Notes,5898888.548,4591.8,5903480.348
2011-05-31,Marketable,Bonds,961175.6472,3753.2,964928.8472
2011-05-31,Marketable,Notes,6049389.9154,5349.8,6054739.7154
2011-06-30,Marketable,Bonds,974150.2478,3774,977924.2478
2011-06-30,Marketable,Notes,6145990.8033,5273.5,6151264.3033
2011-07-31,Marketable,Bonds,986819.31195,4104.8344,990924.14635
2011-07-31,Marketable,Notes,6199125.0445,5138.461,6204263.5055
2011-08-31,Marketable,Bonds,1003416.80985,3997.0854,1007413.89525
2011-08-31,Marketable,Notes,6313529.098,5144.8848,6318673.9828
2011-09-30,Marketable,Bonds,1016407.34665,4005.5074,1020412.85405
2011-09-30,Marketable,Notes,6406983.274,5510.2008,6412493.4748
2011-10-31,Marketable,Bonds,1029426.37555,3986.2704,1033412.64595
2011-10-31,Marketable,Notes,6501318.932,5673.2508,6506992.1828
2011-11-30,Marketable,Bonds,1046715.06355,3921.6914,1050636.75495
2011-11-30,Marketable,Notes,6573057.286,5900.5298,6578957.8158
2011-12-31,Marketable,Bonds,1060111.24405,4001.084,1064112.32805
2011-12-31,Marketable,Notes,6598893.7273,6162.0398,6605055.7671
2012-01-31,Marketable,Bonds,1073882.79635,4151.794,1078034.59035
2012-01-31,Marketable,Notes,6705363.62690001,5952.6384,6711316.2653
2012-02-29,Marketable,Bonds,1091968.03095,4017.3472,1095985.37815
2012-02-29,Marketable,Notes,6748203.2975,6211.6804,6754414.9779
2012-03-31,Marketable,Bonds,1105889.78055,3998.2557,1109888.03625
2012-03-31,Marketable,Notes,6770349.4391,6134.8108,6776484.2499
2012-04-30,Marketable,Bonds,1121252.24655,4001.226,1125253.47255
2012-04-30,Marketable,Notes,6877079.9846,6268.908,6883348.8926
2012-05-31,Marketable,Bonds,1138296.67615,3957.792,1142254.46815
2012-05-31,Marketable,Notes,6935158.7662,6348.595,6941507.3612
2012-06-30,Marketable,Bonds,1152799.9556,3372.254,1156172.2096
2012-06-30,Marketable,Notes,6957008.5783,5870.746,6962879.3243
2012-07-31,Marketable,Bonds,1165649.61965,3522.32,1169171.93965
2012-07-31,Marketable,Notes,7061335.3294,5815.282,7067150.6114
2012-08-31,Marketable,Bonds,1181747.95725,3424.16,1185172.11725
2012-08-31,Marketable,Notes,7100324.631,5463.913,7105788.544
2012-09-30,Marketable,Bonds,1194715.40445,3451.89,1198167.29445
2012-09-30,Marketable,Notes,7114960.4503,5744.657,7120705.1073
2012-10-31,Marketable,Bonds,1207849.06545,3318.14,1211167.20545
2012-10-31,Marketable,Notes,7221718.0503,6450.526,7228168.5763
2012-11-30,Marketable,Bonds,1223858.22825,3303.95,1227162.17825
2012-11-30,Marketable,Notes,7261196.819,6547.948,7267744.767
2012-12-31,Marketable,Bonds,1236668.66605,3492.47,1240161.13605
2012-12-31,Marketable,Notes,7320862.1178,6253.379,7327115.4968
2013-01-31,Marketable,Bonds,1249625.28175,3535.83,1253161.11175
2013-01-31,Marketable,Notes,7380027.6167,6137.492,7386165.1087
2013-02-28,Marketable,Bonds,1265672.62025,3488.25,1269160.87025
2013-02-28,Marketable,Notes,7416574.0663,5887.541,7422461.6073
2013-03-31,Marketable,Bonds,1278669.82045,3491.0083,1282160.82875
2013-03-31,Marketable,Notes,7428092.1204,6896.0552,7434988.1756
2013-04-30,Marketable,Bonds,1291619.00275,3541.6803,1295160.68305
2013-04-30,Marketable,Notes,7520728.0586,7241.8942,7527969.9528
2013-05-31,Marketable,Bonds,1307774.0762,3386.5023,1311160.5785
2013-05-31,Marketable,Notes,7557101.6886,7827.5602,7564929.2488
2013-06-30,Marketable,Bonds,1320621.5285,3538.9313,1324160.4598
2013-06-30,Marketable,Notes,7574018.0877,7701.0312,7581719.1189
2013-07-31,Marketable,Bonds,1333834.2097,3325.3263,1337159.536
2013-07-31,Marketable,Notes,7672139.4197,7943.0372,7680082.4569
2013-08-31,Marketable,Bonds,1350078.5016,3079.8503,1353158.3519
2013-08-31,Marketable,Notes,7658872.2316,7652.6852,7666524.9168
2013-09-30,Marketable,Bonds,1363114.0216,3044.249,1366158.2706
2013-09-30,Marketable,Notes,7750335.9997,7614.798,7757950.7977
2013-10-31,Marketable,Bonds,1379098.6364,59.598,1379158.2344
2013-10-31,Marketable,Notes,7804727.2729,6548.023,7811275.2959
2013-11-30,Marketable,Bonds,1395101.2283,52.015,1395153.2433
2013-11-30,Marketable,Notes,7795110.09909999,6675.115,7801785.21409999
2013-12-31,Marketable,Bonds,1408109.593,43.345,1408152.938
2013-12-31,Marketable,Notes,7875064.94629999,6668.821,7881733.76729999
2014-01-31,Marketable,Bonds,1421109.6851,43.255,1421152.9401
2014-01-31,Marketable,Notes,7922463.82109999,6629.596,7929093.41709999
2014-02-28,Marketable,Bonds,1437113.3049,39.271,1437152.5759
2014-02-28,Marketable,Notes,7942678.09439999,6656.101,7949334.19539999
2014-03-31,Marketable,Bonds,1450113.65795,38.929,1450152.58695
2014-03-31,Marketable,Notes,7986238.22979999,6654.367,7992892.59679999
2014-04-30,Marketable,Bonds,1463106.92415,45.594,1463152.51815
2014-04-30,Marketable,Notes,8027406.04059999,6755.215,8034161.25559999
2014-05-31,Marketable,Bonds,1479103.68185,43.967,1479147.64885
2014-05-31,Marketable,Notes,8021080.91539999,6772.0133,8027852.92869999
2014-06-30,Marketable,Bonds,1492099.86445,47.721,1492147.58545
2014-06-30,Marketable,Notes,8082060.81039999,7227.5713,8089288.38169999
2014-07-31,Marketable,Bonds,1505091.00965,53.543,1505144.55265
2014-07-31,Marketable,Notes,8116077.55389999,7259.2093,8123336.76319999
2014-08-31,Marketable,Bonds,1521087.53595,56.899,1521144.43495
2014-08-31,Marketable,Notes,8109268.65069999,7365.3453,8116633.99599999
2014-09-30,Marketable,Bonds,1534068.51885,75.922,1534144.44085
2014-09-30,Marketable,Notes,8160195.75659999,7562.8683,8167758.62489999
2014-10-31,Marketable,Bonds,1547072.77635,71.625,1547144.40135
2014-10-31,Marketable,Notes,8192466.07559999,7251.9073,8199717.98289999
2014-11-30,Marketable,Bonds,1563086.18405,79.602,1563165.78605
2014-11-30,Marketable,Notes,8182672.85079999,7189.7683,8189862.61909999
2014-12-31,Marketable,Bonds,1576086.72505,79.067,1576165.79205
2014-12-31,Marketable,Notes,8221365.83539999,7820.2883,8229186.12369999
2015-01-31,Marketable,Bonds,1589088.33615,76.922,1589165.25815
2015-01-31,Marketable,Notes,8232100.38069999,7814.1663,8239914.54699999
2015-02-28,Marketable,Bonds,1594569.95005,78.274,1594648.22405
2015-02-28,Marketable,Notes,8222351.36769999,7764.0253,8230115.39299999
2015-03-31,Marketable,Bonds,1607585.26735,61.701,1607646.96835
2015-03-31,Marketable,Notes,8256665.80539999,7767.0763,8264432.88169999
2015-04-30,Marketable,Bonds,1620594.55235,51.4598,1620646.01215
2015-04-30,Marketable,Notes,8276264.4947,7758.9643,8284023.459
2015-05-31,Marketable,Bonds,1636949.922,57.772,1637007.694
2015-05-31,Marketable,Notes,8256835.56769999,7799.177,8264634.7447
2015-06-30,Marketable,Bonds,1649925.1965,82.145,1650007.3415
2015-06-30,Marketable,Notes,8297600.7355,7778.471,8305379.2065
2015-07-31,Marketable,Bonds,1662888.5746,118.751,1663007.3256
2015-07-31,Marketable,Notes,8327379.9401,7765.319,8335145.2591
2015-08-31,Marketable,Bonds,1675201.3214,104.72,1675306.0414
2015-08-31,Marketable,Notes,8331370.7709,7387.836,8338758.6069
2015-09-30,Marketable,Bonds,1688208.17795,97.028,1688305.20595
2015-09-30,Marketable,Notes,8366026.282,6630.594,8372656.876
2015-10-31,Marketable,Bonds,1699231.03465,2073.846,1701304.88065
2015-10-31,Marketable,Notes,8378695.6154,6961.682,8385657.2974
2015-11-30,Marketable,Bonds,1711698.18545,104.316,1711802.50145
2015-11-30,Marketable,Notes,8416433.0838,6151.632,8422584.7158
2015-12-31,Marketable,Bonds,1724692.14925,110.019,1724802.16825
2015-12-31,Marketable,Notes,8450685.8267,6145.164,8456830.9907
2016-01-31,Marketable,Bonds,1737697.50885,99.445,1737796.95385
2016-01-31,Marketable,Notes,8463345.7186,6483.623,8469829.3416
2016-02-29,Marketable,Bonds,1748434.89255,106.636,1748541.52855
2016-02-29,Marketable,Notes,8510277.252,5661.857,8515939.109
2016-03-31,Marketable,Bonds,1760426.90755,112.695,1760539.60255
2016-03-31,Marketable,Notes,8537558.9406,5640.741,8543199.6816
2016-04-30,Marketable,Bonds,1772499.90925,118.049,1772617.95825
2016-04-30,Marketable,Notes,8550339.29169999,5143.969,8555483.26069999
2016-05-31,Marketable,Bonds,1772075.04865,121.717,1772196.76565
2016-05-31,Marketable,Notes,8582308.2022,5372.227,8587680.4292
2016-06-30,Marketable,Bonds,1784037.7573,154.044,1784191.8013
2016-06-30,Marketable,Notes,8600640.7329,5966.607,8606607.3399
2016-07-31,Marketable,Bonds,1796813.6419,157.741,1796971.3829
2016-07-31,Marketable,Notes,8615474.40029999,5997.876,8621472.27629999
2016-08-31,Marketable,Bonds,1813340.3544,166.849,1813507.2034
2016-08-31,Marketable,Notes,8612474.0835,6756.834,8619230.9175
2016-09-30,Marketable,Bonds,1825338.3327,168.713,1825507.0457
2016-09-30,Marketable,Notes,8624252.8908,6739.591,8630992.4818
2016-10-31,Marketable,Bonds,1837331.0396,174.307,1837505.3466
2016-10-31,Marketable,Notes,8634477.9728,6750.073,8641228.0458
2016-11-30,Marketable,Bonds,1836816.3174,185.202,1837001.5194
2016-11-30,Marketable,Notes,8638259.05489999,6783.624,8645042.67889999
2016-12-31,Marketable,Bonds,1848817.413,183.983,1849001.396
2016-12-31,Marketable,Notes,8652237.8425,6779.658,8659017.5005
2017-01-31,Marketable,Bonds,1861476.7639,189.435,1861666.1989
2017-01-31,Marketable,Notes,8671703.7878,6776.415,8678480.2028
2017-02-28,Marketable,Bonds,1878200.0886,197.793,1878397.8816
2017-02-28,Marketable,Notes,8677837.12549999,6798.299,8684635.42449999
2017-03-31,Marketable,Bonds,1890157.8438,239.69,1890397.5338
2017-03-31,Marketable,Notes,8695551.6463,6821.979,8702373.6253
2017-04-30,Marketable,Bonds,1902274.5069,221.58,1902496.0869
2017-04-30,Marketable,Notes,8709934.8112,6775.765,8716710.5762
2017-05-31,Marketable,Bonds,1906667.0057,220.397,1906887.4027
2017-05-31,Marketable,Notes,8729402.9011,6466.154,8735869.0551
2017-06-30,Marketable,Bonds,1918661.3582,225.541,1918886.8992
2017-06-30,Marketable,Notes,8751867.91979999,6449.094,8758317.0138
2017-07-31,Marketable,Bonds,1930927.8866,232.349,1931160.2356
2017-07-31,Marketable,Notes,8775867.1999,6442.822,8782310.0219
2017-08-31,Marketable,Bonds,1936399.7093,3305.3009,1939705.0102
2017-08-31,Marketable,Notes,8781809.986,6694.902,8788504.888
2017-09-30,Marketable,Bonds,1948414.2555,3290.5509,1951704.8064
2017-09-30,Marketable,Notes,8798940.09979999,6558.605,8805498.70479999
2017-10-31,Marketable,Bonds,1960409.9074,3294.0409,1963703.9483
2017-10-31,Marketable,Notes,8823959.0164,6173.591,8830132.6074
2017-11-30,Marketable,Bonds,1977262.9073,3262.1037,1980525.011
2017-11-30,Marketable,Notes,8825124.2438,5620.3771,8830744.6209
2017-12-31,Marketable,Bonds,1989230.8254,3293.2359,1992524.0613
2017-12-31,Marketable,Notes,8844127.9509,5615.7311,8849743.682
2018-01-31,Marketable,Bonds,2001727.3211,3202.4029,2004929.724
2018-01-31,Marketable,Notes,8884060.49449999,5114.7071,8889175.20159999
2018-02-28,Marketable,Bonds,2020732.612,3219.2052,2023951.8172
2018-02-28,Marketable,Notes,8894907.0967,4649.4141,8899556.5108
2018-03-31,Marketable,Bonds,2033787.4012,3164.3781,2036951.7793
2018-03-31,Marketable,Notes,8920299.8521,4255.4711,8924555.3232
2018-04-30,Marketable,Bonds,2042166.2234,7807.7192,2049973.9426
2018-04-30,Marketable,Notes,8970018.1388,4201.3481,8974219.4869
2018-05-31,Marketable,Bonds,2052472.6264,11882.036,2064354.6624
2018-05-31,Marketable,Notes,8997904.8393,4292.5031,9002197.3424
2018-06-30,Marketable,Bonds,2066743.1254,11611.4248,2078354.5502
2018-06-30,Marketable,Notes,9028002.668,4193.6487,9032196.3167
2018-07-31,Marketable,Bonds,2080147.0891,12260.7801,2092407.8692
2018-07-31,Marketable,Notes,9090754.4888,4186.4483,9094940.9371
2018-08-31,Marketable,Bonds,2099970.3341,12852.2406,2112822.5747
2018-08-31,Marketable,Notes,9116173.82889999,4206.6663,9120380.4952
2018-09-30,Marketable,Bonds,2114982.477,12840.0558,2127822.5328
2018-09-30,Marketable,Notes,9150300.575,4079.1046,9154379.6796
2018-10-31,Marketable,Bonds,2129632.8555,13189.4088,2142822.2643
2018-10-31,Marketable,Notes,9213590.6297,4619.5516,9218210.1813
2018-11-30,Marketable,Bonds,2145312.6408,13208.5321,2158521.1729
2018-11-30,Marketable,Notes,9236034.0119,4399.6206,9240433.6325
2018-12-31,Marketable,Bonds,2161472.0718,13049.063,2174521.1348
2018-12-31,Marketable,Notes,9292753.2209,4294.2756,9297047.4965
2019-01-31,Marketable,Bonds,2177714.7325,12800.975,2190515.7075
2019-01-31,Marketable,Notes,9351632.4249,4217.3126,9355849.7375
2019-02-28,Marketable,Bonds,2187909.0218,13090.7814,2200999.8032
2019-02-28,Marketable,Notes,9371585.039,4686.0376,9376271.07659999
2019-03-31,Marketable,Bonds,2203850.0173,13149.5906,2216999.6079
2019-03-31,Marketable,Notes,9410162.4631,4107.3816,9414269.8447
2019-04-30,Marketable,Bonds,2222584.0076,10417.5566,2233001.5642
2019-04-30,Marketable,Notes,9485848.78639999,5539.9009,9491388.68729999
2019-05-31,Marketable,Bonds,2247948.9891,10525.063,2258474.0521
2019-05-31,Marketable,Notes,9511363.20129999,5028.9109,9516392.11219999
2019-06-30,Marketable,Bonds,2266020.17915,8453.4637,2274473.64285
2019-06-30,Marketable,Notes,9548046.6839,6369.9619,9554416.6458
2019-07-31,Marketable,Bonds,2282191.20835,8418.4299,2290609.63825
2019-07-31,Marketable,Notes,9636336.56649999,5884.5709,9642221.13739999
2019-08-31,Marketable,Bonds,2294495.71895,8571.4831,2303067.20205
2019-08-31,Marketable,Notes,9650801.0987,5621.0669,9656422.1656
2019-09-30,Marketable,Bonds,2311516.72155,7548.2667,2319064.98825
2019-09-30,Marketable,Notes,9755985.29589999,6798.4679,9762783.76379999
2019-10-31,Marketable,Bonds,2329495.88105,5568.906,2335064.78705
2019-10-31,Marketable,Notes,9826407.4595,8537.8289,9834945.2884
2019-11-30,Marketable,Bonds,2357221.29215,5837.1336,2363058.42575
2019-11-30,Marketable,Notes,9821958.4423,8470.366,9830428.8083
2019-12-31,Marketable,Bonds,2373512.97245,5544.2624,2379057.23485
2019-12-31,Marketable,Notes,9920786.3263,8444.271,9929230.59729999
2020-01-31,Marketable,Bonds,2390076.11015,5492.7337,2395568.84385
2020-01-31,Marketable,Notes,9990403.1329,8332.8188,9998735.9517
2020-02-29,Marketable,Bonds,2408017.04325,5525.005,2413542.04825
2020-02-29,Marketable,Notes,9985777.397,8497.6318,9994275.0288
2020-03-31,Marketable,Bonds,2424352.70715,5204.4822,2429557.18935
2020-03-31,Marketable,Notes,10084216.8933,8280.5423,10092497.4356
2020-04-30,Marketable,Bonds,2441632.25135,4980.8687,2446613.12005
2020-04-30,Marketable,Notes,10155648.0148,8078.6808,10163726.6956
2020-05-31,Marketable,Bonds,2467632.19045,5033.4901,2472665.68055
2020-05-31,Marketable,Notes,10168689.3969,8023.7888,10176713.1857
2020-06-30,Marketable,Bonds,2528443.71785,4916.9258,2533360.64365
2020-06-30,Marketable,Notes,10306753.0041,7711.97,10314464.9741
2020-07-31,Marketable,Bonds,2567980.57055,4978.7562,2572959.32675
2020-07-31,Marketable,Notes,10419741.7214,7887.1411,10427628.8625
2020-08-31,Marketable,Bonds,2619323.33755,5212.0582,2624535.39575
2020-08-31,Marketable,Notes,10516332.2944,7699.5683,10524031.8627
2020-09-30,Marketable,Bonds,2668116.11955,5376.6729,2673492.79245
2020-09-30,Marketable,Notes,10655969.4827,7794.1734,10663763.6561
2020-10-31,Marketable,Bonds,2691618.3352,5517.8298,2697136.165
2020-10-31,Marketable,Notes,10721510.7534,7690.8788,10729201.6322
2020-11-30,Marketable,Bonds,2781069.1916,5550.0978,2786619.2894
2020-11-30,Marketable,Notes,10911912.1931,7223.6821,10919135.8752
2020-12-31,Marketable,Bonds,2833624.8017,5668.1018,2839292.9035
2020-12-31,Marketable,Notes,11084743.8407,7180.3536,11091924.1943
2021-01-31,Marketable,Bonds,2859903.3128,5802.1768,2865705.4896
2021-01-31,Marketable,Notes,11165664.0329,7097.7389,11172761.7718
2021-02-28,Marketable,Bonds,2913929.47645,5738.9135,2919668.38995
2021-02-28,Marketable,Notes,11305192.4368,7083.5036,11312275.9404
2021-03-31,Marketable,Bonds,3000423.40705,5891.1185,3006314.52555
2021-03-31,Marketable,Notes,11590088.1326,7128.8776,11597217.0102
2021-04-30,Marketable,Bonds,3056508.71285,6073.5295,3062582.24235
2021-04-30,Marketable,Notes,11776025.3395,7278.8156,11783304.1551
2021-05-31,Marketable,Bonds,3087149.40065,6689.6865,3093839.08715
2021-05-31,Marketable,Notes,11821156.9228,9198.0221,11830354.9449
2021-06-30,Marketable,Bonds,3173226.33755,6702.2495,3179928.58705
2021-06-30,Marketable,Notes,12097215.864,9135.6916,12106351.5556
2021-07-31,Marketable,Bonds,3201102.47665,6777.0535,3207879.53015
2021-07-31,Marketable,Notes,12176507.056,8518.7767,12185025.8327
2021-08-31,Marketable,Bonds,3287357.47535,6752.1723,3294109.64765
2021-08-31,Marketable,Notes,12403487.9371,8425.0361,12411912.9732
2021-09-30,Marketable,Bonds,3340760.23275,6795.2563,3347555.48905
2021-09-30,Marketable,Notes,12570462.9311,8478.1686,12578941.0997
2021-10-31,Marketable,Bonds,3365745.29945,7615.0675,3373360.36695
2021-10-31,Marketable,Notes,12637484.2393,8680.1846,12646164.4239
2021-11-30,Marketable,Bonds,3426187.93515,7337.3925,3433525.32765
2021-11-30,Marketable,Notes,12845780.9777,8780.2793,12854561.257
2021-12-31,Marketable,Bonds,3474153.37875,7357.9765,3481511.35525
2021-12-31,Marketable,Notes,12992160.0952,8346.4083,13000506.5035
2022-01-31,Marketable,Bonds,3522479.45895,7549.9745,3530029.43345
2022-01-31,Marketable,Notes,13133210.6765,8340.2153,13141550.8918
2022-02-28,Marketable,Bonds,3581504.05005,7691.5634,3589195.61345
2022-02-28,Marketable,Notes,13219366.246,8258.6236,13227624.8696
2022-03-31,Marketable,Bonds,3623927.98175,7578.4495,3631506.43125
2022-03-31,Marketable,Notes,13340845.6346,7617.8156,13348463.4502
2022-04-30,Marketable,Bonds,3650002.05585,6275.2185,3656277.27435
2022-04-30,Marketable,Notes,13401966.6033,7572.7299,13409539.3332
2022-05-31,Marketable,Bonds,3725316.69055,6115.4645,3731432.15505
2022-05-31,Marketable,Notes,13508581.9001,7748.7809,13516330.681
2022-06-30,Marketable,Bonds,3760441.60215,6178.2195,3766619.82165
2022-06-30,Marketable,Notes,13575955.1127,7642.2049,13583597.3176
2022-07-31,Marketable,Bonds,3781547.80095,6493.6315,3788041.43245
2022-07-31,Marketable,Notes,13623822.5948,7140.6159,13630963.2107
2022-08-31,Marketable,Bonds,3837714.75775,6638.0155,3844352.77325
2022-08-31,Marketable,Notes,13664817.6994,7328.1149,13672145.8143
2022-09-30,Marketable,Bonds,3867671.65395,6680.4895,3874352.14345
2022-09-30,Marketable,Notes,13696487.6086,7307.7439,13703795.3525
2022-10-31,Marketable,Bonds,3897465.22365,6875.0515,3904340.27515
2022-10-31,Marketable,Notes,13727319.9538,6889.1039,13734209.0577
2022-11-30,Marketable,Bonds,3934877.79015,7011.6605,3941889.45065
2022-11-30,Marketable,Notes,13711307.1068,6630.2469,13717937.3537
2022-12-31,Marketable,Bonds,3952657.97855,7215.6275,3959873.60605
2022-12-31,Marketable,Notes,13745309.0878,6607.7819,13751916.8697
2023-01-31,Marketable,Bonds,3994729.94755,7131.7605,4001861.70805
2023-01-31,Marketable,Notes,13747218.0025,6572.5649,13753790.5674
2023-02-28,Marketable,Bonds,4026597.14375,7096.9704,4033694.11415
2023-02-28,Marketable,Notes,13724049.5282,6474.8589,13730524.3871
2023-03-31,Marketable,Bonds,4056720.6683,6972.9905,4063693.6588
2023-03-31,Marketable,Notes,13731520.1662,6332.7049,13737852.8711
2023-04-30,Marketable,Bonds,4075797.4889,7027.5335,4082825.0224
2023-04-30,Marketable,Notes,13768211.0391,6084.4799,13774295.519
2023-05-31,Marketable,Bonds,4133645.3879,6858.1425,4140503.5304
2023-05-31,Marketable,Notes,13712974.3362,5303.0711,13718277.4073
2023-06-30,Marketable,Bonds,4163696.8319,6805.3735,4170502.2054
2023-06-30,Marketable,Notes,13718906.6759,5061.8406,13723968.5165
2023-07-31,Marketable,Bonds,4193664.5919,6686.2202,4200350.8121
2023-07-31,Marketable,Notes,13727102.422,5004.0112,13732106.4332
2023-08-31,Marketable,Bonds,4220197.8611,6729.4072,4226927.2683
2023-08-31,Marketable,Notes,13697858.6289,4688.6406,13702547.2695
2023-09-30,Marketable,Bonds,4240162.2929,6763.986,4246926.2789
2023-09-30,Marketable,Notes,13724903.9618,4582.3143,13729486.2761
2023-10-31,Marketable,Bonds,4286041.0137,6884.4592,4292925.4729
2023-10-31,Marketable,Notes,13757646.7626,4660.4253,13762307.1879
2023-11-30,Marketable,Bonds,4326514.8878,7050.5346,4333565.4224
2023-11-30,Marketable,Notes,13724679.064,4931.5021,13729610.5661
2023-12-31,Marketable,Bonds,4347388.1896,7164.7746,4354552.9642
2023-12-31,Marketable,Notes,13753526.4715,4678.3695,13758204.841
2024-01-31,Marketable,Bonds,4394498.4269,7049.6006,4401548.0275
2024-01-31,Marketable,Notes,13826190.108,4992.5857,13831182.6937
2024-02-29,Marketable,Bonds,4438166.5081,6910.466,4445076.9741
2024-02-29,Marketable,Notes,13825170.9108,4621.1585,13829792.0693
2024-03-31,Marketable,Bonds,4460168.6335,6887.7121,4467056.3456
2024-03-31,Marketable,Notes,13858606.5852,4588.4176,13863195.0028
2024-04-30,Marketable,Bonds,4508908.8911,6359.2817,4515268.1728
2024-04-30,Marketable,Notes,13989123.7398,5729.7599,13994853.4997
2024-05-31,Marketable,Bonds,4553640.8243,6717.1112,4560357.9355
2024-05-31,Marketable,Notes,14008399.654,5372.5485,14013772.2025
2024-06-30,Marketable,Bonds,4574270.4064,6794.4997,4581064.9061
2024-06-30,Marketable,Notes,14041377.207,5330.1747,14046707.3817
2024-07-31,Marketable,Bonds,4625031.6881,6771.8607,4631803.5488
2024-07-31,Marketable,Notes,14221622.5474,5362.6752,14226985.2226
2024-08-31,Marketable,Bonds,4650816.2983,6741.9094,4657558.2077
2024-08-31,Marketable,Notes,14186936.1037,5269.3622,14192205.4659
2024-09-30,Marketable,Bonds,4701363.5226,6944.3054,4708307.828
2024-09-30,Marketable,Notes,14338034.9836,5398.8402,14343433.8238
2024-10-31,Marketable,Bonds,4736834.7372,6993.5224,4743828.2596
2024-10-31,Marketable,Notes,14438251.6727,5380.9449,14443632.6176
2024-11-30,Marketable,Bonds,4751418.2521,7877.8733,4759296.1254
2024-11-30,Marketable,Notes,14404203.5668,5297.3558,14409501.9226
2024-12-31,Marketable,Bonds,4803942.5176,7725.1885,4811667.7061
2024-12-31,Marketable,Notes,14559748.8669,5682.1962,14565431.0631
2025-01-31,Marketable,Bonds,4842155.5257,8052.7415,4850208.2672
2025-01-31,Marketable,Notes,14685344.9409,5685.4359,14691030.3768
2025-02-28,Marketable,Bonds,4877983.4674,8192.4073,4886175.8747
2025-02-28,Marketable,Notes,14730527.6297,5485.9556,14736013.5853
2025-03-31,Marketable,Bonds,4911265.892,8646.9253,4919912.8173
2025-03-31,Marketable,Notes,14808507.5019,5379.0152,14813886.5171
2025-04-30,Marketable,Bonds,4948640.3111,8824.2096,4957464.5207
2025-04-30,Marketable,Notes,14902681.0718,5072.126,14907753.1978
2025-05-31,Marketable,Bonds,4978520.974,8748.0164,4987268.9904
2025-05-31,Marketable,Notes,14893011.6571,4634.9861,14897646.6432
2025-06-30,Marketable,Bonds,5030995.2174,9151.262,5040146.4794
2025-06-30,Marketable,Notes,15068800.661957,4796.042443,15073596.7044
2025-07-31,Marketable,Bonds,5067450.4871,9182.094,5076632.5811
2025-07-31,Marketable,Notes,15201928.2744,5062.094,15206990.3684
2025-08-31,Marketable,Bonds,5085902.9475,9024.9765,5094927.924
2025-08-31,Marketable,Notes,15206686.4678,4615.516,15211301.9838
2025-09-30,Marketable,Bonds,5133118.2028,9442.3734,5142560.5762
2025-09-30,Marketable,Notes,15387391.2908,5087.5904,15392478.8812
2025-10-31,Marketable,Bonds,5162834.7157,9864.5441,5172699.2598
2025-10-31,Marketable,Notes,15500647.4726,5034.1109,15505681.5835
2025-11-30,Marketable,Bonds,5188593.9917,10203.6487,5198797.6404
2025-11-30,Marketable,Notes,15493446.9871,4405.502,15497852.4891
2025-12-31,Marketable,Bonds,5238539.8581,10461.6217,5249001.4798
2025-12-31,Marketable,Notes,15632487.709,4385.8816,15636873.5906
2026-01-31,Marketable,Bonds,5260738.8879,10666.1258,5271405.0137
2026-01-31,Marketable,Notes,15715253.1063,3858.6521,15719111.7584
2026-02-28,Marketable,Bonds,5288427.3498,10136.8349,5298564.1847
2026-02-28,Marketable,Notes,15763631.5156,3523.6039,15767155.1195
2026-03-31,Marketable,Bonds,5337255.8381,11368.0202,5348623.8583
2026-03-31,Marketable,Notes,15875374.0606,4019.7513,15879393.8119
2026-04-30,Marketable,Bonds,5371740.4644,11420.3129,5383160.7773
2026-04-30,Marketable,Notes,15933810.6669,4107.0076,15937917.6745
2026-05-31,Marketable,Bonds,5401056.8501,11039.6746,5412096.5247
2026-05-31,Marketable,Notes,15939431.1587,3290.2584,15942721.4171
2026-06-30,Marketable,Bonds,5447713.7906,11740.8493,5459454.6399
2026-06-30,Marketable,Notes,16057004.256,3851.5742,16060855.8302
2026-07-31,Marketable,Bonds,5476901.681,11815.522,5488717.203
2026-07-31,Marketable,Notes,16167590.3901,4121.8122,16171712.2023
2026-08-31,Marketable,Bonds,5512728.5203,12555.574,5525284.0943
2026-08-31,Marketable,Notes,16214682.0126,3738.9251,16218420.9377
