asofdate,keyid,value
2001-07-04,PDSUSGCS611OT,58151
2001-07-11,PDSUSGCS611OT,46614.6
2001-07-18,PDSUSGCS611OT,51875.2
2001-07-25,PDSUSGCS611OT,53843
2001-08-01,PDSUSGCS611OT,61737.4
2001-08-08,PDSUSGCS611OT,61834.2
2001-08-15,PDSUSGCS611OT,73293.4
2001-08-22,PDSUSGCS611OT,68205.4
2001-08-29,PDSUSGCS611OT,55096
2001-09-05,PDSUSGCS611OT,73265.75
2001-09-12,PDSUSGCS611OT,60445.5
2001-09-19,PDSUSGCS611OT,49788.6
2001-09-26,PDSUSGCS611OT,65141.4
2001-10-03,PDSUSGCS611OT,65974
2001-10-10,PDSUSGCS611OT,63938
2001-10-17,PDSUSGCS611OT,52884
2001-10-24,PDSUSGCS611OT,50927.6
2001-10-31,PDSUSGCS611OT,66353.2
2001-11-07,PDSUSGCS611OT,89839.4
2001-11-14,PDSUSGCS611OT,70506.5
2001-11-21,PDSUSGCS611OT,90671.8
2001-11-28,PDSUSGCS611OT,66402.5
2001-12-05,PDSUSGCS611OT,71130
2001-12-12,PDSUSGCS611OT,80786.2
2001-12-19,PDSUSGCS611OT,64945.4
2001-12-26,PDSUSGCS611OT,26255.5
2002-01-02,PDSUSGCS611OT,33031.5
2002-01-09,PDSUSGCS611OT,70699.6
2002-01-16,PDSUSGCS611OT,88871.4
2002-01-23,PDSUSGCS611OT,55307
2002-01-30,PDSUSGCS611OT,77415.6
2002-02-06,PDSUSGCS611OT,80379.8
2002-02-13,PDSUSGCS611OT,71579.4
2002-02-20,PDSUSGCS611OT,63140
2002-02-27,PDSUSGCS611OT,64496.2
2002-03-06,PDSUSGCS611OT,73868.6
2002-03-13,PDSUSGCS611OT,80436.6
2002-03-20,PDSUSGCS611OT,87646.8
2002-03-27,PDSUSGCS611OT,68496.2
2002-04-03,PDSUSGCS611OT,59664.75
2002-04-10,PDSUSGCS611OT,59192.4
2002-04-17,PDSUSGCS611OT,63473.6
2002-04-24,PDSUSGCS611OT,59420.4
2002-05-01,PDSUSGCS611OT,66354.2
2002-05-08,PDSUSGCS611OT,69822.8
2002-05-15,PDSUSGCS611OT,90181.6
2002-05-22,PDSUSGCS611OT,61803
2002-05-29,PDSUSGCS611OT,55138.5
2002-06-05,PDSUSGCS611OT,72558
2002-06-12,PDSUSGCS611OT,65767
2002-06-19,PDSUSGCS611OT,86829.8
2002-06-26,PDSUSGCS611OT,94678.4
2002-07-03,PDSUSGCS611OT,66711.8
2002-07-10,PDSUSGCS611OT,68603.5
2002-07-17,PDSUSGCS611OT,88987.2
2002-07-24,PDSUSGCS611OT,88789.8
2002-07-31,PDSUSGCS611OT,88622.4
2002-08-07,PDSUSGCS611OT,91618.8
2002-08-14,PDSUSGCS611OT,108464.2
2002-08-21,PDSUSGCS611OT,95630.2
2002-08-28,PDSUSGCS611OT,71503.2
2002-09-04,PDSUSGCS611OT,85024
2002-09-11,PDSUSGCS611OT,75558.4
2002-09-18,PDSUSGCS611OT,85217
2002-09-25,PDSUSGCS611OT,87365.8
2002-10-02,PDSUSGCS611OT,99255.4
2002-10-09,PDSUSGCS611OT,83319
2002-10-16,PDSUSGCS611OT,112644.25
2002-10-23,PDSUSGCS611OT,113131.4
2002-10-30,PDSUSGCS611OT,94411.2
2002-11-06,PDSUSGCS611OT,117783.4
2002-11-13,PDSUSGCS611OT,121499.75
2002-11-20,PDSUSGCS611OT,93482.6
2002-11-27,PDSUSGCS611OT,79562.8
2002-12-04,PDSUSGCS611OT,82041.25
2002-12-11,PDSUSGCS611OT,84292
2002-12-18,PDSUSGCS611OT,66517
2002-12-25,PDSUSGCS611OT,47864.75
2003-01-01,PDSUSGCS611OT,28264
2003-01-08,PDSUSGCS611OT,69115.4
2003-01-15,PDSUSGCS611OT,88220.4
2003-01-22,PDSUSGCS611OT,70079.25
2003-01-29,PDSUSGCS611OT,73479.4
2003-02-05,PDSUSGCS611OT,73805.8
2003-02-12,PDSUSGCS611OT,88217.2
2003-02-19,PDSUSGCS611OT,90862.75
2003-02-26,PDSUSGCS611OT,83003.8
2003-03-05,PDSUSGCS611OT,88252.6
2003-03-12,PDSUSGCS611OT,86047.8
2003-03-19,PDSUSGCS611OT,110089.6
2003-03-26,PDSUSGCS611OT,93744.8
2003-04-02,PDSUSGCS611OT,80618.6
2003-04-09,PDSUSGCS611OT,78086.8
2003-04-16,PDSUSGCS611OT,73497
2003-04-23,PDSUSGCS611OT,52047
2003-04-30,PDSUSGCS611OT,76893
2003-05-07,PDSUSGCS611OT,90948.2
2003-05-14,PDSUSGCS611OT,140195.4
2003-05-21,PDSUSGCS611OT,127467.8
2003-05-28,PDSUSGCS611OT,115231.25
2003-06-04,PDSUSGCS611OT,101265.2
2003-06-11,PDSUSGCS611OT,107075.4
2003-06-18,PDSUSGCS611OT,113350.6
2003-06-25,PDSUSGCS611OT,98516.6
2003-07-02,PDSUSGCS611OT,111965.6
2003-07-09,PDSUSGCS611OT,122518
2003-07-16,PDSUSGCS611OT,125921.2
2003-07-23,PDSUSGCS611OT,120942
2003-07-30,PDSUSGCS611OT,152728.2
2003-08-06,PDSUSGCS611OT,183806
2003-08-13,PDSUSGCS611OT,156104.6
2003-08-20,PDSUSGCS611OT,94188
2003-08-27,PDSUSGCS611OT,93731
2003-09-03,PDSUSGCS611OT,80427.75
2003-09-10,PDSUSGCS611OT,113028.4
2003-09-17,PDSUSGCS611OT,116197.8
2003-09-24,PDSUSGCS611OT,125122
2003-10-01,PDSUSGCS611OT,115396.6
2003-10-08,PDSUSGCS611OT,118142.2
2003-10-15,PDSUSGCS611OT,84492
2003-10-22,PDSUSGCS611OT,100439.2
2003-10-29,PDSUSGCS611OT,90721.4
2003-11-05,PDSUSGCS611OT,94882.6
2003-11-12,PDSUSGCS611OT,86401.5
2003-11-19,PDSUSGCS611OT,140114.4
2003-11-26,PDSUSGCS611OT,81014.8
2003-12-03,PDSUSGCS611OT,91456.5
2003-12-10,PDSUSGCS611OT,89541
2003-12-17,PDSUSGCS611OT,91773.2
2003-12-24,PDSUSGCS611OT,64187.4
2003-12-31,PDSUSGCS611OT,36504
2004-01-07,PDSUSGCS611OT,80714.25
2004-01-14,PDSUSGCS611OT,123048
2004-01-21,PDSUSGCS611OT,112439
2004-01-28,PDSUSGCS611OT,113026.4
2004-02-04,PDSUSGCS611OT,100530.8
2004-02-11,PDSUSGCS611OT,102853.2
2004-02-18,PDSUSGCS611OT,124010.25
2004-02-25,PDSUSGCS611OT,89584.6
2004-03-03,PDSUSGCS611OT,98748
2004-03-10,PDSUSGCS611OT,126205.6
2004-03-17,PDSUSGCS611OT,120835.2
2004-03-24,PDSUSGCS611OT,87438.4
2004-03-31,PDSUSGCS611OT,102625
2004-04-07,PDSUSGCS611OT,138856
2004-04-14,PDSUSGCS611OT,97655.75
2004-04-21,PDSUSGCS611OT,101366.4
2004-04-28,PDSUSGCS611OT,101843.6
2004-05-05,PDSUSGCS611OT,120279.4
2004-05-12,PDSUSGCS611OT,143893
2004-05-19,PDSUSGCS611OT,155882.4
2004-05-26,PDSUSGCS611OT,98404
2004-06-02,PDSUSGCS611OT,103799.5
2004-06-09,PDSUSGCS611OT,99589.4
2004-06-16,PDSUSGCS611OT,115382.25
2004-06-23,PDSUSGCS611OT,79337.2
2004-06-30,PDSUSGCS611OT,88044.6
2004-07-07,PDSUSGCS611OT,110777.25
2004-07-14,PDSUSGCS611OT,76594
2004-07-21,PDSUSGCS611OT,102872.2
2004-07-28,PDSUSGCS611OT,93791.6
2004-08-04,PDSUSGCS611OT,92274.8
2004-08-11,PDSUSGCS611OT,133049.6
2004-08-18,PDSUSGCS611OT,138459
2004-08-25,PDSUSGCS611OT,85107.8
2004-09-01,PDSUSGCS611OT,93772.6
2004-09-08,PDSUSGCS611OT,122204.75
2004-09-15,PDSUSGCS611OT,110194.8
2004-09-22,PDSUSGCS611OT,150803.4
2004-09-29,PDSUSGCS611OT,138590.8
2004-10-06,PDSUSGCS611OT,123041
2004-10-13,PDSUSGCS611OT,115023
2004-10-20,PDSUSGCS611OT,110438.6
2004-10-27,PDSUSGCS611OT,105746.6
2004-11-03,PDSUSGCS611OT,106716.6
2004-11-10,PDSUSGCS611OT,135115.2
2004-11-17,PDSUSGCS611OT,135817.25
2004-11-24,PDSUSGCS611OT,105605
2004-12-01,PDSUSGCS611OT,145639.5
2004-12-08,PDSUSGCS611OT,146765.4
2004-12-15,PDSUSGCS611OT,122354.2
2004-12-22,PDSUSGCS611OT,84226.6
2004-12-29,PDSUSGCS611OT,52258.75
2005-01-05,PDSUSGCS611OT,79290.4
2005-01-12,PDSUSGCS611OT,103771.6
2005-01-19,PDSUSGCS611OT,109084.25
2005-01-26,PDSUSGCS611OT,126991.6
2005-02-02,PDSUSGCS611OT,119514.2
2005-02-09,PDSUSGCS611OT,138163.6
2005-02-16,PDSUSGCS611OT,164350.6
2005-02-23,PDSUSGCS611OT,141451.5
2005-03-02,PDSUSGCS611OT,148594.8
2005-03-09,PDSUSGCS611OT,150153
2005-03-16,PDSUSGCS611OT,150685.6
2005-03-23,PDSUSGCS611OT,122591.4
2005-03-30,PDSUSGCS611OT,93128.5
2005-04-06,PDSUSGCS611OT,125655.2
2005-04-13,PDSUSGCS611OT,115046.2
2005-04-20,PDSUSGCS611OT,147446
2005-04-27,PDSUSGCS611OT,109953.2
2005-05-04,PDSUSGCS611OT,114265.2
2005-05-11,PDSUSGCS611OT,128761.6
2005-05-18,PDSUSGCS611OT,161925.2
2005-05-25,PDSUSGCS611OT,152850.8
2005-06-01,PDSUSGCS611OT,161094.25
2005-06-08,PDSUSGCS611OT,144347.2
2005-06-15,PDSUSGCS611OT,141303.2
2005-06-22,PDSUSGCS611OT,120535.8
2005-06-29,PDSUSGCS611OT,112503
2005-07-06,PDSUSGCS611OT,132699.25
2005-07-13,PDSUSGCS611OT,120090.2
2005-07-20,PDSUSGCS611OT,120387.2
2005-07-27,PDSUSGCS611OT,111667.2
2005-08-03,PDSUSGCS611OT,121516.8
2005-08-10,PDSUSGCS611OT,118030.2
2005-08-17,PDSUSGCS611OT,151979.2
2005-08-24,PDSUSGCS611OT,96847.2
2005-08-31,PDSUSGCS611OT,115948.8
2005-09-07,PDSUSGCS611OT,149904
2005-09-14,PDSUSGCS611OT,123570.8
2005-09-21,PDSUSGCS611OT,145703.4
2005-09-28,PDSUSGCS611OT,116398.6
2005-10-05,PDSUSGCS611OT,114667.6
2005-10-12,PDSUSGCS611OT,117504.75
2005-10-19,PDSUSGCS611OT,129037.6
2005-10-26,PDSUSGCS611OT,141046.4
2005-11-02,PDSUSGCS611OT,137366.4
2005-11-09,PDSUSGCS611OT,156700.8
2005-11-16,PDSUSGCS611OT,172426.75
2005-11-23,PDSUSGCS611OT,124735.6
2005-11-30,PDSUSGCS611OT,108257.25
2005-12-07,PDSUSGCS611OT,125900
2005-12-14,PDSUSGCS611OT,105733.8
2005-12-21,PDSUSGCS611OT,82020.8
2005-12-28,PDSUSGCS611OT,58524.25
2006-01-04,PDSUSGCS611OT,89134.5
2006-01-11,PDSUSGCS611OT,119339
2006-01-18,PDSUSGCS611OT,119859.5
2006-01-25,PDSUSGCS611OT,133729.4
2006-02-01,PDSUSGCS611OT,127327.4
2006-02-08,PDSUSGCS611OT,128197
2006-02-15,PDSUSGCS611OT,145258.8
2006-02-22,PDSUSGCS611OT,96224.75
2006-03-01,PDSUSGCS611OT,124097.8
2006-03-08,PDSUSGCS611OT,142308
2006-03-15,PDSUSGCS611OT,122587.8
2006-03-22,PDSUSGCS611OT,116295.4
2006-03-29,PDSUSGCS611OT,98271.4
2006-04-05,PDSUSGCS611OT,110742
2006-04-12,PDSUSGCS611OT,122049.8
2006-04-19,PDSUSGCS611OT,117100.5
2006-04-26,PDSUSGCS611OT,114710.6
2006-05-03,PDSUSGCS611OT,122938.8
2006-05-10,PDSUSGCS611OT,106252.2
2006-05-17,PDSUSGCS611OT,169331.2
2006-05-24,PDSUSGCS611OT,144948
2006-05-31,PDSUSGCS611OT,104935.75
2006-06-07,PDSUSGCS611OT,125067.2
2006-06-14,PDSUSGCS611OT,131946.2
2006-06-21,PDSUSGCS611OT,97441.8
2006-06-28,PDSUSGCS611OT,97714.2
2006-07-05,PDSUSGCS611OT,93576.25
2006-07-12,PDSUSGCS611OT,97540
2006-07-19,PDSUSGCS611OT,102845
2006-07-26,PDSUSGCS611OT,91276.8
2006-08-02,PDSUSGCS611OT,94263.8
2006-08-09,PDSUSGCS611OT,135834
2006-08-16,PDSUSGCS611OT,124461
2006-08-23,PDSUSGCS611OT,111999.4
2006-08-30,PDSUSGCS611OT,98703.8
2006-09-06,PDSUSGCS611OT,129409.5
2006-09-13,PDSUSGCS611OT,107906.8
2006-09-20,PDSUSGCS611OT,123218
2006-09-27,PDSUSGCS611OT,161042.6
2006-10-04,PDSUSGCS611OT,117769.2
2006-10-11,PDSUSGCS611OT,131258.5
2006-10-18,PDSUSGCS611OT,108718.8
2006-10-25,PDSUSGCS611OT,89846.6
2006-11-01,PDSUSGCS611OT,114197.6
2006-11-08,PDSUSGCS611OT,114506.6
2006-11-15,PDSUSGCS611OT,154910.8
2006-11-22,PDSUSGCS611OT,107346.8
2006-11-29,PDSUSGCS611OT,115058.25
2006-12-06,PDSUSGCS611OT,149033.8
2006-12-13,PDSUSGCS611OT,126668.8
2006-12-20,PDSUSGCS611OT,101242.4
2006-12-27,PDSUSGCS611OT,67077
2007-01-03,PDSUSGCS611OT,84521
2007-01-10,PDSUSGCS611OT,115586
2007-01-17,PDSUSGCS611OT,108534.25
2007-01-24,PDSUSGCS611OT,110426
2007-01-31,PDSUSGCS611OT,131784.2
2007-02-07,PDSUSGCS611OT,138947
2007-02-14,PDSUSGCS611OT,140611.2
2007-02-21,PDSUSGCS611OT,121866.5
2007-02-28,PDSUSGCS611OT,160820.6
2007-03-07,PDSUSGCS611OT,147808.8
2007-03-14,PDSUSGCS611OT,136417.8
2007-03-21,PDSUSGCS611OT,94605.6
2007-03-28,PDSUSGCS611OT,115896
2007-04-04,PDSUSGCS611OT,99288.6
2007-04-11,PDSUSGCS611OT,66695
2007-04-18,PDSUSGCS611OT,95127.4
2007-04-25,PDSUSGCS611OT,84328.2
2007-05-02,PDSUSGCS611OT,109022.6
2007-05-09,PDSUSGCS611OT,116016.8
2007-05-16,PDSUSGCS611OT,110052.4
2007-05-23,PDSUSGCS611OT,134742
2007-05-30,PDSUSGCS611OT,95490.5
2007-06-06,PDSUSGCS611OT,147092.4
2007-06-13,PDSUSGCS611OT,245161
2007-06-20,PDSUSGCS611OT,168991.4
2007-06-27,PDSUSGCS611OT,134866.2
2007-07-04,PDSUSGCS611OT,103504.5
2007-07-11,PDSUSGCS611OT,129996.8
2007-07-18,PDSUSGCS611OT,124427.6
2007-07-25,PDSUSGCS611OT,122112.8
2007-08-01,PDSUSGCS611OT,191700.2
2007-08-08,PDSUSGCS611OT,162689.2
2007-08-15,PDSUSGCS611OT,150625.6
2007-08-22,PDSUSGCS611OT,149899.8
2007-08-29,PDSUSGCS611OT,129147.4
2007-09-05,PDSUSGCS611OT,106292.25
2007-09-12,PDSUSGCS611OT,135372.8
2007-09-19,PDSUSGCS611OT,136374.6
2007-09-26,PDSUSGCS611OT,118891
2007-10-03,PDSUSGCS611OT,102319.4
2007-10-10,PDSUSGCS611OT,92350.25
2007-10-17,PDSUSGCS611OT,111291
2007-10-24,PDSUSGCS611OT,119879.2
2007-10-31,PDSUSGCS611OT,97377.6
2007-11-07,PDSUSGCS611OT,155213.8
2007-11-14,PDSUSGCS611OT,151437.5
2007-11-21,PDSUSGCS611OT,137429.4
2007-11-28,PDSUSGCS611OT,153157.5
2007-12-05,PDSUSGCS611OT,150869
2007-12-12,PDSUSGCS611OT,144925
2007-12-19,PDSUSGCS611OT,126158
2007-12-26,PDSUSGCS611OT,66623.25
2008-01-02,PDSUSGCS611OT,62128.25
2008-01-09,PDSUSGCS611OT,128872.8
2008-01-16,PDSUSGCS611OT,144962.8
2008-01-23,PDSUSGCS611OT,167502.25
2008-01-30,PDSUSGCS611OT,169765
2008-02-06,PDSUSGCS611OT,146792
2008-02-13,PDSUSGCS611OT,149209.6
2008-02-20,PDSUSGCS611OT,182710.75
2008-02-27,PDSUSGCS611OT,146956.8
2008-03-05,PDSUSGCS611OT,169122.2
2008-03-12,PDSUSGCS611OT,158671
2008-03-19,PDSUSGCS611OT,169571.4
2008-03-26,PDSUSGCS611OT,112155.25
2008-04-02,PDSUSGCS611OT,118358.4
2008-04-09,PDSUSGCS611OT,96048
2008-04-16,PDSUSGCS611OT,110330.4
2008-04-23,PDSUSGCS611OT,109723.4
2008-04-30,PDSUSGCS611OT,95114.6
2008-05-07,PDSUSGCS611OT,121093.4
2008-05-14,PDSUSGCS611OT,130957.2
2008-05-21,PDSUSGCS611OT,116175.6
2008-05-28,PDSUSGCS611OT,99801.75
2008-06-04,PDSUSGCS611OT,126301.2
2008-06-11,PDSUSGCS611OT,121047.4
2008-06-18,PDSUSGCS611OT,105433.6
2008-06-25,PDSUSGCS611OT,79573.6
2008-07-02,PDSUSGCS611OT,107728
2008-07-09,PDSUSGCS611OT,101123
2008-07-16,PDSUSGCS611OT,118016.2
2008-07-23,PDSUSGCS611OT,97992.2
2008-07-30,PDSUSGCS611OT,85834.4
2008-08-06,PDSUSGCS611OT,111065
2008-08-13,PDSUSGCS611OT,99683.6
2008-08-20,PDSUSGCS611OT,69622.8
2008-08-27,PDSUSGCS611OT,76709.8
2008-09-03,PDSUSGCS611OT,93814.75
2008-09-10,PDSUSGCS611OT,136253.4
2008-09-17,PDSUSGCS611OT,170761.8
2008-09-24,PDSUSGCS611OT,134116.2
2008-10-01,PDSUSGCS611OT,97815.8
2008-10-08,PDSUSGCS611OT,106843.4
2008-10-15,PDSUSGCS611OT,111854.25
2008-10-22,PDSUSGCS611OT,86547
2008-10-29,PDSUSGCS611OT,80028.2
2008-11-05,PDSUSGCS611OT,77214.4
2008-11-12,PDSUSGCS611OT,77917.5
2008-11-19,PDSUSGCS611OT,94975.4
2008-11-26,PDSUSGCS611OT,91424
2008-12-03,PDSUSGCS611OT,67255
2008-12-10,PDSUSGCS611OT,69083.8
2008-12-17,PDSUSGCS611OT,76945.2
2008-12-24,PDSUSGCS611OT,41621.4
2008-12-31,PDSUSGCS611OT,20375
2009-01-07,PDSUSGCS611OT,66437.25
2009-01-14,PDSUSGCS611OT,73313.6
2009-01-21,PDSUSGCS611OT,71521.25
2009-01-28,PDSUSGCS611OT,72702.4
2009-02-04,PDSUSGCS611OT,81740
2009-02-11,PDSUSGCS611OT,83284.6
2009-02-18,PDSUSGCS611OT,78871
2009-02-25,PDSUSGCS611OT,65893.4
2009-03-04,PDSUSGCS611OT,78708.2
2009-03-11,PDSUSGCS611OT,84493.2
2009-03-18,PDSUSGCS611OT,75263.4
2009-03-25,PDSUSGCS611OT,77969.8
2009-04-01,PDSUSGCS611OT,78086.8
2009-04-08,PDSUSGCS611OT,66684.6
2009-04-15,PDSUSGCS611OT,55698.25
2009-04-22,PDSUSGCS611OT,69176.2
2009-04-29,PDSUSGCS611OT,78280.6
2009-05-06,PDSUSGCS611OT,87544
2009-05-13,PDSUSGCS611OT,95136.2
2009-05-20,PDSUSGCS611OT,70557
2009-05-27,PDSUSGCS611OT,107717
2009-06-03,PDSUSGCS611OT,147915.6
2009-06-10,PDSUSGCS611OT,92787.6
2009-06-17,PDSUSGCS611OT,83839.2
2009-06-24,PDSUSGCS611OT,82044.4
2009-07-01,PDSUSGCS611OT,112739.6
2009-07-08,PDSUSGCS611OT,83292.25
2009-07-15,PDSUSGCS611OT,78223.6
2009-07-22,PDSUSGCS611OT,77038.2
2009-07-29,PDSUSGCS611OT,68520.6
2009-08-05,PDSUSGCS611OT,97709.4
2009-08-12,PDSUSGCS611OT,89257.2
2009-08-19,PDSUSGCS611OT,96299.4
2009-08-26,PDSUSGCS611OT,69255.2
2009-09-02,PDSUSGCS611OT,98579
2009-09-09,PDSUSGCS611OT,84538.25
2009-09-16,PDSUSGCS611OT,96043.8
2009-09-23,PDSUSGCS611OT,80658.6
2009-09-30,PDSUSGCS611OT,112863.4
2009-10-07,PDSUSGCS611OT,109636.6
2009-10-14,PDSUSGCS611OT,111103.25
2009-10-21,PDSUSGCS611OT,83242.4
2009-10-28,PDSUSGCS611OT,85083.6
2009-11-04,PDSUSGCS611OT,108062.8
2009-11-11,PDSUSGCS611OT,104304
2009-11-18,PDSUSGCS611OT,119553.2
2009-11-25,PDSUSGCS611OT,100143
2009-12-02,PDSUSGCS611OT,99781.25
2009-12-09,PDSUSGCS611OT,102029.8
2009-12-16,PDSUSGCS611OT,88606.8
2009-12-23,PDSUSGCS611OT,73739.8
2009-12-30,PDSUSGCS611OT,64090.75
2010-01-06,PDSUSGCS611OT,95227.5
2010-01-13,PDSUSGCS611OT,100823
2010-01-20,PDSUSGCS611OT,90503.25
2010-01-27,PDSUSGCS611OT,93143.4
2010-02-03,PDSUSGCS611OT,113273.2
2010-02-10,PDSUSGCS611OT,116276.2
2010-02-17,PDSUSGCS611OT,103755
2010-02-24,PDSUSGCS611OT,117374.4
2010-03-03,PDSUSGCS611OT,126741.4
2010-03-10,PDSUSGCS611OT,106999
2010-03-17,PDSUSGCS611OT,86735
2010-03-24,PDSUSGCS611OT,104603.8
2010-03-31,PDSUSGCS611OT,134837.8
2010-04-07,PDSUSGCS611OT,113480
2010-04-14,PDSUSGCS611OT,95848.2
2010-04-21,PDSUSGCS611OT,97948.4
2010-04-28,PDSUSGCS611OT,104430.8
2010-05-05,PDSUSGCS611OT,127205.4
2010-05-12,PDSUSGCS611OT,188655.2
2010-05-19,PDSUSGCS611OT,144495
2010-05-26,PDSUSGCS611OT,187528
2010-06-02,PDSUSGCS611OT,153277.5
2010-06-09,PDSUSGCS611OT,130235.8
2010-06-16,PDSUSGCS611OT,106602
2010-06-23,PDSUSGCS611OT,98033.4
2010-06-30,PDSUSGCS611OT,140937.8
2010-07-07,PDSUSGCS611OT,107368.25
2010-07-14,PDSUSGCS611OT,115108.2
2010-07-21,PDSUSGCS611OT,120950.6
2010-07-28,PDSUSGCS611OT,110267.2
2010-08-04,PDSUSGCS611OT,137350.6
2010-08-11,PDSUSGCS611OT,143969
2010-08-18,PDSUSGCS611OT,160385
2010-08-25,PDSUSGCS611OT,123802.2
2010-09-01,PDSUSGCS611OT,172829
2010-09-08,PDSUSGCS611OT,148992
2010-09-15,PDSUSGCS611OT,140681.2
2010-09-22,PDSUSGCS611OT,149891
2010-09-29,PDSUSGCS611OT,148000.8
2010-10-06,PDSUSGCS611OT,161988
2010-10-13,PDSUSGCS611OT,149270.75
2010-10-20,PDSUSGCS611OT,167255.6
2010-10-27,PDSUSGCS611OT,141895.2
2010-11-03,PDSUSGCS611OT,188907.8
2010-11-10,PDSUSGCS611OT,244990.6
2010-11-17,PDSUSGCS611OT,219439.25
2010-11-24,PDSUSGCS611OT,156254.8
2010-12-01,PDSUSGCS611OT,145384.25
2010-12-08,PDSUSGCS611OT,199508.2
2010-12-15,PDSUSGCS611OT,176017.4
2010-12-22,PDSUSGCS611OT,126816
2010-12-29,PDSUSGCS611OT,48369
2011-01-05,PDSUSGCS611OT,113960.4
2011-01-12,PDSUSGCS611OT,137390.6
2011-01-19,PDSUSGCS611OT,112064.25
2011-01-26,PDSUSGCS611OT,122104
2011-02-02,PDSUSGCS611OT,149855
2011-02-09,PDSUSGCS611OT,163663
2011-02-16,PDSUSGCS611OT,126799.4
2011-02-23,PDSUSGCS611OT,123995
2011-03-02,PDSUSGCS611OT,155010.2
2011-03-09,PDSUSGCS611OT,147317.6
2011-03-16,PDSUSGCS611OT,145994.4
2011-03-23,PDSUSGCS611OT,124222.6
2011-03-30,PDSUSGCS611OT,126641.2
2011-04-06,PDSUSGCS611OT,143480.6
2011-04-13,PDSUSGCS611OT,117518.4
2011-04-20,PDSUSGCS611OT,116573.4
2011-04-27,PDSUSGCS611OT,74267.4
2011-05-04,PDSUSGCS611OT,131699
2011-05-11,PDSUSGCS611OT,162570.6
2011-05-18,PDSUSGCS611OT,136404.6
2011-05-25,PDSUSGCS611OT,127298.8
2011-06-01,PDSUSGCS611OT,165738.75
2011-06-08,PDSUSGCS611OT,142404.2
2011-06-15,PDSUSGCS611OT,148430
2011-06-22,PDSUSGCS611OT,119722.4
2011-06-29,PDSUSGCS611OT,169654.4
2011-07-06,PDSUSGCS611OT,152632.5
2011-07-13,PDSUSGCS611OT,151879
2011-07-20,PDSUSGCS611OT,99046.4
2011-07-27,PDSUSGCS611OT,115855.8
2011-08-03,PDSUSGCS611OT,189110.2
2011-08-10,PDSUSGCS611OT,253765.8
2011-08-17,PDSUSGCS611OT,178046.8
2011-08-24,PDSUSGCS611OT,158020.4
2011-08-31,PDSUSGCS611OT,143142.8
2011-09-07,PDSUSGCS611OT,144076.5
2011-09-14,PDSUSGCS611OT,140569.2
2011-09-21,PDSUSGCS611OT,127653.4
2011-09-28,PDSUSGCS611OT,156630.4
2011-10-05,PDSUSGCS611OT,166245.2
2011-10-12,PDSUSGCS611OT,149116.75
2011-10-19,PDSUSGCS611OT,116138.2
2011-10-26,PDSUSGCS611OT,102567.8
2011-11-02,PDSUSGCS611OT,181413.6
2011-11-09,PDSUSGCS611OT,161060.4
2011-11-16,PDSUSGCS611OT,139911.5
2011-11-23,PDSUSGCS611OT,139032.2
2011-11-30,PDSUSGCS611OT,123557.5
2011-12-07,PDSUSGCS611OT,115025.2
2011-12-14,PDSUSGCS611OT,108774
2011-12-21,PDSUSGCS611OT,118292.2
2011-12-28,PDSUSGCS611OT,65184.25
2012-01-04,PDSUSGCS611OT,77387
2012-01-11,PDSUSGCS611OT,108232
2012-01-18,PDSUSGCS611OT,125418
2012-01-25,PDSUSGCS611OT,152585
2012-02-01,PDSUSGCS611OT,164187
2012-02-08,PDSUSGCS611OT,151408
2012-02-15,PDSUSGCS611OT,155208
2012-02-22,PDSUSGCS611OT,143637
2012-02-29,PDSUSGCS611OT,163043
2012-03-07,PDSUSGCS611OT,133171
2012-03-14,PDSUSGCS611OT,147022
2012-03-21,PDSUSGCS611OT,150155
2012-03-28,PDSUSGCS611OT,112149
2012-04-04,PDSUSGCS611OT,141217
2012-04-11,PDSUSGCS611OT,117197
2012-04-18,PDSUSGCS611OT,113288
2012-04-25,PDSUSGCS611OT,106844
2012-05-02,PDSUSGCS611OT,142440
2012-05-09,PDSUSGCS611OT,149606
2012-05-16,PDSUSGCS611OT,155247
2012-05-23,PDSUSGCS611OT,146123
2012-05-30,PDSUSGCS611OT,161337
2012-06-06,PDSUSGCS611OT,193931
2012-06-13,PDSUSGCS611OT,143234
2012-06-20,PDSUSGCS611OT,123860
2012-06-27,PDSUSGCS611OT,109729
2012-07-04,PDSUSGCS611OT,149497
2012-07-11,PDSUSGCS611OT,120611
2012-07-18,PDSUSGCS611OT,103790
2012-07-25,PDSUSGCS611OT,110136
2012-08-01,PDSUSGCS611OT,153863
2012-08-08,PDSUSGCS611OT,139482
2012-08-15,PDSUSGCS611OT,138019
2012-08-22,PDSUSGCS611OT,110368
2012-08-29,PDSUSGCS611OT,93670
2012-09-05,PDSUSGCS611OT,157626
2012-09-12,PDSUSGCS611OT,137935
2012-09-19,PDSUSGCS611OT,168832
2012-09-26,PDSUSGCS611OT,137479
2012-10-03,PDSUSGCS611OT,150396
2012-10-10,PDSUSGCS611OT,125121
2012-10-17,PDSUSGCS611OT,127150
2012-10-24,PDSUSGCS611OT,117020
2012-10-31,PDSUSGCS611OT,91541
2012-11-07,PDSUSGCS611OT,135932
2012-11-14,PDSUSGCS611OT,154001
2012-11-21,PDSUSGCS611OT,103334
2012-11-28,PDSUSGCS611OT,85560
2012-12-05,PDSUSGCS611OT,126263
2012-12-12,PDSUSGCS611OT,117509
2012-12-19,PDSUSGCS611OT,144116
2012-12-26,PDSUSGCS611OT,70553
2013-01-02,PDSUSGCS611OT,95664
2013-01-09,PDSUSGCS611OT,139393
2013-01-16,PDSUSGCS611OT,113916
2013-01-23,PDSUSGCS611OT,111352
2013-01-30,PDSUSGCS611OT,183264
2013-02-06,PDSUSGCS611OT,175422
2013-02-13,PDSUSGCS611OT,129630
2013-02-20,PDSUSGCS611OT,160250
2013-02-27,PDSUSGCS611OT,180895
2013-03-06,PDSUSGCS611OT,126260
2013-03-13,PDSUSGCS611OT,154776
2013-03-20,PDSUSGCS611OT,141299
2013-03-27,PDSUSGCS611OT,121731
2013-04-03,PDTRGSC-G7L11,75101
2013-04-10,PDTRGSC-G7L11,121582
2013-04-17,PDTRGSC-G7L11,99836
2013-04-24,PDTRGSC-G7L11,80613
2013-05-01,PDTRGSC-G7L11,85407
2013-05-08,PDTRGSC-G7L11,121360
2013-05-15,PDTRGSC-G7L11,148689
2013-05-22,PDTRGSC-G7L11,127440
2013-05-29,PDTRGSC-G7L11,152898
2013-06-05,PDTRGSC-G7L11,141367
2013-06-12,PDTRGSC-G7L11,139291
2013-06-19,PDTRGSC-G7L11,116349
2013-06-26,PDTRGSC-G7L11,152062
2013-07-03,PDTRGSC-G7L11,99369
2013-07-10,PDTRGSC-G7L11,106051
2013-07-17,PDTRGSC-G7L11,90737
2013-07-24,PDTRGSC-G7L11,81223
2013-07-31,PDTRGSC-G7L11,88993
2013-08-07,PDTRGSC-G7L11,101755
2013-08-14,PDTRGSC-G7L11,95171
2013-08-21,PDTRGSC-G7L11,108121
2013-08-28,PDTRGSC-G7L11,88084
2013-09-04,PDTRGSC-G7L11,92225
2013-09-11,PDTRGSC-G7L11,114805
2013-09-18,PDTRGSC-G7L11,108564
2013-09-25,PDTRGSC-G7L11,95813
2013-10-02,PDTRGSC-G7L11,79371
2013-10-09,PDTRGSC-G7L11,72774
2013-10-16,PDTRGSC-G7L11,84345
2013-10-23,PDTRGSC-G7L11,87859
2013-10-30,PDTRGSC-G7L11,73879
2013-11-06,PDTRGSC-G7L11,89880
2013-11-13,PDTRGSC-G7L11,121007
2013-11-20,PDTRGSC-G7L11,123349
2013-11-27,PDTRGSC-G7L11,96389
2013-12-04,PDTRGSC-G7L11,85914
2013-12-11,PDTRGSC-G7L11,88011
2013-12-18,PDTRGSC-G7L11,79677
2013-12-25,PDTRGSC-G7L11,87680
2014-01-01,PDTRGSC-G7L11,44762
2014-01-08,PDTRGSC-G7L11,77423
2014-01-15,PDTRGSC-G7L11,107151
2014-01-22,PDTRGSC-G7L11,79988
2014-01-29,PDTRGSC-G7L11,110393
2014-02-05,PDTRGSC-G7L11,99771
2014-02-12,PDTRGSC-G7L11,104372
2014-02-19,PDTRGSC-G7L11,98882
2014-02-26,PDTRGSC-G7L11,85779
2014-03-05,PDTRGSC-G7L11,101143
2014-03-12,PDTRGSC-G7L11,84959
2014-03-19,PDTRGSC-G7L11,94783
2014-03-26,PDTRGSC-G7L11,92601
2014-04-02,PDTRGSC-G7L11,83326
2014-04-09,PDTRGSC-G7L11,88620
2014-04-16,PDTRGSC-G7L11,80352
2014-04-23,PDTRGSC-G7L11,51186
2014-04-30,PDTRGSC-G7L11,76774
2014-05-07,PDTRGSC-G7L11,91810
2014-05-14,PDTRGSC-G7L11,106919
2014-05-21,PDTRGSC-G7L11,93904
2014-05-28,PDTRGSC-G7L11,83651
2014-06-04,PDTRGSC-G7L11,96738
2014-06-11,PDTRGSC-G7L11,91384
2014-06-18,PDTRGSC-G7L11,86997
2014-06-25,PDTRGSC-G7L11,70553
2014-07-02,PDTRGSC-G7L11,76451
2014-07-09,PDTRGSC-G7L11,79828
2014-07-16,PDTRGSC-G7L11,64553
2014-07-23,PDTRGSC-G7L11,66165
2014-07-30,PDTRGSC-G7L11,67829
2014-08-06,PDTRGSC-G7L11,94512
2014-08-13,PDTRGSC-G7L11,90013
2014-08-20,PDTRGSC-G7L11,91945
2014-08-27,PDTRGSC-G7L11,67274
2014-09-03,PDTRGSC-G7L11,87493
2014-09-10,PDTRGSC-G7L11,94105
2014-09-17,PDTRGSC-G7L11,87949
2014-09-24,PDTRGSC-G7L11,65683
2014-10-01,PDTRGSC-G7L11,81154
2014-10-08,PDTRGSC-G7L11,101705
2014-10-15,PDTRGSC-G7L11,125737
2014-10-22,PDTRGSC-G7L11,105353
2014-10-29,PDTRGSC-G7L11,67755
2014-11-05,PDTRGSC-G7L11,70388
2014-11-12,PDTRGSC-G7L11,86083
2014-11-19,PDTRGSC-G7L11,97196
2014-11-26,PDTRGSC-G7L11,74386
2014-12-03,PDTRGSC-G7L11,76830
2014-12-10,PDTRGSC-G7L11,94086
2014-12-17,PDTRGSC-G7L11,94481
2014-12-24,PDTRGSC-G7L11,57185
2014-12-31,PDTRGSC-G7L11,33931
2015-01-07,PDTRGSC-G7L11,88188
2015-01-14,PDTRGSC-G7L11,105209
2015-01-21,PDTRGSC-G7L11,109938
2015-01-28,PDTRGSC-G7L11,79307
2015-02-04,PDTRGSC-G7L11,103601
2015-02-11,PDTRGSC-G7L11,110303
2015-02-18,PDTRGSC-G7L11,120521
2015-02-25,PDTRGSC-G7L11,76620
2015-03-04,PDTRGSC-G7L11,87080
2015-03-11,PDTRGSC-G7L11,92962
2015-03-18,PDTRGSC-G7L11,75861
2015-03-25,PDTRGSC-G7L11,71527
2015-04-01,PDTRGSC-G7L11,63575
2015-04-08,PDTRGSC-G7L11,59685
2015-04-15,PDTRGSC-G7L11,61586
2015-04-22,PDTRGSC-G7L11,64371
2015-04-29,PDTRGSC-G7L11,74199
2015-05-06,PDTRGSC-G7L11,93612
2015-05-13,PDTRGSC-G7L11,119681
2015-05-20,PDTRGSC-G7L11,109119
2015-05-27,PDTRGSC-G7L11,75191
2015-06-03,PDTRGSC-G7L11,105583
2015-06-10,PDTRGSC-G7L11,98522
2015-06-17,PDTRGSC-G7L11,77149
2015-06-24,PDTRGSC-G7L11,75776
2015-07-01,PDTRGSC-G7L11,83892
2015-07-08,PDTRGSC-G7L11,99686
2015-07-15,PDTRGSC-G7L11,82274
2015-07-22,PDTRGSC-G7L11,65055
2015-07-29,PDTRGSC-G7L11,76463
2015-08-05,PDTRGSC-G7L11,86114
2015-08-12,PDTRGSC-G7L11,92627
2015-08-19,PDTRGSC-G7L11,85638
2015-08-26,PDTRGSC-G7L11,103844
2015-09-02,PDTRGSC-G7L11,75467
2015-09-09,PDTRGSC-G7L11,79837
2015-09-16,PDTRGSC-G7L11,64276
2015-09-23,PDTRGSC-G7L11,76715
2015-09-30,PDTRGSC-G7L11,84387
2015-10-07,PDTRGSC-G7L11,82839
2015-10-14,PDTRGSC-G7L11,67841
2015-10-21,PDTRGSC-G7L11,67709
2015-10-28,PDTRGSC-G7L11,69136
2015-11-04,PDTRGSC-G7L11,81543
2015-11-11,PDTRGSC-G7L11,99486
2015-11-18,PDTRGSC-G7L11,85960
2015-11-25,PDTRGSC-G7L11,58874
2015-12-02,PDTRGSC-G7L11,60414
2015-12-09,PDTRGSC-G7L11,84590
2015-12-16,PDTRGSC-G7L11,76071
2015-12-23,PDTRGSC-G7L11,44405
2015-12-30,PDTRGSC-G7L11,30940
2016-01-06,PDTRGSC-G7L11,66566
2016-01-13,PDTRGSC-G7L11,110069
2016-01-20,PDTRGSC-G7L11,99224
2016-01-27,PDTRGSC-G7L11,82431
2016-02-03,PDTRGSC-G7L11,94520
2016-02-10,PDTRGSC-G7L11,120623
2016-02-17,PDTRGSC-G7L11,142261
2016-02-24,PDTRGSC-G7L11,89874
2016-03-02,PDTRGSC-G7L11,104892
2016-03-09,PDTRGSC-G7L11,89307
2016-03-16,PDTRGSC-G7L11,81713
2016-03-23,PDTRGSC-G7L11,68123
2016-03-30,PDTRGSC-G7L11,64567
2016-04-06,PDTRGSC-G7L11,70415
2016-04-13,PDTRGSC-G7L11,72103
2016-04-20,PDTRGSC-G7L11,67289
2016-04-27,PDTRGSC-G7L11,77788
2016-05-04,PDTRGSC-G7L11,75119
2016-05-11,PDTRGSC-G7L11,92018
2016-05-18,PDTRGSC-G7L11,102999
2016-05-25,PDTRGSC-G7L11,75915
2016-06-01,PDTRGSC-G7L11,85914
2016-06-08,PDTRGSC-G7L11,93591
2016-06-15,PDTRGSC-G7L11,76420
2016-06-22,PDTRGSC-G7L11,77750
2016-06-29,PDTRGSC-G7L11,107834
2016-07-06,PDTRGSC-G7L11,99213
2016-07-13,PDTRGSC-G7L11,93690
2016-07-20,PDTRGSC-G7L11,79109
2016-07-27,PDTRGSC-G7L11,70935
2016-08-03,PDTRGSC-G7L11,82178
2016-08-10,PDTRGSC-G7L11,82590
2016-08-17,PDTRGSC-G7L11,95563
2016-08-24,PDTRGSC-G7L11,61471
2016-08-31,PDTRGSC-G7L11,69802
2016-09-07,PDTRGSC-G7L11,78619
2016-09-14,PDTRGSC-G7L11,98291
2016-09-21,PDTRGSC-G7L11,70411
2016-09-28,PDTRGSC-G7L11,68959
2016-10-05,PDTRGSC-G7L11,77673
2016-10-12,PDTRGSC-G7L11,83830
2016-10-19,PDTRGSC-G7L11,74255
2016-10-26,PDTRGSC-G7L11,57574
2016-11-02,PDTRGSC-G7L11,84824
2016-11-09,PDTRGSC-G7L11,115048
2016-11-16,PDTRGSC-G7L11,177906
2016-11-23,PDTRGSC-G7L11,102113
2016-11-30,PDTRGSC-G7L11,94814
2016-12-07,PDTRGSC-G7L11,94951
2016-12-14,PDTRGSC-G7L11,103326
2016-12-21,PDTRGSC-G7L11,75024
2016-12-28,PDTRGSC-G7L11,29216
2017-01-04,PDTRGSC-G7L11,64380
2017-01-11,PDTRGSC-G7L11,84395
2017-01-18,PDTRGSC-G7L11,93137
2017-01-25,PDTRGSC-G7L11,88361
2017-02-01,PDTRGSC-G7L11,86487
2017-02-08,PDTRGSC-G7L11,98594
2017-02-15,PDTRGSC-G7L11,96725
2017-02-22,PDTRGSC-G7L11,74219
2017-03-01,PDTRGSC-G7L11,88397
2017-03-08,PDTRGSC-G7L11,84547
2017-03-15,PDTRGSC-G7L11,93355
2017-03-22,PDTRGSC-G7L11,82030
2017-03-29,PDTRGSC-G7L11,70327
2017-04-05,PDTRGSC-G7L11,74129
2017-04-12,PDTRGSC-G7L11,79463
2017-04-19,PDTRGSC-G7L11,73458
2017-04-26,PDTRGSC-G7L11,79023
2017-05-03,PDTRGSC-G7L11,77386
2017-05-10,PDTRGSC-G7L11,83025
2017-05-17,PDTRGSC-G7L11,120906
2017-05-24,PDTRGSC-G7L11,97884
2017-05-31,PDTRGSC-G7L11,72464
2017-06-07,PDTRGSC-G7L11,83641
2017-06-14,PDTRGSC-G7L11,95126
2017-06-21,PDTRGSC-G7L11,75871
2017-06-28,PDTRGSC-G7L11,73150
2017-07-05,PDTRGSC-G7L11,83727
2017-07-12,PDTRGSC-G7L11,72463
2017-07-19,PDTRGSC-G7L11,71945
2017-07-26,PDTRGSC-G7L11,72309
2017-08-02,PDTRGSC-G7L11,75514
2017-08-09,PDTRGSC-G7L11,81818
2017-08-16,PDTRGSC-G7L11,102085
2017-08-23,PDTRGSC-G7L11,60426
2017-08-30,PDTRGSC-G7L11,64186
2017-09-06,PDTRGSC-G7L11,89820
2017-09-13,PDTRGSC-G7L11,90860
2017-09-20,PDTRGSC-G7L11,75427
2017-09-27,PDTRGSC-G7L11,78274
2017-10-04,PDTRGSC-G7L11,85580
2017-10-11,PDTRGSC-G7L11,77121
2017-10-18,PDTRGSC-G7L11,68199
2017-10-25,PDTRGSC-G7L11,79953
2017-11-01,PDTRGSC-G7L11,83028
2017-11-08,PDTRGSC-G7L11,90343
2017-11-15,PDTRGSC-G7L11,105505
2017-11-22,PDTRGSC-G7L11,75248
2017-11-29,PDTRGSC-G7L11,66335
2017-12-06,PDTRGSC-G7L11,95275
2017-12-13,PDTRGSC-G7L11,81486
2017-12-20,PDTRGSC-G7L11,74793
2017-12-27,PDTRGSC-G7L11,37730
2018-01-03,PDTRGSC-G7L11,52681
2018-01-10,PDTRGSC-G7L11,86970
2018-01-17,PDTRGSC-G7L11,81500
2018-01-24,PDTRGSC-G7L11,98087
2018-01-31,PDTRGSC-G7L11,95108
2018-02-07,PDTRGSC-G7L11,145201
2018-02-14,PDTRGSC-G7L11,143276
2018-02-21,PDTRGSC-G7L11,88535
2018-02-28,PDTRGSC-G7L11,94061
2018-03-07,PDTRGSC-G7L11,93653
2018-03-14,PDTRGSC-G7L11,84469
2018-03-21,PDTRGSC-G7L11,69135
2018-03-28,PDTRGSC-G7L11,89538
2018-04-04,PDTRGSC-G7L11,74607
2018-04-11,PDTRGSC-G7L11,71063
2018-04-18,PDTRGSC-G7L11,69749
2018-04-25,PDTRGSC-G7L11,87499
2018-05-02,PDTRGSC-G7L11,69557
2018-05-09,PDTRGSC-G7L11,73602
2018-05-16,PDTRGSC-G7L11,112384
2018-05-23,PDTRGSC-G7L11,89124
2018-05-30,PDTRGSC-G7L11,115179
2018-06-06,PDTRGSC-G7L11,98081
2018-06-13,PDTRGSC-G7L11,81499
2018-06-20,PDTRGSC-G7L11,75732
2018-06-27,PDTRGSC-G7L11,67724
2018-07-04,PDTRGSC-G7L11,66825
2018-07-11,PDTRGSC-G7L11,59278
2018-07-18,PDTRGSC-G7L11,57714
2018-07-25,PDTRGSC-G7L11,73857
2018-08-01,PDTRGSC-G7L11,67230
2018-08-08,PDTRGSC-G7L11,65304
2018-08-15,PDTRGSC-G7L11,102041
2018-08-22,PDTRGSC-G7L11,59649
2018-08-29,PDTRGSC-G7L11,50804
2018-09-05,PDTRGSC-G7L11,75046
2018-09-12,PDTRGSC-G7L11,81150
2018-09-19,PDTRGSC-G7L11,78263
2018-09-26,PDTRGSC-G7L11,78455
2018-10-03,PDTRGSC-G7L11,82617
2018-10-10,PDTRGSC-G7L11,116174
2018-10-17,PDTRGSC-G7L11,81158
2018-10-24,PDTRGSC-G7L11,73513
2018-10-31,PDTRGSC-G7L11,82774
2018-11-07,PDTRGSC-G7L11,97286
2018-11-14,PDTRGSC-G7L11,80174
2018-11-21,PDTRGSC-G7L11,79648
2018-11-28,PDTRGSC-G7L11,61133
2018-12-05,PDTRGSC-G7L11,104788
2018-12-12,PDTRGSC-G7L11,107212
2018-12-19,PDTRGSC-G7L11,77455
2018-12-26,PDTRGSC-G7L11,59068
2019-01-02,PDTRGSC-G7L11,56659
2019-01-09,PDTRGSC-G7L11,105478
2019-01-16,PDTRGSC-G7L11,75105
2019-01-23,PDTRGSC-G7L11,75629
2019-01-30,PDTRGSC-G7L11,73321
2019-02-06,PDTRGSC-G7L11,96574
2019-02-13,PDTRGSC-G7L11,90939
2019-02-20,PDTRGSC-G7L11,68112
2019-02-27,PDTRGSC-G7L11,82158
2019-03-06,PDTRGSC-G7L11,94960
2019-03-13,PDTRGSC-G7L11,85824
2019-03-20,PDTRGSC-G7L11,69741
2019-03-27,PDTRGSC-G7L11,102232
2019-04-03,PDTRGSC-G7L11,96795
2019-04-10,PDTRGSC-G7L11,68544
2019-04-17,PDTRGSC-G7L11,73937
2019-04-24,PDTRGSC-G7L11,51379
2019-05-01,PDTRGSC-G7L11,67117
2019-05-08,PDTRGSC-G7L11,89189
2019-05-15,PDTRGSC-G7L11,107563
2019-05-22,PDTRGSC-G7L11,70702
2019-05-29,PDTRGSC-G7L11,97501
2019-06-05,PDTRGSC-G7L11,121571
2019-06-12,PDTRGSC-G7L11,98341
2019-06-19,PDTRGSC-G7L11,81140
2019-06-26,PDTRGSC-G7L11,92780
2019-07-03,PDTRGSC-G7L11,68865
2019-07-10,PDTRGSC-G7L11,86850
2019-07-17,PDTRGSC-G7L11,72845
2019-07-24,PDTRGSC-G7L11,63700
2019-07-31,PDTRGSC-G7L11,75860
2019-08-07,PDTRGSC-G7L11,144769
2019-08-14,PDTRGSC-G7L11,115853
2019-08-21,PDTRGSC-G7L11,85732
2019-08-28,PDTRGSC-G7L11,79639
2019-09-04,PDTRGSC-G7L11,96430
2019-09-11,PDTRGSC-G7L11,107528
2019-09-18,PDTRGSC-G7L11,97865
2019-09-25,PDTRGSC-G7L11,81869
2019-10-02,PDTRGSC-G7L11,82493
2019-10-09,PDTRGSC-G7L11,75503
2019-10-16,PDTRGSC-G7L11,85703
2019-10-23,PDTRGSC-G7L11,54474
2019-10-30,PDTRGSC-G7L11,71727
2019-11-06,PDTRGSC-G7L11,104745
2019-11-13,PDTRGSC-G7L11,119747
2019-11-20,PDTRGSC-G7L11,81329
2019-11-27,PDTRGSC-G7L11,61932
2019-12-04,PDTRGSC-G7L11,84424
2019-12-11,PDTRGSC-G7L11,76196
2019-12-18,PDTRGSC-G7L11,72100
2019-12-25,PDTRGSC-G7L11,37178
2020-01-01,PDTRGSC-G7L11,28914
2020-01-08,PDTRGSC-G7L11,89201
2020-01-15,PDTRGSC-G7L11,67934
2020-01-22,PDTRGSC-G7L11,75928
2020-01-29,PDTRGSC-G7L11,91327
2020-02-05,PDTRGSC-G7L11,111315
2020-02-12,PDTRGSC-G7L11,88518
2020-02-19,PDTRGSC-G7L11,105026
2020-02-26,PDTRGSC-G7L11,122714
2020-03-04,PDTRGSC-G7L11,178008
2020-03-11,PDTRGSC-G7L11,172246
2020-03-18,PDTRGSC-G7L11,132231
2020-03-25,PDTRGSC-G7L11,135379
2020-04-01,PDTRGSC-G7L11,118769
2020-04-08,PDTRGSC-G7L11,114180
2020-04-15,PDTRGSC-G7L11,86233
2020-04-22,PDTRGSC-G7L11,86645
2020-04-29,PDTRGSC-G7L11,69530
2020-05-06,PDTRGSC-G7L11,80145
2020-05-13,PDTRGSC-G7L11,108269
2020-05-20,PDTRGSC-G7L11,87248
2020-05-27,PDTRGSC-G7L11,81157
2020-06-03,PDTRGSC-G7L11,93489
2020-06-10,PDTRGSC-G7L11,119816
2020-06-17,PDTRGSC-G7L11,81514
2020-06-24,PDTRGSC-G7L11,59850
2020-07-01,PDTRGSC-G7L11,70072
2020-07-08,PDTRGSC-G7L11,69143
2020-07-15,PDTRGSC-G7L11,63949
2020-07-22,PDTRGSC-G7L11,47069
2020-07-29,PDTRGSC-G7L11,55536
2020-08-05,PDTRGSC-G7L11,78052
2020-08-12,PDTRGSC-G7L11,89817
2020-08-19,PDTRGSC-G7L11,88502
2020-08-26,PDTRGSC-G7L11,72488
2020-09-02,PDTRGSC-G7L11,80227
2020-09-09,PDTRGSC-G7L11,84803
2020-09-16,PDTRGSC-G7L11,69736
2020-09-23,PDTRGSC-G7L11,63205
2020-09-30,PDTRGSC-G7L11,64985
2020-10-07,PDTRGSC-G7L11,95096
2020-10-14,PDTRGSC-G7L11,65844
2020-10-21,PDTRGSC-G7L11,62140
2020-10-28,PDTRGSC-G7L11,66663
2020-11-04,PDTRGSC-G7L11,90304
2020-11-11,PDTRGSC-G7L11,135424
2020-11-18,PDTRGSC-G7L11,108767
2020-11-25,PDTRGSC-G7L11,79563
2020-12-02,PDTRGSC-G7L11,86304
2020-12-09,PDTRGSC-G7L11,79487
2020-12-16,PDTRGSC-G7L11,69186
2020-12-23,PDTRGSC-G7L11,59577
2020-12-30,PDTRGSC-G7L11,35974
2021-01-06,PDTRGSC-G7L11,101456
2021-01-13,PDTRGSC-G7L11,118911
2021-01-20,PDTRGSC-G7L11,85325
2021-01-27,PDTRGSC-G7L11,95833
2021-02-03,PDTRGSC-G7L11,118434
2021-02-10,PDTRGSC-G7L11,103909
2021-02-17,PDTRGSC-G7L11,149778
2021-02-24,PDTRGSC-G7L11,138780
2021-03-03,PDTRGSC-G7L11,162793
2021-03-10,PDTRGSC-G7L11,124461
2021-03-17,PDTRGSC-G7L11,99240
2021-03-24,PDTRGSC-G7L11,96289
2021-03-31,PDTRGSC-G7L11,102378
2021-04-07,PDTRGSC-G7L11,58878
2021-04-14,PDTRGSC-G7L11,87268
2021-04-21,PDTRGSC-G7L11,80368
2021-04-28,PDTRGSC-G7L11,67874
2021-05-05,PDTRGSC-G7L11,78581
2021-05-12,PDTRGSC-G7L11,99156
2021-05-19,PDTRGSC-G7L11,115992
2021-05-26,PDTRGSC-G7L11,86461
2021-06-02,PDTRGSC-G7L11,98154
2021-06-09,PDTRGSC-G7L11,102247
2021-06-16,PDTRGSC-G7L11,101146
2021-06-23,PDTRGSC-G7L11,105396
2021-06-30,PDTRGSC-G7L11,78929
2021-07-07,PDTRGSC-G7L11,82409
2021-07-14,PDTRGSC-G7L11,96569
2021-07-21,PDTRGSC-G7L11,99476
2021-07-28,PDTRGSC-G7L11,66925
2021-08-04,PDTRGSC-G7L11,83228
2021-08-11,PDTRGSC-G7L11,102837
2021-08-18,PDTRGSC-G7L11,100234
2021-08-25,PDTRGSC-G7L11,69587
2021-09-01,PDTRGSC-G7L11,74237
2021-09-08,PDTRGSC-G7L11,75453
2021-09-15,PDTRGSC-G7L11,76737
2021-09-22,PDTRGSC-G7L11,75080
2021-09-29,PDTRGSC-G7L11,96285
2021-10-06,PDTRGSC-G7L11,80013
2021-10-13,PDTRGSC-G7L11,95532
2021-10-20,PDTRGSC-G7L11,87788
2021-10-27,PDTRGSC-G7L11,79654
2021-11-03,PDTRGSC-G7L11,104269
2021-11-10,PDTRGSC-G7L11,120739
2021-11-17,PDTRGSC-G7L11,131710
2021-11-24,PDTRGSC-G7L11,91742
2021-12-01,PDTRGSC-G7L11,130063
2021-12-08,PDTRGSC-G7L11,102873
2021-12-15,PDTRGSC-G7L11,65000
2021-12-22,PDTRGSC-G7L11,61070
2021-12-29,PDTRGSC-G7L11,24898
2022-01-05,PDTRGSC-G7L11,81314
2022-01-12,PDTRGSC-G7L11,96861
2022-01-19,PDTRGSC-G7L11,98245
2022-01-26,PDTRGSC-G7L11,98900
2022-02-02,PDTRGSC-G7L11,89133
2022-02-09,PDTRGSC-G7L11,101081
2022-02-16,PDTRGSC-G7L11,139703
2022-02-23,PDTRGSC-G7L11,90896
2022-03-02,PDTRGSC-G7L11,128623
2022-03-09,PDTRGSC-G7L11,118453
2022-03-16,PDTRGSC-G7L11,96605
2022-03-23,PDTRGSC-G7L11,81546
2022-03-30,PDTRGSC-G7L11,85191
2022-04-06,PDTRGSC-G7L11,95315
2022-04-13,PDTRGSC-G7L11,100796
2022-04-20,PDTRGSC-G7L11,81804
2022-04-27,PDTRGSC-G7L11,74064
2022-05-04,PDTRGSC-G7L11,76454
2022-05-11,PDTRGSC-G7L11,104809
2022-05-18,PDTRGSC-G7L11,116997
2022-05-25,PDTRGSC-G7L11,84695
2022-06-01,PDTRGSC-G7L11,95850
2022-06-08,PDTRGSC-G7L11,78653
2022-06-15,PDTRGSC-G7L11,98422
2022-06-22,PDTRGSC-G7L11,71402
2022-06-29,PDTRGSC-G7L11,66357
2022-07-06,PDTRGSC-G7L11,84002
2022-07-13,PDTRGSC-G7L11,75766
2022-07-20,PDTRGSC-G7L11,68588
2022-07-27,PDTRGSC-G7L11,72556
2022-08-03,PDTRGSC-G7L11,93517
2022-08-10,PDTRGSC-G7L11,89426
2022-08-17,PDTRGSC-G7L11,92747
2022-08-24,PDTRGSC-G7L11,76319
2022-08-31,PDTRGSC-G7L11,65257
2022-09-07,PDTRGSC-G7L11,75054
2022-09-14,PDTRGSC-G7L11,67153
2022-09-21,PDTRGSC-G7L11,57030
2022-09-28,PDTRGSC-G7L11,90393
2022-10-05,PDTRGSC-G7L11,79657
2022-10-12,PDTRGSC-G7L11,70676
2022-10-19,PDTRGSC-G7L11,69949
2022-10-26,PDTRGSC-G7L11,75335
2022-11-02,PDTRGSC-G7L11,72412
2022-11-09,PDTRGSC-G7L11,73981
2022-11-16,PDTRGSC-G7L11,125316
2022-11-23,PDTRGSC-G7L11,68084
2022-11-30,PDTRGSC-G7L11,76226
2022-12-07,PDTRGSC-G7L11,83171
2022-12-14,PDTRGSC-G7L11,75143
2022-12-21,PDTRGSC-G7L11,55423
2022-12-28,PDTRGSC-G7L11,35287
2023-01-04,PDTRGSC-G7L11,64268
2023-01-11,PDTRGSC-G7L11,81679
2023-01-18,PDTRGSC-G7L11,91220
2023-01-25,PDTRGSC-G7L11,67876
2023-02-01,PDTRGSC-G7L11,81667
2023-02-08,PDTRGSC-G7L11,107599
2023-02-15,PDTRGSC-G7L11,108337
2023-02-22,PDTRGSC-G7L11,76212
2023-03-01,PDTRGSC-G7L11,83881
2023-03-08,PDTRGSC-G7L11,90196
2023-03-15,PDTRGSC-G7L11,122076
2023-03-22,PDTRGSC-G7L11,88360
2023-03-29,PDTRGSC-G7L11,85047
2023-04-05,PDTRGSC-G7L11,72424
2023-04-12,PDTRGSC-G7L11,55128
2023-04-19,PDTRGSC-G7L11,73688
2023-04-26,PDTRGSC-G7L11,50562
2023-05-03,PDTRGSC-G7L11,84041
2023-05-10,PDTRGSC-G7L11,81713
2023-05-17,PDTRGSC-G7L11,105660
2023-05-24,PDTRGSC-G7L11,70211
2023-05-31,PDTRGSC-G7L11,88227
2023-06-07,PDTRGSC-G7L11,79944
2023-06-14,PDTRGSC-G7L11,71359
2023-06-21,PDTRGSC-G7L11,55365
2023-06-28,PDTRGSC-G7L11,61824
2023-07-05,PDTRGSC-G7L11,71656
2023-07-12,PDTRGSC-G7L11,87104
2023-07-19,PDTRGSC-G7L11,70646
2023-07-26,PDTRGSC-G7L11,55760
2023-08-02,PDTRGSC-G7L11,87828
2023-08-09,PDTRGSC-G7L11,98020
2023-08-16,PDTRGSC-G7L11,95822
2023-08-23,PDTRGSC-G7L11,67349
2023-08-30,PDTRGSC-G7L11,57939
2023-09-06,PDTRGSC-G7L11,89345
2023-09-13,PDTRGSC-G7L11,68525
2023-09-20,PDTRGSC-G7L11,64486
2023-09-27,PDTRGSC-G7L11,84241
2023-10-04,PDTRGSC-G7L11,93459
2023-10-11,PDTRGSC-G7L11,90298
2023-10-18,PDTRGSC-G7L11,81023
2023-10-25,PDTRGSC-G7L11,69431
2023-11-01,PDTRGSC-G7L11,86494
2023-11-08,PDTRGSC-G7L11,110531
2023-11-15,PDTRGSC-G7L11,110943
2023-11-22,PDTRGSC-G7L11,77152
2023-11-29,PDTRGSC-G7L11,91919
2023-12-06,PDTRGSC-G7L11,112272
2023-12-13,PDTRGSC-G7L11,93672
2023-12-20,PDTRGSC-G7L11,79726
2023-12-27,PDTRGSC-G7L11,43228
2024-01-03,PDTRGSC-G7L11,79417
2024-01-10,PDTRGSC-G7L11,95631
2024-01-17,PDTRGSC-G7L11,102781
2024-01-24,PDTRGSC-G7L11,80772
2024-01-31,PDTRGSC-G7L11,97719
2024-02-07,PDTRGSC-G7L11,128422
2024-02-14,PDTRGSC-G7L11,111290
2024-02-21,PDTRGSC-G7L11,88420
2024-02-28,PDTRGSC-G7L11,93133
2024-03-06,PDTRGSC-G7L11,101229
2024-03-13,PDTRGSC-G7L11,81318
2024-03-20,PDTRGSC-G7L11,70529
2024-03-27,PDTRGSC-G7L11,72462
2024-04-03,PDTRGSC-G7L11,67838
2024-04-10,PDTRGSC-G7L11,86083
2024-04-17,PDTRGSC-G7L11,90541
2024-04-24,PDTRGSC-G7L11,67025
2024-05-01,PDTRGSC-G7L11,78114
2024-05-08,PDTRGSC-G7L11,93388
2024-05-15,PDTRGSC-G7L11,93507
2024-05-22,PDTRGSC-G7L11,61999
2024-05-29,PDTRGSC-G7L11,78280
2024-06-05,PDTRGSC-G7L11,95303
2024-06-12,PDTRGSC-G7L11,91039
2024-06-19,PDTRGSC-G7L11,92444
2024-06-26,PDTRGSC-G7L11,65633
2024-07-03,PDTRGSC-G7L11,84054
2024-07-10,PDTRGSC-G7L11,75816
2024-07-17,PDTRGSC-G7L11,81616
2024-07-24,PDTRGSC-G7L11,64387
2024-07-31,PDTRGSC-G7L11,82263
2024-08-07,PDTRGSC-G7L11,160131
2024-08-14,PDTRGSC-G7L11,121121
2024-08-21,PDTRGSC-G7L11,80347
2024-08-28,PDTRGSC-G7L11,78886
2024-09-04,PDTRGSC-G7L11,105654
2024-09-11,PDTRGSC-G7L11,103568
2024-09-18,PDTRGSC-G7L11,86925
2024-09-25,PDTRGSC-G7L11,79244
2024-10-02,PDTRGSC-G7L11,88604
2024-10-09,PDTRGSC-G7L11,94706
2024-10-16,PDTRGSC-G7L11,81122
2024-10-23,PDTRGSC-G7L11,74812
2024-10-30,PDTRGSC-G7L11,75842
2024-11-06,PDTRGSC-G7L11,133492
2024-11-13,PDTRGSC-G7L11,112983
2024-11-20,PDTRGSC-G7L11,84763
2024-11-27,PDTRGSC-G7L11,88977
2024-12-04,PDTRGSC-G7L11,83835
2024-12-11,PDTRGSC-G7L11,84505
2024-12-18,PDTRGSC-G7L11,76672
2024-12-25,PDTRGSC-G7L11,64526
2025-01-01,PDTRGSC-G7L11,40865
2025-01-08,PDTRGSC-G7L11,96407
2025-01-15,PDTRGSC-G7L11,87744
2025-01-22,PDTRGSC-G7L11,96683
2025-01-29,PDTRGSC-G7L11,88179
2025-02-05,PDTRGSC-G7L11,111682
2025-02-12,PDTRGSC-G7L11,109316
2025-02-19,PDTRGSC-G7L11,140238
2025-02-26,PDTRGSC-G7L11,120608
2025-03-05,PDTRGSC-G7L11,135985
2025-03-12,PDTRGSC-G7L11,117211
2025-03-19,PDTRGSC-G7L11,84655
2025-03-26,PDTRGSC-G7L11,82717
2025-04-02,PDTRGSC-G7L11,103125
2025-04-09,PDTRGSC-G7L11,194422
2025-04-16,PDTRGSC-G7L11,130100
2025-04-23,PDTRGSC-G7L11,84251
2025-04-30,PDTRGSC-G7L11,93452
2025-05-07,PDTRGSC-G7L11,116598
2025-05-14,PDTRGSC-G7L11,112591
2025-05-21,PDTRGSC-G7L11,98518
2025-05-28,PDTRGSC-G7L11,92452
2025-06-04,PDTRGSC-G7L11,104555
2025-06-11,PDTRGSC-G7L11,86394
2025-06-18,PDTRGSC-G7L11,78787
2025-06-25,PDTRGSC-G7L11,76979
2025-07-02,PDTRGSC-G7L11,97130
2025-07-09,PDTRGSC-G7L11,84089
2025-07-16,PDTRGSC-G7L11,72878
2025-07-23,PDTRGSC-G7L11,62688
2025-07-30,PDTRGSC-G7L11,75131
2025-08-06,PDTRGSC-G7L11,119284
2025-08-13,PDTRGSC-G7L11,95964
2025-08-20,PDTRGSC-G7L11,79286
2025-08-27,PDTRGSC-G7L11,83280
2025-09-03,PDTRGSC-G7L11,110042
2025-09-10,PDTRGSC-G7L11,128207
2025-09-17,PDTRGSC-G7L11,92875
2025-09-24,PDTRGSC-G7L11,81987
2025-10-01,PDTRGSC-G7L11,101248
2025-10-08,PDTRGSC-G7L11,75063
2025-10-15,PDTRGSC-G7L11,88176
2025-10-22,PDTRGSC-G7L11,87313
2025-10-29,PDTRGSC-G7L11,86215
2025-11-05,PDTRGSC-G7L11,102611
2025-11-12,PDTRGSC-G7L11,91258
2025-11-19,PDTRGSC-G7L11,114088
2025-11-26,PDTRGSC-G7L11,109180
2025-12-03,PDTRGSC-G7L11,98191
2025-12-10,PDTRGSC-G7L11,97772
2025-12-17,PDTRGSC-G7L11,86262
2025-12-24,PDTRGSC-G7L11,56513
2025-12-31,PDTRGSC-G7L11,44230
2026-01-07,PDTRGSC-G7L11,99087
2026-01-14,PDTRGSC-G7L11,114140
2026-01-21,PDTRGSC-G7L11,132786
2026-01-28,PDTRGSC-G7L11,93387
2026-02-04,PDTRGSC-G7L11,119558
2026-02-11,PDTRGSC-G7L11,122985
2026-02-18,PDTRGSC-G7L11,137380
2026-02-25,PDTRGSC-G7L11,102307
2026-03-04,PDTRGSC-G7L11,134602
2026-03-11,PDTRGSC-G7L11,139851
2026-03-18,PDTRGSC-G7L11,106331
2026-03-25,PDTRGSC-G7L11,114146
2026-04-01,PDTRGSC-G7L11,112631
2026-04-08,PDTRGSC-G7L11,83737
2026-04-15,PDTRGSC-G7L11,82480
2026-04-22,PDTRGSC-G7L11,79372
2026-04-29,PDTRGSC-G7L11,90471
2026-05-06,PDTRGSC-G7L11,92197
2026-05-13,PDTRGSC-G7L11,123068
2026-05-20,PDTRGSC-G7L11,149136
2026-05-27,PDTRGSC-G7L11,99110
2026-06-03,PDTRGSC-G7L11,111577
2026-06-10,PDTRGSC-G7L11,97769
2026-06-17,PDTRGSC-G7L11,92272
2026-06-24,PDTRGSC-G7L11,99883
2026-07-01,PDTRGSC-G7L11,96024
2026-07-08,PDTRGSC-G7L11,97414
2026-07-15,PDTRGSC-G7L11,85023
2026-07-22,PDTRGSC-G7L11,77873
2026-07-29,PDTRGSC-G7L11,99945
2026-08-05,PDTRGSC-G7L11,115927
2026-08-12,PDTRGSC-G7L11,102559
2026-08-19,PDTRGSC-G7L11,127205
2026-08-26,PDTRGSC-G7L11,110104
2026-09-02,PDTRGSC-G7L11,108356
2026-09-09,PDTRGSC-G7L11,111170
2026-09-16,PDTRGSC-G7L11,129755
2026-09-23,PDTRGSC-G7L11,107063
