decision_date,decision,kind,start_date,end_date,statement_date,label,source
,0,conference_call,1993-01-06,1993-01-06,,January 6 Conference Call - 1993,https://www.federalreserve.gov/monetarypolicy/fomchistorical1993.htm
1993-02-03,1,scheduled,1993-02-02,1993-02-03,,February 2-3 Meeting - 1993,https://www.federalreserve.gov/monetarypolicy/fomchistorical1993.htm
,0,conference_call,1993-02-18,1993-02-18,,February 18 Conference Call - 1993,https://www.federalreserve.gov/monetarypolicy/fomchistorical1993.htm
,0,conference_call,1993-03-01,1993-03-01,,March 1 Conference Call - 1993,https://www.federalreserve.gov/monetarypolicy/fomchistorical1993.htm
1993-03-23,1,scheduled,1993-03-23,1993-03-23,,March 23 Meeting - 1993,https://www.federalreserve.gov/monetarypolicy/fomchistorical1993.htm
1993-05-18,1,scheduled,1993-05-18,1993-05-18,,May 18 Meeting - 1993,https://www.federalreserve.gov/monetarypolicy/fomchistorical1993.htm
1993-07-07,1,scheduled,1993-07-06,1993-07-07,,July 6-7 Meeting - 1993,https://www.federalreserve.gov/monetarypolicy/fomchistorical1993.htm
1993-08-17,1,scheduled,1993-08-17,1993-08-17,,August 17 Meeting - 1993,https://www.federalreserve.gov/monetarypolicy/fomchistorical1993.htm
1993-09-21,1,scheduled,1993-09-21,1993-09-21,,September 21 Meeting - 1993,https://www.federalreserve.gov/monetarypolicy/fomchistorical1993.htm
,0,conference_call,1993-10-05,1993-10-05,,October 5 Conference Call - 1993,https://www.federalreserve.gov/monetarypolicy/fomchistorical1993.htm
,0,conference_call,1993-10-15,1993-10-15,,October 15 Conference Call - 1993,https://www.federalreserve.gov/monetarypolicy/fomchistorical1993.htm
,0,conference_call,1993-10-22,1993-10-22,,October 22 Conference Call - 1993,https://www.federalreserve.gov/monetarypolicy/fomchistorical1993.htm
,0,conference_call,1993-11-09,1993-11-09,,November 9 Conference Call - 1993,https://www.federalreserve.gov/monetarypolicy/fomchistorical1993.htm
,0,conference_call,1993-11-10,1993-11-10,,November 10 Conference Call - 1993,https://www.federalreserve.gov/monetarypolicy/fomchistorical1993.htm
1993-11-16,1,scheduled,1993-11-16,1993-11-16,,November 16 Meeting - 1993,https://www.federalreserve.gov/monetarypolicy/fomchistorical1993.htm
1993-12-21,1,scheduled,1993-12-21,1993-12-21,,December 21 Meeting - 1993,https://www.federalreserve.gov/monetarypolicy/fomchistorical1993.htm
1994-02-04,1,scheduled,1994-02-03,1994-02-04,1994-02-04,February 3-4 Meeting - 1994,https://www.federalreserve.gov/monetarypolicy/fomchistorical1994.htm
,0,conference_call,1994-02-28,1994-02-28,,February 28 Conference Call - 1994,https://www.federalreserve.gov/monetarypolicy/fomchistorical1994.htm
1994-03-22,1,scheduled,1994-03-22,1994-03-22,1994-03-22,March 22 Meeting - 1994,https://www.federalreserve.gov/monetarypolicy/fomchistorical1994.htm
,0,conference_call,1994-03-24,1994-03-24,,March 24 Conference Call - 1994,https://www.federalreserve.gov/monetarypolicy/fomchistorical1994.htm
1994-04-18,1,conference_call,1994-04-18,1994-04-18,1994-04-18,April 18 Conference Call - 1994,https://www.federalreserve.gov/monetarypolicy/fomchistorical1994.htm
1994-05-17,1,scheduled,1994-05-17,1994-05-17,1994-05-17,May 17 Meeting - 1994,https://www.federalreserve.gov/monetarypolicy/fomchistorical1994.htm
1994-07-06,1,scheduled,1994-07-05,1994-07-06,,July 5-6 Meeting - 1994,https://www.federalreserve.gov/monetarypolicy/fomchistorical1994.htm
,0,conference_call,1994-07-20,1994-07-20,,July 20 Conference Call - 1994,https://www.federalreserve.gov/monetarypolicy/fomchistorical1994.htm
1994-08-16,1,scheduled,1994-08-16,1994-08-16,1994-08-16,August 16 Meeting - 1994,https://www.federalreserve.gov/monetarypolicy/fomchistorical1994.htm
1994-09-27,1,scheduled,1994-09-27,1994-09-27,,September 27 Meeting - 1994,https://www.federalreserve.gov/monetarypolicy/fomchistorical1994.htm
1994-11-15,1,scheduled,1994-11-15,1994-11-15,1994-11-15,November 15 Meeting - 1994,https://www.federalreserve.gov/monetarypolicy/fomchistorical1994.htm
1994-12-20,1,scheduled,1994-12-20,1994-12-20,,December 20 Meeting - 1994,https://www.federalreserve.gov/monetarypolicy/fomchistorical1994.htm
,0,conference_call,1994-12-30,1994-12-30,,December 30 Conference Call - 1994,https://www.federalreserve.gov/monetarypolicy/fomchistorical1994.htm
,0,conference_call,1995-01-13,1995-01-13,,January 13 Conference Call - 1995,https://www.federalreserve.gov/monetarypolicy/fomchistorical1995.htm
1995-02-01,1,scheduled,1995-01-31,1995-02-01,1995-02-01,January 31-February 1 Meeting - 1995,https://www.federalreserve.gov/monetarypolicy/fomchistorical1995.htm
,0,conference_call,1995-03-10,1995-03-10,,March 10 Conference Call - 1995,https://www.federalreserve.gov/monetarypolicy/fomchistorical1995.htm
1995-03-28,1,scheduled,1995-03-28,1995-03-28,,March 28 Meeting - 1995,https://www.federalreserve.gov/monetarypolicy/fomchistorical1995.htm
,0,conference_call,1995-04-28,1995-04-28,,April 28 Conference Call - 1995,https://www.federalreserve.gov/monetarypolicy/fomchistorical1995.htm
1995-05-23,1,scheduled,1995-05-23,1995-05-23,,May 23 Meeting - 1995,https://www.federalreserve.gov/monetarypolicy/fomchistorical1995.htm
1995-07-06,1,scheduled,1995-07-05,1995-07-06,1995-07-06,July 5-6 Meeting - 1995,https://www.federalreserve.gov/monetarypolicy/fomchistorical1995.htm
1995-08-22,1,scheduled,1995-08-22,1995-08-22,,August 22 Meeting - 1995,https://www.federalreserve.gov/monetarypolicy/fomchistorical1995.htm
1995-09-26,1,scheduled,1995-09-26,1995-09-26,,September 26 Meeting - 1995,https://www.federalreserve.gov/monetarypolicy/fomchistorical1995.htm
1995-11-15,1,scheduled,1995-11-15,1995-11-15,,November 15 Meeting - 1995,https://www.federalreserve.gov/monetarypolicy/fomchistorical1995.htm
1995-12-19,1,scheduled,1995-12-19,1995-12-19,1995-12-19,December 19 Meeting - 1995,https://www.federalreserve.gov/monetarypolicy/fomchistorical1995.htm
1996-01-31,1,scheduled,1996-01-30,1996-01-31,1996-01-31,January 30-31 Meeting - 1996,https://www.federalreserve.gov/monetarypolicy/fomchistorical1996.htm
1996-03-26,1,scheduled,1996-03-26,1996-03-26,,March 26 Meeting - 1996,https://www.federalreserve.gov/monetarypolicy/fomchistorical1996.htm
1996-05-21,1,scheduled,1996-05-21,1996-05-21,,May 21 Meeting - 1996,https://www.federalreserve.gov/monetarypolicy/fomchistorical1996.htm
1996-07-03,1,scheduled,1996-07-02,1996-07-03,,July 2-3 Meeting - 1996,https://www.federalreserve.gov/monetarypolicy/fomchistorical1996.htm
1996-08-20,1,scheduled,1996-08-20,1996-08-20,,August 20 Meeting - 1996,https://www.federalreserve.gov/monetarypolicy/fomchistorical1996.htm
1996-09-24,1,scheduled,1996-09-24,1996-09-24,,September 24 Meeting - 1996,https://www.federalreserve.gov/monetarypolicy/fomchistorical1996.htm
1996-11-13,1,scheduled,1996-11-13,1996-11-13,,November 13 Meeting - 1996,https://www.federalreserve.gov/monetarypolicy/fomchistorical1996.htm
1996-12-17,1,scheduled,1996-12-17,1996-12-17,,December 17 Meeting - 1996,https://www.federalreserve.gov/monetarypolicy/fomchistorical1996.htm
1997-02-05,1,scheduled,1997-02-04,1997-02-05,,February 4-5 Meeting - 1997,https://www.federalreserve.gov/monetarypolicy/fomchistorical1997.htm
1997-03-25,1,scheduled,1997-03-25,1997-03-25,1997-03-25,March 25 Meeting - 1997,https://www.federalreserve.gov/monetarypolicy/fomchistorical1997.htm
1997-05-20,1,scheduled,1997-05-20,1997-05-20,,May 20 Meeting - 1997,https://www.federalreserve.gov/monetarypolicy/fomchistorical1997.htm
1997-07-02,1,scheduled,1997-07-01,1997-07-02,,July 1-2 Meeting - 1997,https://www.federalreserve.gov/monetarypolicy/fomchistorical1997.htm
1997-08-19,1,scheduled,1997-08-19,1997-08-19,,August 19 Meeting - 1997,https://www.federalreserve.gov/monetarypolicy/fomchistorical1997.htm
1997-09-30,1,scheduled,1997-09-30,1997-09-30,,September 30 Meeting - 1997,https://www.federalreserve.gov/monetarypolicy/fomchistorical1997.htm
1997-11-12,1,scheduled,1997-11-12,1997-11-12,,November 12 Meeting - 1997,https://www.federalreserve.gov/monetarypolicy/fomchistorical1997.htm
1997-12-16,1,scheduled,1997-12-16,1997-12-16,,December 16 Meeting - 1997,https://www.federalreserve.gov/monetarypolicy/fomchistorical1997.htm
1998-02-04,1,scheduled,1998-02-03,1998-02-04,,February 3-4 Meeting - 1998,https://www.federalreserve.gov/monetarypolicy/fomchistorical1998.htm
1998-03-31,1,scheduled,1998-03-31,1998-03-31,,March 31 Meeting - 1998,https://www.federalreserve.gov/monetarypolicy/fomchistorical1998.htm
1998-05-19,1,scheduled,1998-05-19,1998-05-19,,May 19 Meeting - 1998,https://www.federalreserve.gov/monetarypolicy/fomchistorical1998.htm
1998-07-01,1,scheduled,1998-06-30,1998-07-01,,June 30-July 1 Meeting - 1998,https://www.federalreserve.gov/monetarypolicy/fomchistorical1998.htm
1998-08-18,1,scheduled,1998-08-18,1998-08-18,,August 18 Meeting - 1998,https://www.federalreserve.gov/monetarypolicy/fomchistorical1998.htm
,0,conference_call,1998-09-21,1998-09-21,,September 21 Conference Call - 1998,https://www.federalreserve.gov/monetarypolicy/fomchistorical1998.htm
1998-09-29,1,scheduled,1998-09-29,1998-09-29,1998-09-29,September 29 Meeting - 1998,https://www.federalreserve.gov/monetarypolicy/fomchistorical1998.htm
1998-10-15,1,conference_call,1998-10-15,1998-10-15,1998-10-15,October 15 Conference Call - 1998,https://www.federalreserve.gov/monetarypolicy/fomchistorical1998.htm
1998-11-17,1,scheduled,1998-11-17,1998-11-17,1998-11-17,November 17 Meeting - 1998,https://www.federalreserve.gov/monetarypolicy/fomchistorical1998.htm
1998-12-22,1,scheduled,1998-12-22,1998-12-22,,December 22 Meeting - 1998,https://www.federalreserve.gov/monetarypolicy/fomchistorical1998.htm
1999-02-03,1,scheduled,1999-02-02,1999-02-03,,February 2-3 Meeting - 1999,https://www.federalreserve.gov/monetarypolicy/fomchistorical1999.htm
1999-03-30,1,scheduled,1999-03-30,1999-03-30,,March 30 Meeting - 1999,https://www.federalreserve.gov/monetarypolicy/fomchistorical1999.htm
1999-05-18,1,scheduled,1999-05-18,1999-05-18,1999-05-18,May 18 Meeting - 1999,https://www.federalreserve.gov/monetarypolicy/fomchistorical1999.htm
1999-06-30,1,scheduled,1999-06-29,1999-06-30,1999-06-30,June 29-30 Meeting - 1999,https://www.federalreserve.gov/monetarypolicy/fomchistorical1999.htm
1999-08-24,1,scheduled,1999-08-24,1999-08-24,1999-08-24,August 24 Meeting - 1999,https://www.federalreserve.gov/monetarypolicy/fomchistorical1999.htm
1999-10-05,1,scheduled,1999-10-05,1999-10-05,1999-10-05,October 5 Meeting - 1999,https://www.federalreserve.gov/monetarypolicy/fomchistorical1999.htm
1999-11-16,1,scheduled,1999-11-16,1999-11-16,1999-11-16,November 16 Meeting - 1999,https://www.federalreserve.gov/monetarypolicy/fomchistorical1999.htm
1999-12-21,1,scheduled,1999-12-21,1999-12-21,1999-12-21,December 21 Meeting - 1999,https://www.federalreserve.gov/monetarypolicy/fomchistorical1999.htm
2000-02-02,1,scheduled,2000-02-01,2000-02-02,2000-02-02,February 1-2 Meeting - 2000,https://www.federalreserve.gov/monetarypolicy/fomchistorical2000.htm
2000-03-21,1,scheduled,2000-03-21,2000-03-21,2000-03-21,March 21 Meeting - 2000,https://www.federalreserve.gov/monetarypolicy/fomchistorical2000.htm
2000-05-16,1,scheduled,2000-05-16,2000-05-16,2000-05-16,May 16 Meeting - 2000,https://www.federalreserve.gov/monetarypolicy/fomchistorical2000.htm
2000-06-28,1,scheduled,2000-06-27,2000-06-28,2000-06-28,June 27-28 Meeting - 2000,https://www.federalreserve.gov/monetarypolicy/fomchistorical2000.htm
2000-08-22,1,scheduled,2000-08-22,2000-08-22,2000-08-22,August 22 Meeting - 2000,https://www.federalreserve.gov/monetarypolicy/fomchistorical2000.htm
2000-10-03,1,scheduled,2000-10-03,2000-10-03,2000-10-03,October 3 Meeting - 2000,https://www.federalreserve.gov/monetarypolicy/fomchistorical2000.htm
2000-11-15,1,scheduled,2000-11-15,2000-11-15,2000-11-15,November 15 Meeting - 2000,https://www.federalreserve.gov/monetarypolicy/fomchistorical2000.htm
2000-12-19,1,scheduled,2000-12-19,2000-12-19,2000-12-19,December 19 Meeting - 2000,https://www.federalreserve.gov/monetarypolicy/fomchistorical2000.htm
2001-01-03,1,conference_call,2001-01-03,2001-01-03,2001-01-03,January 3 Conference Call - 2001,https://www.federalreserve.gov/monetarypolicy/fomchistorical2001.htm
2001-01-31,1,scheduled,2001-01-30,2001-01-31,2001-01-31,January 30-31 Meeting - 2001,https://www.federalreserve.gov/monetarypolicy/fomchistorical2001.htm
2001-03-20,1,scheduled,2001-03-20,2001-03-20,2001-03-20,March 20 Meeting - 2001,https://www.federalreserve.gov/monetarypolicy/fomchistorical2001.htm
,0,conference_call,2001-04-11,2001-04-11,,April 11 Conference Call - 2001,https://www.federalreserve.gov/monetarypolicy/fomchistorical2001.htm
2001-04-18,1,conference_call,2001-04-18,2001-04-18,2001-04-18,April 18 Conference Call - 2001,https://www.federalreserve.gov/monetarypolicy/fomchistorical2001.htm
2001-05-15,1,scheduled,2001-05-15,2001-05-15,2001-05-15,May 15 Meeting - 2001,https://www.federalreserve.gov/monetarypolicy/fomchistorical2001.htm
2001-06-27,1,scheduled,2001-06-26,2001-06-27,2001-06-27,June 26-27 Meeting - 2001,https://www.federalreserve.gov/monetarypolicy/fomchistorical2001.htm
2001-08-21,1,scheduled,2001-08-21,2001-08-21,2001-08-21,August 21 Meeting - 2001,https://www.federalreserve.gov/monetarypolicy/fomchistorical2001.htm
,0,conference_call,2001-09-13,2001-09-13,,September 13 Conference Call - 2001,https://www.federalreserve.gov/monetarypolicy/fomchistorical2001.htm
2001-09-17,1,conference_call,2001-09-17,2001-09-17,2001-09-17,September 17 Conference Call - 2001,https://www.federalreserve.gov/monetarypolicy/fomchistorical2001.htm
2001-10-02,1,scheduled,2001-10-02,2001-10-02,2001-10-02,October 2 Meeting - 2001,https://www.federalreserve.gov/monetarypolicy/fomchistorical2001.htm
2001-11-06,1,scheduled,2001-11-06,2001-11-06,2001-11-06,November 6 Meeting - 2001,https://www.federalreserve.gov/monetarypolicy/fomchistorical2001.htm
2001-12-11,1,scheduled,2001-12-11,2001-12-11,2001-12-11,December 11 Meeting - 2001,https://www.federalreserve.gov/monetarypolicy/fomchistorical2001.htm
2002-01-30,1,scheduled,2002-01-29,2002-01-30,2002-01-30,January 29-30 Meeting - 2002,https://www.federalreserve.gov/monetarypolicy/fomchistorical2002.htm
2002-03-19,1,scheduled,2002-03-19,2002-03-19,2002-03-19,March 19 Meeting - 2002,https://www.federalreserve.gov/monetarypolicy/fomchistorical2002.htm
2002-05-07,1,scheduled,2002-05-07,2002-05-07,2002-05-07,May 7 Meeting - 2002,https://www.federalreserve.gov/monetarypolicy/fomchistorical2002.htm
2002-06-26,1,scheduled,2002-06-25,2002-06-26,2002-06-26,June 25-26 Meeting - 2002,https://www.federalreserve.gov/monetarypolicy/fomchistorical2002.htm
2002-08-13,1,scheduled,2002-08-13,2002-08-13,2002-08-13,August 13 Meeting - 2002,https://www.federalreserve.gov/monetarypolicy/fomchistorical2002.htm
2002-09-24,1,scheduled,2002-09-24,2002-09-24,2002-09-24,September 24 Meeting - 2002,https://www.federalreserve.gov/monetarypolicy/fomchistorical2002.htm
2002-11-06,1,scheduled,2002-11-06,2002-11-06,2002-11-06,November 6 Meeting - 2002,https://www.federalreserve.gov/monetarypolicy/fomchistorical2002.htm
2002-12-10,1,scheduled,2002-12-10,2002-12-10,2002-12-10,December 10 Meeting - 2002,https://www.federalreserve.gov/monetarypolicy/fomchistorical2002.htm
2003-01-29,1,scheduled,2003-01-28,2003-01-29,2003-01-29,January 28-29 Meeting - 2003,https://www.federalreserve.gov/monetarypolicy/fomchistorical2003.htm
2003-03-18,1,scheduled,2003-03-18,2003-03-18,2003-03-18,March 18 Meeting - 2003,https://www.federalreserve.gov/monetarypolicy/fomchistorical2003.htm
,0,conference_call,2003-03-25,2003-03-25,,March 25 Conference Call - 2003,https://www.federalreserve.gov/monetarypolicy/fomchistorical2003.htm
,0,conference_call,2003-04-01,2003-04-01,,April 1 Conference Call - 2003,https://www.federalreserve.gov/monetarypolicy/fomchistorical2003.htm
,0,conference_call,2003-04-08,2003-04-08,,April 8 Conference Call - 2003,https://www.federalreserve.gov/monetarypolicy/fomchistorical2003.htm
,0,conference_call,2003-04-16,2003-04-16,,April 16 Conference Call - 2003,https://www.federalreserve.gov/monetarypolicy/fomchistorical2003.htm
2003-05-06,1,scheduled,2003-05-06,2003-05-06,2003-05-06,May 6 Meeting - 2003,https://www.federalreserve.gov/monetarypolicy/fomchistorical2003.htm
2003-06-25,1,scheduled,2003-06-24,2003-06-25,2003-06-25,June 24-25 Meeting - 2003,https://www.federalreserve.gov/monetarypolicy/fomchistorical2003.htm
2003-08-12,1,scheduled,2003-08-12,2003-08-12,2003-08-12,August 12 Meeting - 2003,https://www.federalreserve.gov/monetarypolicy/fomchistorical2003.htm
,0,special_meeting,2003-09-15,2003-09-15,,September 15 Meeting - 2003,https://www.federalreserve.gov/monetarypolicy/fomchistorical2003.htm
2003-09-16,1,scheduled,2003-09-16,2003-09-16,2003-09-16,September 16 Meeting - 2003,https://www.federalreserve.gov/monetarypolicy/fomchistorical2003.htm
2003-10-28,1,scheduled,2003-10-28,2003-10-28,2003-10-28,October 28 Meeting - 2003,https://www.federalreserve.gov/monetarypolicy/fomchistorical2003.htm
2003-12-09,1,scheduled,2003-12-09,2003-12-09,2003-12-09,December 9 Meeting - 2003,https://www.federalreserve.gov/monetarypolicy/fomchistorical2003.htm
2004-01-28,1,scheduled,2004-01-27,2004-01-28,2004-01-28,January 27-28 Meeting - 2004,https://www.federalreserve.gov/monetarypolicy/fomchistorical2004.htm
2004-03-16,1,scheduled,2004-03-16,2004-03-16,2004-03-16,March 16 Meeting - 2004,https://www.federalreserve.gov/monetarypolicy/fomchistorical2004.htm
2004-05-04,1,scheduled,2004-05-04,2004-05-04,2004-05-04,May 4 Meeting - 2004,https://www.federalreserve.gov/monetarypolicy/fomchistorical2004.htm
2004-06-30,1,scheduled,2004-06-29,2004-06-30,2004-06-30,June 29-30 Meeting - 2004,https://www.federalreserve.gov/monetarypolicy/fomchistorical2004.htm
2004-08-10,1,scheduled,2004-08-10,2004-08-10,2004-08-10,August 10 Meeting - 2004,https://www.federalreserve.gov/monetarypolicy/fomchistorical2004.htm
2004-09-21,1,scheduled,2004-09-21,2004-09-21,2004-09-21,September 21 Meeting - 2004,https://www.federalreserve.gov/monetarypolicy/fomchistorical2004.htm
2004-11-10,1,scheduled,2004-11-10,2004-11-10,2004-11-10,November 10 Meeting - 2004,https://www.federalreserve.gov/monetarypolicy/fomchistorical2004.htm
2004-12-14,1,scheduled,2004-12-14,2004-12-14,2004-12-14,December 14 Meeting - 2004,https://www.federalreserve.gov/monetarypolicy/fomchistorical2004.htm
2005-02-02,1,scheduled,2005-02-01,2005-02-02,2005-02-02,February 1-2 Meeting - 2005,https://www.federalreserve.gov/monetarypolicy/fomchistorical2005.htm
2005-03-22,1,scheduled,2005-03-22,2005-03-22,2005-03-22,March 22 Meeting - 2005,https://www.federalreserve.gov/monetarypolicy/fomchistorical2005.htm
2005-05-03,1,scheduled,2005-05-03,2005-05-03,2005-05-03,May 3 Meeting - 2005,https://www.federalreserve.gov/monetarypolicy/fomchistorical2005.htm
2005-06-30,1,scheduled,2005-06-29,2005-06-30,2005-06-30,June 29-30 Meeting - 2005,https://www.federalreserve.gov/monetarypolicy/fomchistorical2005.htm
2005-08-09,1,scheduled,2005-08-09,2005-08-09,2005-08-09,August 9 Meeting - 2005,https://www.federalreserve.gov/monetarypolicy/fomchistorical2005.htm
2005-09-20,1,scheduled,2005-09-20,2005-09-20,2005-09-20,September 20 Meeting - 2005,https://www.federalreserve.gov/monetarypolicy/fomchistorical2005.htm
2005-11-01,1,scheduled,2005-11-01,2005-11-01,2005-11-01,November 1 Meeting - 2005,https://www.federalreserve.gov/monetarypolicy/fomchistorical2005.htm
2005-12-13,1,scheduled,2005-12-13,2005-12-13,2005-12-13,December 13 Meeting - 2005,https://www.federalreserve.gov/monetarypolicy/fomchistorical2005.htm
2006-01-31,1,scheduled,2006-01-31,2006-01-31,2006-01-31,January 31 Meeting - 2006,https://www.federalreserve.gov/monetarypolicy/fomchistorical2006.htm
2006-03-28,1,scheduled,2006-03-27,2006-03-28,2006-03-28,March 27-28 Meeting - 2006,https://www.federalreserve.gov/monetarypolicy/fomchistorical2006.htm
2006-05-10,1,scheduled,2006-05-10,2006-05-10,2006-05-10,May 10 Meeting - 2006,https://www.federalreserve.gov/monetarypolicy/fomchistorical2006.htm
2006-06-29,1,scheduled,2006-06-28,2006-06-29,2006-06-29,June 28-29 Meeting - 2006,https://www.federalreserve.gov/monetarypolicy/fomchistorical2006.htm
2006-08-08,1,scheduled,2006-08-08,2006-08-08,2006-08-08,August 8 Meeting - 2006,https://www.federalreserve.gov/monetarypolicy/fomchistorical2006.htm
2006-09-20,1,scheduled,2006-09-20,2006-09-20,2006-09-20,September 20 Meeting - 2006,https://www.federalreserve.gov/monetarypolicy/fomchistorical2006.htm
2006-10-25,1,scheduled,2006-10-24,2006-10-25,2006-10-25,October 24-25 Meeting - 2006,https://www.federalreserve.gov/monetarypolicy/fomchistorical2006.htm
2006-12-12,1,scheduled,2006-12-12,2006-12-12,2006-12-12,December 12 Meeting - 2006,https://www.federalreserve.gov/monetarypolicy/fomchistorical2006.htm
2007-01-31,1,scheduled,2007-01-30,2007-01-31,2007-01-31,January 30-31 Meeting - 2007,https://www.federalreserve.gov/monetarypolicy/fomchistorical2007.htm
2007-03-21,1,scheduled,2007-03-20,2007-03-21,2007-03-21,March 20-21 Meeting - 2007,https://www.federalreserve.gov/monetarypolicy/fomchistorical2007.htm
2007-05-09,1,scheduled,2007-05-09,2007-05-09,2007-05-09,May 9 Meeting - 2007,https://www.federalreserve.gov/monetarypolicy/fomchistorical2007.htm
2007-06-28,1,scheduled,2007-06-27,2007-06-28,2007-06-18,June 27-28 Meeting - 2007,https://www.federalreserve.gov/monetarypolicy/fomchistorical2007.htm
2007-08-07,1,scheduled,2007-08-07,2007-08-07,2007-08-07,August 7 Meeting - 2007,https://www.federalreserve.gov/monetarypolicy/fomchistorical2007.htm
2007-08-10,1,conference_call,2007-08-10,2007-08-10,2007-08-10,August 10 Conference Call - 2007,https://www.federalreserve.gov/monetarypolicy/fomchistorical2007.htm
2007-08-17,1,conference_call,2007-08-16,2007-08-16,2007-08-17,August 16 Conference Call - 2007,https://www.federalreserve.gov/monetarypolicy/fomchistorical2007.htm
2007-09-18,1,scheduled,2007-09-18,2007-09-18,2007-09-18,September 18 Meeting - 2007,https://www.federalreserve.gov/monetarypolicy/fomchistorical2007.htm
2007-10-31,1,scheduled,2007-10-30,2007-10-31,2007-10-31,October 30-31 Meeting - 2007,https://www.federalreserve.gov/monetarypolicy/fomchistorical2007.htm
,0,conference_call,2007-12-06,2007-12-06,,December 6 Conference Call - 2007,https://www.federalreserve.gov/monetarypolicy/fomchistorical2007.htm
2007-12-11,1,scheduled,2007-12-11,2007-12-11,2007-12-11,December 11 Meeting - 2007,https://www.federalreserve.gov/monetarypolicy/fomchistorical2007.htm
,0,conference_call,2008-01-09,2008-01-09,,January 9 Conference Call - 2008,https://www.federalreserve.gov/monetarypolicy/fomchistorical2008.htm
2008-01-22,1,conference_call,2008-01-21,2008-01-21,2008-01-22,January 21 Conference Call - 2008,https://www.federalreserve.gov/monetarypolicy/fomchistorical2008.htm
2008-01-30,1,scheduled,2008-01-29,2008-01-30,2008-01-30,January 29-30 Meeting - 2008,https://www.federalreserve.gov/monetarypolicy/fomchistorical2008.htm
2008-03-11,1,conference_call,2008-03-10,2008-03-10,2008-03-11,March 10 Conference Call - 2008,https://www.federalreserve.gov/monetarypolicy/fomchistorical2008.htm
2008-03-18,1,scheduled,2008-03-18,2008-03-18,2008-03-18,March 18 Meeting - 2008,https://www.federalreserve.gov/monetarypolicy/fomchistorical2008.htm
2008-04-30,1,scheduled,2008-04-29,2008-04-30,2008-04-30,April 29-30 Meeting - 2008,https://www.federalreserve.gov/monetarypolicy/fomchistorical2008.htm
2008-06-25,1,scheduled,2008-06-24,2008-06-25,2008-06-25,June 24-25 Meeting - 2008,https://www.federalreserve.gov/monetarypolicy/fomchistorical2008.htm
,0,conference_call,2008-07-24,2008-07-24,,July 24 Conference Call - 2008,https://www.federalreserve.gov/monetarypolicy/fomchistorical2008.htm
2008-08-05,1,scheduled,2008-08-05,2008-08-05,2008-08-05,August 5 Meeting - 2008,https://www.federalreserve.gov/monetarypolicy/fomchistorical2008.htm
2008-09-16,1,scheduled,2008-09-16,2008-09-16,2008-09-16,September 16 Meeting - 2008,https://www.federalreserve.gov/monetarypolicy/fomchistorical2008.htm
,0,conference_call,2008-09-29,2008-09-29,,September 29 Conference Call - 2008,https://www.federalreserve.gov/monetarypolicy/fomchistorical2008.htm
2008-10-08,1,conference_call,2008-10-07,2008-10-07,2008-10-08,October 7 Conference Call - 2008,https://www.federalreserve.gov/monetarypolicy/fomchistorical2008.htm
2008-10-29,1,scheduled,2008-10-28,2008-10-29,2008-10-29,October 28-29 Meeting - 2008,https://www.federalreserve.gov/monetarypolicy/fomchistorical2008.htm
2008-12-16,1,scheduled,2008-12-15,2008-12-16,2008-12-16,December 15-16 Meeting - 2008,https://www.federalreserve.gov/monetarypolicy/fomchistorical2008.htm
,0,conference_call,2009-01-16,2009-01-16,,January 16 Conference Call - 2009,https://www.federalreserve.gov/monetarypolicy/fomchistorical2009.htm
2009-01-28,1,scheduled,2009-01-27,2009-01-28,2009-01-28,January 27-28 Meeting - 2009,https://www.federalreserve.gov/monetarypolicy/fomchistorical2009.htm
,0,conference_call,2009-02-07,2009-02-07,,February 7 Conference Call - 2009,https://www.federalreserve.gov/monetarypolicy/fomchistorical2009.htm
2009-03-18,1,scheduled,2009-03-17,2009-03-18,2009-03-18,March 17-18 Meeting - 2009,https://www.federalreserve.gov/monetarypolicy/fomchistorical2009.htm
2009-04-29,1,scheduled,2009-04-28,2009-04-29,2009-04-29,April 28-29 Meeting - 2009,https://www.federalreserve.gov/monetarypolicy/fomchistorical2009.htm
,0,conference_call,2009-06-03,2009-06-03,,June 3 Conference Call - 2009,https://www.federalreserve.gov/monetarypolicy/fomchistorical2009.htm
2009-06-24,1,scheduled,2009-06-23,2009-06-24,2009-06-24,June 23-24 Meeting - 2009,https://www.federalreserve.gov/monetarypolicy/fomchistorical2009.htm
2009-08-12,1,scheduled,2009-08-11,2009-08-12,2009-08-12,August 11-12 Meeting - 2009,https://www.federalreserve.gov/monetarypolicy/fomchistorical2009.htm
2009-09-23,1,scheduled,2009-09-22,2009-09-23,2009-09-23,September 22-23 Meeting - 2009,https://www.federalreserve.gov/monetarypolicy/fomchistorical2009.htm
2009-11-04,1,scheduled,2009-11-03,2009-11-04,2009-11-04,November 3-4 Meeting - 2009,https://www.federalreserve.gov/monetarypolicy/fomchistorical2009.htm
2009-12-16,1,scheduled,2009-12-15,2009-12-16,2009-12-16,December 15-16 Meeting - 2009,https://www.federalreserve.gov/monetarypolicy/fomchistorical2009.htm
2010-01-27,1,scheduled,2010-01-26,2010-01-27,2010-01-27,January 26-27 Meeting - 2010,https://www.federalreserve.gov/monetarypolicy/fomchistorical2010.htm
2010-03-16,1,scheduled,2010-03-16,2010-03-16,2010-03-16,March 16 Meeting - 2010,https://www.federalreserve.gov/monetarypolicy/fomchistorical2010.htm
2010-04-28,1,scheduled,2010-04-27,2010-04-28,2010-04-28,April 27-28 Meeting - 2010,https://www.federalreserve.gov/monetarypolicy/fomchistorical2010.htm
2010-05-09,1,conference_call,2010-05-09,2010-05-09,2010-05-09,May 9 Conference Call - 2010,https://www.federalreserve.gov/monetarypolicy/fomchistorical2010.htm
2010-06-23,1,scheduled,2010-06-22,2010-06-23,2010-06-23,June 22-23 Meeting - 2010,https://www.federalreserve.gov/monetarypolicy/fomchistorical2010.htm
2010-08-10,1,scheduled,2010-08-10,2010-08-10,2010-08-10,August 10 Meeting - 2010,https://www.federalreserve.gov/monetarypolicy/fomchistorical2010.htm
2010-09-21,1,scheduled,2010-09-21,2010-09-21,2010-09-21,September 21 Meeting - 2010,https://www.federalreserve.gov/monetarypolicy/fomchistorical2010.htm
,0,conference_call,2010-10-15,2010-10-15,,October 15 Conference Call - 2010,https://www.federalreserve.gov/monetarypolicy/fomchistorical2010.htm
2010-11-03,1,scheduled,2010-11-02,2010-11-03,2010-11-03,November 2-3 Meeting - 2010,https://www.federalreserve.gov/monetarypolicy/fomchistorical2010.htm
2010-12-14,1,scheduled,2010-12-14,2010-12-14,2010-12-14,December 14 Meeting - 2010,https://www.federalreserve.gov/monetarypolicy/fomchistorical2010.htm
2011-01-26,1,scheduled,2011-01-25,2011-01-26,2011-01-26,January 25-26 Meeting - 2011,https://www.federalreserve.gov/monetarypolicy/fomchistorical2011.htm
2011-03-15,1,scheduled,2011-03-15,2011-03-15,2011-03-15,March 15 Meeting - 2011,https://www.federalreserve.gov/monetarypolicy/fomchistorical2011.htm
2011-04-27,1,scheduled,2011-04-26,2011-04-27,2011-04-27,April 26-27 Meeting - 2011,https://www.federalreserve.gov/monetarypolicy/fomchistorical2011.htm
2011-06-22,1,scheduled,2011-06-21,2011-06-22,2011-06-22,June 21-22 Meeting - 2011,https://www.federalreserve.gov/monetarypolicy/fomchistorical2011.htm
,0,conference_call,2011-08-01,2011-08-01,,August 1 Conference Call - 2011,https://www.federalreserve.gov/monetarypolicy/fomchistorical2011.htm
2011-08-09,1,scheduled,2011-08-09,2011-08-09,2011-08-09,August 9 Meeting - 2011,https://www.federalreserve.gov/monetarypolicy/fomchistorical2011.htm
2011-09-21,1,scheduled,2011-09-20,2011-09-21,2011-09-21,September 20-21 Meeting - 2011,https://www.federalreserve.gov/monetarypolicy/fomchistorical2011.htm
2011-11-02,1,scheduled,2011-11-01,2011-11-02,2011-11-02,November 1-2 Meeting - 2011,https://www.federalreserve.gov/monetarypolicy/fomchistorical2011.htm
,0,conference_call,2011-11-28,2011-11-28,,November 28 Conference Call - 2011,https://www.federalreserve.gov/monetarypolicy/fomchistorical2011.htm
2011-12-13,1,scheduled,2011-12-13,2011-12-13,2011-12-13,December 13 Meeting - 2011,https://www.federalreserve.gov/monetarypolicy/fomchistorical2011.htm
2012-01-25,1,scheduled,2012-01-24,2012-01-25,2012-01-25,January 24-25 Meeting - 2012,https://www.federalreserve.gov/monetarypolicy/fomchistorical2012.htm
2012-03-13,1,scheduled,2012-03-13,2012-03-13,2012-03-13,March 13 Meeting - 2012,https://www.federalreserve.gov/monetarypolicy/fomchistorical2012.htm
2012-04-25,1,scheduled,2012-04-24,2012-04-25,2012-04-25,April 24-25 Meeting - 2012,https://www.federalreserve.gov/monetarypolicy/fomchistorical2012.htm
2012-06-20,1,scheduled,2012-06-19,2012-06-20,2012-06-20,June 19-20 Meeting - 2012,https://www.federalreserve.gov/monetarypolicy/fomchistorical2012.htm
2012-08-01,1,scheduled,2012-07-31,2012-08-01,2012-08-01,July 31-August 1  Meeting - 2012,https://www.federalreserve.gov/monetarypolicy/fomchistorical2012.htm
2012-09-13,1,scheduled,2012-09-12,2012-09-13,2012-09-13,September 12-13 Meeting - 2012,https://www.federalreserve.gov/monetarypolicy/fomchistorical2012.htm
2012-10-24,1,scheduled,2012-10-23,2012-10-24,2012-10-24,October 23-24 Meeting - 2012,https://www.federalreserve.gov/monetarypolicy/fomchistorical2012.htm
2012-12-12,1,scheduled,2012-12-11,2012-12-12,2012-12-12,December 11-12 Meeting - 2012,https://www.federalreserve.gov/monetarypolicy/fomchistorical2012.htm
2013-01-30,1,scheduled,2013-01-29,2013-01-30,2013-01-30,January 29-30 Meeting - 2013,https://www.federalreserve.gov/monetarypolicy/fomchistorical2013.htm
2013-03-20,1,scheduled,2013-03-19,2013-03-20,2013-03-20,March 19-20 Meeting - 2013,https://www.federalreserve.gov/monetarypolicy/fomchistorical2013.htm
2013-05-01,1,scheduled,2013-04-30,2013-05-01,2013-05-01,April/May 30-1 Meeting - 2013,https://www.federalreserve.gov/monetarypolicy/fomchistorical2013.htm
2013-06-19,1,scheduled,2013-06-18,2013-06-19,2013-06-19,June 18-19 Meeting - 2013,https://www.federalreserve.gov/monetarypolicy/fomchistorical2013.htm
2013-07-31,1,scheduled,2013-07-30,2013-07-31,2013-07-31,July 30-31 Meeting - 2013,https://www.federalreserve.gov/monetarypolicy/fomchistorical2013.htm
2013-09-18,1,scheduled,2013-09-17,2013-09-18,2013-09-18,September 17-18 Meeting - 2013,https://www.federalreserve.gov/monetarypolicy/fomchistorical2013.htm
,0,unscheduled,2013-10-16,2013-10-16,,October 16 (unscheduled) - 2013,https://www.federalreserve.gov/monetarypolicy/fomchistorical2013.htm
2013-10-30,1,scheduled,2013-10-29,2013-10-30,2013-10-30,October 29-30 Meeting - 2013,https://www.federalreserve.gov/monetarypolicy/fomchistorical2013.htm
2013-12-18,1,scheduled,2013-12-17,2013-12-18,2013-12-18,December 17-18 Meeting - 2013,https://www.federalreserve.gov/monetarypolicy/fomchistorical2013.htm
2014-01-29,1,scheduled,2014-01-28,2014-01-29,2014-01-29,January 28-29 Meeting - 2014,https://www.federalreserve.gov/monetarypolicy/fomchistorical2014.htm
,0,unscheduled,2014-03-04,2014-03-04,,March  4 (unscheduled) - 2014,https://www.federalreserve.gov/monetarypolicy/fomchistorical2014.htm
2014-03-19,1,scheduled,2014-03-18,2014-03-19,2014-03-19,March 18-19 Meeting - 2014,https://www.federalreserve.gov/monetarypolicy/fomchistorical2014.htm
2014-04-30,1,scheduled,2014-04-29,2014-04-30,2014-04-30,April 29-30 Meeting - 2014,https://www.federalreserve.gov/monetarypolicy/fomchistorical2014.htm
2014-06-18,1,scheduled,2014-06-17,2014-06-18,2014-06-18,June 17-18 Meeting - 2014,https://www.federalreserve.gov/monetarypolicy/fomchistorical2014.htm
2014-07-30,1,scheduled,2014-07-29,2014-07-30,2014-07-30,July 29-30 Meeting - 2014,https://www.federalreserve.gov/monetarypolicy/fomchistorical2014.htm
2014-09-17,1,scheduled,2014-09-16,2014-09-17,2014-09-17,September 16-17 Meeting - 2014,https://www.federalreserve.gov/monetarypolicy/fomchistorical2014.htm
2014-10-29,1,scheduled,2014-10-28,2014-10-29,2014-10-29,October 28-29 Meeting - 2014,https://www.federalreserve.gov/monetarypolicy/fomchistorical2014.htm
2014-12-17,1,scheduled,2014-12-16,2014-12-17,2014-12-17,December 16-17 Meeting - 2014,https://www.federalreserve.gov/monetarypolicy/fomchistorical2014.htm
2015-01-28,1,scheduled,2015-01-27,2015-01-28,2015-01-28,January 27-28 Meeting - 2015,https://www.federalreserve.gov/monetarypolicy/fomchistorical2015.htm
2015-03-18,1,scheduled,2015-03-17,2015-03-18,2015-03-18,March 17-18 Meeting - 2015,https://www.federalreserve.gov/monetarypolicy/fomchistorical2015.htm
2015-04-29,1,scheduled,2015-04-28,2015-04-29,2015-04-29,April 28-29 Meeting - 2015,https://www.federalreserve.gov/monetarypolicy/fomchistorical2015.htm
2015-06-17,1,scheduled,2015-06-16,2015-06-17,2015-06-17,June 16-17 Meeting - 2015,https://www.federalreserve.gov/monetarypolicy/fomchistorical2015.htm
2015-07-29,1,scheduled,2015-07-28,2015-07-29,2015-07-29,July 28-29 Meeting - 2015,https://www.federalreserve.gov/monetarypolicy/fomchistorical2015.htm
2015-09-17,1,scheduled,2015-09-16,2015-09-17,2015-09-17,September 16-17 Meeting - 2015,https://www.federalreserve.gov/monetarypolicy/fomchistorical2015.htm
2015-10-28,1,scheduled,2015-10-27,2015-10-28,2015-10-28,October 27-28 Meeting - 2015,https://www.federalreserve.gov/monetarypolicy/fomchistorical2015.htm
2015-12-16,1,scheduled,2015-12-15,2015-12-16,2015-12-16,December 15-16 Meeting - 2015,https://www.federalreserve.gov/monetarypolicy/fomchistorical2015.htm
2016-01-27,1,scheduled,2016-01-26,2016-01-27,2016-01-27,January 26-27 Meeting - 2016,https://www.federalreserve.gov/monetarypolicy/fomchistorical2016.htm
2016-03-16,1,scheduled,2016-03-15,2016-03-16,2016-03-16,March 15-16 Meeting - 2016,https://www.federalreserve.gov/monetarypolicy/fomchistorical2016.htm
2016-04-27,1,scheduled,2016-04-26,2016-04-27,2016-04-27,April 26-27 Meeting - 2016,https://www.federalreserve.gov/monetarypolicy/fomchistorical2016.htm
2016-06-15,1,scheduled,2016-06-14,2016-06-15,2016-06-15,June 14-15 Meeting - 2016,https://www.federalreserve.gov/monetarypolicy/fomchistorical2016.htm
2016-07-27,1,scheduled,2016-07-26,2016-07-27,2016-07-27,July 26-27 Meeting - 2016,https://www.federalreserve.gov/monetarypolicy/fomchistorical2016.htm
2016-09-21,1,scheduled,2016-09-20,2016-09-21,2016-09-21,September 20-21 Meeting - 2016,https://www.federalreserve.gov/monetarypolicy/fomchistorical2016.htm
2016-11-02,1,scheduled,2016-11-01,2016-11-02,2016-11-02,November 1-2 Meeting - 2016,https://www.federalreserve.gov/monetarypolicy/fomchistorical2016.htm
2016-12-14,1,scheduled,2016-12-13,2016-12-14,2016-12-14,December 13-14 Meeting - 2016,https://www.federalreserve.gov/monetarypolicy/fomchistorical2016.htm
2017-02-01,1,scheduled,2017-01-31,2017-02-01,2017-02-01,Jan/Feb 31-1 Meeting - 2017,https://www.federalreserve.gov/monetarypolicy/fomchistorical2017.htm
2017-03-15,1,scheduled,2017-03-14,2017-03-15,2017-03-15,March 14-15 Meeting - 2017,https://www.federalreserve.gov/monetarypolicy/fomchistorical2017.htm
2017-05-03,1,scheduled,2017-05-02,2017-05-03,2017-05-03,May 2-3 Meeting - 2017,https://www.federalreserve.gov/monetarypolicy/fomchistorical2017.htm
2017-06-14,1,scheduled,2017-06-13,2017-06-14,2017-06-14,June 13-14 Meeting - 2017,https://www.federalreserve.gov/monetarypolicy/fomchistorical2017.htm
2017-07-26,1,scheduled,2017-07-25,2017-07-26,2017-07-26,July 25-26 Meeting - 2017,https://www.federalreserve.gov/monetarypolicy/fomchistorical2017.htm
2017-09-20,1,scheduled,2017-09-19,2017-09-20,2017-09-20,September 19-20 Meeting - 2017,https://www.federalreserve.gov/monetarypolicy/fomchistorical2017.htm
2017-11-01,1,scheduled,2017-10-31,2017-11-01,2017-11-01,Oct/Nov 31-1 Meeting - 2017,https://www.federalreserve.gov/monetarypolicy/fomchistorical2017.htm
2017-12-13,1,scheduled,2017-12-12,2017-12-13,2017-12-13,December 12-13 Meeting - 2017,https://www.federalreserve.gov/monetarypolicy/fomchistorical2017.htm
2018-01-31,1,scheduled,2018-01-30,2018-01-31,2018-01-31,January 30-31 Meeting - 2018,https://www.federalreserve.gov/monetarypolicy/fomchistorical2018.htm
2018-03-21,1,scheduled,2018-03-20,2018-03-21,2018-03-21,March 20-21 Meeting - 2018,https://www.federalreserve.gov/monetarypolicy/fomchistorical2018.htm
2018-05-02,1,scheduled,2018-05-01,2018-05-02,2018-05-02,May 1-2 Meeting - 2018,https://www.federalreserve.gov/monetarypolicy/fomchistorical2018.htm
2018-06-13,1,scheduled,2018-06-12,2018-06-13,2018-06-13,June 12-13 Meeting - 2018,https://www.federalreserve.gov/monetarypolicy/fomchistorical2018.htm
2018-08-01,1,scheduled,2018-07-31,2018-08-01,2018-08-01,Jul/Aug 31-1 Meeting - 2018,https://www.federalreserve.gov/monetarypolicy/fomchistorical2018.htm
2018-09-26,1,scheduled,2018-09-25,2018-09-26,2018-09-26,September 25-26 Meeting - 2018,https://www.federalreserve.gov/monetarypolicy/fomchistorical2018.htm
2018-11-08,1,scheduled,2018-11-07,2018-11-08,2018-11-08,November 7-8 Meeting - 2018,https://www.federalreserve.gov/monetarypolicy/fomchistorical2018.htm
2018-12-19,1,scheduled,2018-12-18,2018-12-19,2018-12-19,December 18-19 Meeting - 2018,https://www.federalreserve.gov/monetarypolicy/fomchistorical2018.htm
2019-01-30,1,scheduled,2019-01-29,2019-01-30,2019-01-30,January 29-30 Meeting - 2019,https://www.federalreserve.gov/monetarypolicy/fomchistorical2019.htm
2019-03-20,1,scheduled,2019-03-19,2019-03-20,2019-03-20,March 19-20 Meeting - 2019,https://www.federalreserve.gov/monetarypolicy/fomchistorical2019.htm
2019-05-01,1,scheduled,2019-04-30,2019-05-01,2019-05-01,April/May 30-1 Meeting - 2019,https://www.federalreserve.gov/monetarypolicy/fomchistorical2019.htm
2019-06-19,1,scheduled,2019-06-18,2019-06-19,2019-06-19,June 18-19 Meeting - 2019,https://www.federalreserve.gov/monetarypolicy/fomchistorical2019.htm
2019-07-31,1,scheduled,2019-07-30,2019-07-31,2019-07-31,July 30-31 Meeting - 2019,https://www.federalreserve.gov/monetarypolicy/fomchistorical2019.htm
2019-09-18,1,scheduled,2019-09-17,2019-09-18,2019-09-18,September 17-18 Meeting - 2019,https://www.federalreserve.gov/monetarypolicy/fomchistorical2019.htm
2019-10-11,1,unscheduled,2019-10-04,2019-10-04,2019-10-11,October 4 (unscheduled) - 2019,https://www.federalreserve.gov/monetarypolicy/fomchistorical2019.htm
2019-10-30,1,scheduled,2019-10-29,2019-10-30,2019-10-30,October 29-30 Meeting - 2019,https://www.federalreserve.gov/monetarypolicy/fomchistorical2019.htm
2019-12-11,1,scheduled,2019-12-10,2019-12-11,2019-12-11,December 10-11 Meeting - 2019,https://www.federalreserve.gov/monetarypolicy/fomchistorical2019.htm
2020-01-29,1,scheduled,2020-01-28,2020-01-29,2020-01-29,January 28-29 Meeting - 2020,https://www.federalreserve.gov/monetarypolicy/fomchistorical2020.htm
2020-03-03,1,unscheduled,2020-03-02,2020-03-02,2020-03-03,March 2 (unscheduled) Meeting - 2020,https://www.federalreserve.gov/monetarypolicy/fomchistorical2020.htm
2020-03-15,1,unscheduled,2020-03-15,2020-03-15,2020-03-15,March 15 (unscheduled) Meeting - 2020,https://www.federalreserve.gov/monetarypolicy/fomchistorical2020.htm
,0,cancelled,2020-03-17,2020-03-18,,March 17-18 (cancelled) Meeting - 2020,https://www.federalreserve.gov/monetarypolicy/fomchistorical2020.htm
,0,notation_vote,2020-03-19,2020-03-19,,March 19 (notation vote) - 2020,https://www.federalreserve.gov/monetarypolicy/fomchistorical2020.htm
2020-03-23,1,notation_vote,2020-03-23,2020-03-23,2020-03-23,March 23 (notation vote) - 2020,https://www.federalreserve.gov/monetarypolicy/fomchistorical2020.htm
,0,notation_vote,2020-03-31,2020-03-31,,March 31 (notation vote) - 2020,https://www.federalreserve.gov/monetarypolicy/fomchistorical2020.htm
2020-04-29,1,scheduled,2020-04-28,2020-04-29,2020-04-29,April 28-29 Meeting - 2020,https://www.federalreserve.gov/monetarypolicy/fomchistorical2020.htm
2020-06-10,1,scheduled,2020-06-09,2020-06-10,2020-06-10,June 9-10 Meeting - 2020,https://www.federalreserve.gov/monetarypolicy/fomchistorical2020.htm
2020-07-29,1,scheduled,2020-07-28,2020-07-29,2020-07-29,July 28-29 Meeting - 2020,https://www.federalreserve.gov/monetarypolicy/fomchistorical2020.htm
,0,notation_vote,2020-08-27,2020-08-27,,August 27 (notation vote) - 2020,https://www.federalreserve.gov/monetarypolicy/fomchistorical2020.htm
2020-09-16,1,scheduled,2020-09-15,2020-09-16,2020-09-16,September 15-16 Meeting - 2020,https://www.federalreserve.gov/monetarypolicy/fomchistorical2020.htm
2020-11-05,1,scheduled,2020-11-04,2020-11-05,2020-11-05,November 4-5 Meeting - 2020,https://www.federalreserve.gov/monetarypolicy/fomchistorical2020.htm
2020-12-16,1,scheduled,2020-12-15,2020-12-16,2020-12-16,December 15-16 Meeting - 2020,https://www.federalreserve.gov/monetarypolicy/fomchistorical2020.htm
2021-01-27,1,scheduled,2021-01-26,2021-01-27,2021-01-27,January 26-27 - 2021,https://www.federalreserve.gov/monetarypolicy/fomccalendars.htm
2021-03-17,1,scheduled,2021-03-16,2021-03-17,2021-03-17,March 16-17* - 2021,https://www.federalreserve.gov/monetarypolicy/fomccalendars.htm
2021-04-28,1,scheduled,2021-04-27,2021-04-28,2021-04-28,April 27-28 - 2021,https://www.federalreserve.gov/monetarypolicy/fomccalendars.htm
2021-06-16,1,scheduled,2021-06-15,2021-06-16,2021-06-16,June 15-16* - 2021,https://www.federalreserve.gov/monetarypolicy/fomccalendars.htm
2021-07-28,1,scheduled,2021-07-27,2021-07-28,2021-07-28,July 27-28 - 2021,https://www.federalreserve.gov/monetarypolicy/fomccalendars.htm
2021-09-22,1,scheduled,2021-09-21,2021-09-22,2021-09-22,September 21-22* - 2021,https://www.federalreserve.gov/monetarypolicy/fomccalendars.htm
2021-11-03,1,scheduled,2021-11-02,2021-11-03,2021-11-03,November 2-3 - 2021,https://www.federalreserve.gov/monetarypolicy/fomccalendars.htm
2021-12-15,1,scheduled,2021-12-14,2021-12-15,2021-12-15,December 14-15* - 2021,https://www.federalreserve.gov/monetarypolicy/fomccalendars.htm
2022-01-26,1,scheduled,2022-01-25,2022-01-26,2022-01-26,January 25-26 - 2022,https://www.federalreserve.gov/monetarypolicy/fomccalendars.htm
2022-03-16,1,scheduled,2022-03-15,2022-03-16,2022-03-16,March 15-16* - 2022,https://www.federalreserve.gov/monetarypolicy/fomccalendars.htm
2022-05-04,1,scheduled,2022-05-03,2022-05-04,2022-05-04,May 3-4 - 2022,https://www.federalreserve.gov/monetarypolicy/fomccalendars.htm
2022-06-15,1,scheduled,2022-06-14,2022-06-15,2022-06-15,June 14-15* - 2022,https://www.federalreserve.gov/monetarypolicy/fomccalendars.htm
2022-07-27,1,scheduled,2022-07-26,2022-07-27,2022-07-27,July 26-27 - 2022,https://www.federalreserve.gov/monetarypolicy/fomccalendars.htm
2022-09-21,1,scheduled,2022-09-20,2022-09-21,2022-09-21,September 20-21* - 2022,https://www.federalreserve.gov/monetarypolicy/fomccalendars.htm
2022-11-02,1,scheduled,2022-11-01,2022-11-02,2022-11-02,November 1-2 - 2022,https://www.federalreserve.gov/monetarypolicy/fomccalendars.htm
2022-12-14,1,scheduled,2022-12-13,2022-12-14,2022-12-14,December 13-14* - 2022,https://www.federalreserve.gov/monetarypolicy/fomccalendars.htm
2023-02-01,1,scheduled,2023-01-31,2023-02-01,2023-02-01,Jan/Feb 31-1 - 2023,https://www.federalreserve.gov/monetarypolicy/fomccalendars.htm
2023-03-22,1,scheduled,2023-03-21,2023-03-22,2023-03-22,March 21-22* - 2023,https://www.federalreserve.gov/monetarypolicy/fomccalendars.htm
2023-05-03,1,scheduled,2023-05-02,2023-05-03,2023-05-03,May 2-3 - 2023,https://www.federalreserve.gov/monetarypolicy/fomccalendars.htm
2023-06-14,1,scheduled,2023-06-13,2023-06-14,2023-06-14,June 13-14* - 2023,https://www.federalreserve.gov/monetarypolicy/fomccalendars.htm
2023-07-26,1,scheduled,2023-07-25,2023-07-26,2023-07-26,July 25-26 - 2023,https://www.federalreserve.gov/monetarypolicy/fomccalendars.htm
2023-09-20,1,scheduled,2023-09-19,2023-09-20,2023-09-20,September 19-20* - 2023,https://www.federalreserve.gov/monetarypolicy/fomccalendars.htm
2023-11-01,1,scheduled,2023-10-31,2023-11-01,2023-11-01,Oct/Nov 31-1 - 2023,https://www.federalreserve.gov/monetarypolicy/fomccalendars.htm
2023-12-13,1,scheduled,2023-12-12,2023-12-13,2023-12-13,December 12-13* - 2023,https://www.federalreserve.gov/monetarypolicy/fomccalendars.htm
2024-01-31,1,scheduled,2024-01-30,2024-01-31,2024-01-31,January 30-31 - 2024,https://www.federalreserve.gov/monetarypolicy/fomccalendars.htm
2024-03-20,1,scheduled,2024-03-19,2024-03-20,2024-03-20,March 19-20* - 2024,https://www.federalreserve.gov/monetarypolicy/fomccalendars.htm
2024-05-01,1,scheduled,2024-04-30,2024-05-01,2024-05-01,Apr/May 30-1 - 2024,https://www.federalreserve.gov/monetarypolicy/fomccalendars.htm
2024-06-12,1,scheduled,2024-06-11,2024-06-12,2024-06-12,June 11-12* - 2024,https://www.federalreserve.gov/monetarypolicy/fomccalendars.htm
2024-07-31,1,scheduled,2024-07-30,2024-07-31,2024-07-31,July 30-31 - 2024,https://www.federalreserve.gov/monetarypolicy/fomccalendars.htm
2024-09-18,1,scheduled,2024-09-17,2024-09-18,2024-09-18,September 17-18* - 2024,https://www.federalreserve.gov/monetarypolicy/fomccalendars.htm
2024-11-07,1,scheduled,2024-11-06,2024-11-07,2024-11-07,November 6-7 - 2024,https://www.federalreserve.gov/monetarypolicy/fomccalendars.htm
2024-12-18,1,scheduled,2024-12-17,2024-12-18,2024-12-18,December 17-18* - 2024,https://www.federalreserve.gov/monetarypolicy/fomccalendars.htm
2025-01-29,1,scheduled,2025-01-28,2025-01-29,2025-01-29,January 28-29 - 2025,https://www.federalreserve.gov/monetarypolicy/fomccalendars.htm
2025-03-19,1,scheduled,2025-03-18,2025-03-19,2025-03-19,March 18-19* - 2025,https://www.federalreserve.gov/monetarypolicy/fomccalendars.htm
2025-05-07,1,scheduled,2025-05-06,2025-05-07,2025-05-07,May 6-7 - 2025,https://www.federalreserve.gov/monetarypolicy/fomccalendars.htm
2025-06-18,1,scheduled,2025-06-17,2025-06-18,2025-06-18,June 17-18* - 2025,https://www.federalreserve.gov/monetarypolicy/fomccalendars.htm
2025-07-30,1,scheduled,2025-07-29,2025-07-30,2025-07-30,July 29-30 - 2025,https://www.federalreserve.gov/monetarypolicy/fomccalendars.htm
,0,notation_vote,2025-08-22,2025-08-22,,August 22 (notation vote) - 2025,https://www.federalreserve.gov/monetarypolicy/fomccalendars.htm
2025-09-17,1,scheduled,2025-09-16,2025-09-17,2025-09-17,September 16-17* - 2025,https://www.federalreserve.gov/monetarypolicy/fomccalendars.htm
2025-10-29,1,scheduled,2025-10-28,2025-10-29,2025-10-29,October 28-29 - 2025,https://www.federalreserve.gov/monetarypolicy/fomccalendars.htm
2025-12-10,1,scheduled,2025-12-09,2025-12-10,2025-12-10,December 9-10* - 2025,https://www.federalreserve.gov/monetarypolicy/fomccalendars.htm
2026-01-28,1,scheduled,2026-01-27,2026-01-28,2026-01-28,January 27-28 - 2026,https://www.federalreserve.gov/monetarypolicy/fomccalendars.htm
2026-03-18,1,scheduled,2026-03-17,2026-03-18,2026-03-18,March 17-18* - 2026,https://www.federalreserve.gov/monetarypolicy/fomccalendars.htm
2026-04-29,1,scheduled,2026-04-28,2026-04-29,2026-04-29,April 28-29 - 2026,https://www.federalreserve.gov/monetarypolicy/fomccalendars.htm
2026-06-17,1,scheduled,2026-06-16,2026-06-17,2026-06-17,June 16-17* - 2026,https://www.federalreserve.gov/monetarypolicy/fomccalendars.htm
2026-07-29,1,scheduled,2026-07-28,2026-07-29,2026-07-29,July 28-29 - 2026,https://www.federalreserve.gov/monetarypolicy/fomccalendars.htm
2026-09-16,1,scheduled,2026-09-15,2026-09-16,2026-09-16,September 15-16* - 2026,https://www.federalreserve.gov/monetarypolicy/fomccalendars.htm
2026-10-28,1,scheduled,2026-10-27,2026-10-28,,October 27-28 - 2026,https://www.federalreserve.gov/monetarypolicy/fomccalendars.htm
2026-12-09,1,scheduled,2026-12-08,2026-12-09,,December 8-9* - 2026,https://www.federalreserve.gov/monetarypolicy/fomccalendars.htm
2027-01-27,1,scheduled,2027-01-26,2027-01-27,,January 26-27 - 2027,https://www.federalreserve.gov/monetarypolicy/fomccalendars.htm
2027-03-17,1,scheduled,2027-03-16,2027-03-17,,March 16-17* - 2027,https://www.federalreserve.gov/monetarypolicy/fomccalendars.htm
2027-04-28,1,scheduled,2027-04-27,2027-04-28,,April 27-28 - 2027,https://www.federalreserve.gov/monetarypolicy/fomccalendars.htm
2027-06-09,1,scheduled,2027-06-08,2027-06-09,,June 8-9* - 2027,https://www.federalreserve.gov/monetarypolicy/fomccalendars.htm
2027-07-28,1,scheduled,2027-07-27,2027-07-28,,July 27-28 - 2027,https://www.federalreserve.gov/monetarypolicy/fomccalendars.htm
2027-09-15,1,scheduled,2027-09-14,2027-09-15,,September 14-15* - 2027,https://www.federalreserve.gov/monetarypolicy/fomccalendars.htm
2027-10-27,1,scheduled,2027-10-26,2027-10-27,,October 26-27 - 2027,https://www.federalreserve.gov/monetarypolicy/fomccalendars.htm
2027-12-08,1,scheduled,2027-12-07,2027-12-08,,December 7-8* - 2027,https://www.federalreserve.gov/monetarypolicy/fomccalendars.htm
