observation_date,DGS5
2024-10-01,3.51
2024-10-02,3.55
2024-10-03,3.62
2024-10-04,3.81
2024-10-07,3.86
2024-10-08,3.86
2024-10-09,3.91
2024-10-10,3.91
2024-10-11,3.88
2024-10-14,
2024-10-15,3.86
2024-10-16,3.84
2024-10-17,3.90
2024-10-18,3.88
2024-10-21,3.98
2024-10-22,4.00
2024-10-23,4.05
2024-10-24,4.03
2024-10-25,4.07
2024-10-28,4.11
2024-10-29,4.11
2024-10-30,4.14
2024-10-31,4.15
2024-11-01,4.22
2024-11-04,4.17
2024-11-05,4.16
2024-11-06,4.27
2024-11-07,4.17
2024-11-08,4.20
2024-11-11,
2024-11-12,4.32
2024-11-13,4.30
2024-11-14,4.32
2024-11-15,4.30
2024-11-18,4.28
2024-11-19,4.25
2024-11-20,4.28
2024-11-21,4.30
2024-11-22,4.30
2024-11-25,4.17
2024-11-26,4.17
2024-11-27,4.11
2024-11-28,
2024-11-29,4.05
2024-12-02,4.08
2024-12-03,4.11
2024-12-04,4.07
2024-12-05,4.07
2024-12-06,4.03
2024-12-09,4.07
2024-12-10,4.09
2024-12-11,4.13
2024-12-12,4.18
2024-12-13,4.25
2024-12-16,4.25
2024-12-17,4.26
2024-12-18,4.40
2024-12-19,4.43
2024-12-20,4.37
2024-12-23,4.44
2024-12-24,4.43
2024-12-25,
2024-12-26,4.42
2024-12-27,4.45
2024-12-30,4.37
2024-12-31,4.38
2025-01-01,
2025-01-02,4.38
2025-01-03,4.41
2025-01-06,4.42
2025-01-07,4.46
2025-01-08,4.45
2025-01-09,4.46
2025-01-10,4.59
2025-01-13,4.61
2025-01-14,4.59
2025-01-15,4.45
2025-01-16,4.39
2025-01-17,4.42
2025-01-20,
2025-01-21,4.40
2025-01-22,4.43
2025-01-23,4.45
2025-01-24,4.43
2025-01-27,4.32
2025-01-28,4.33
2025-01-29,4.35
2025-01-30,4.31
2025-01-31,4.36
2025-02-03,4.35
2025-02-04,4.31
2025-02-05,4.24
2025-02-06,4.28
2025-02-07,4.34
2025-02-10,4.34
2025-02-11,4.37
2025-02-12,4.48
2025-02-13,4.39
2025-02-14,4.33
2025-02-17,
2025-02-18,4.40
2025-02-19,4.37
2025-02-20,4.34
2025-02-21,4.26
2025-02-24,4.23
2025-02-25,4.12
2025-02-26,4.06
2025-02-27,4.09
2025-02-28,4.03
2025-03-03,3.97
2025-03-04,4.01
2025-03-05,4.08
2025-03-06,4.06
2025-03-07,4.09
2025-03-10,3.98
2025-03-11,4.03
2025-03-12,4.09
2025-03-13,4.02
2025-03-14,4.09
2025-03-17,4.11
2025-03-18,4.07
2025-03-19,4.03
2025-03-20,4.01
2025-03-21,4.00
2025-03-24,4.09
2025-03-25,4.07
2025-03-26,4.08
2025-03-27,4.09
2025-03-28,3.98
2025-03-31,3.96
2025-04-01,3.91
2025-04-02,3.95
2025-04-03,3.75
2025-04-04,3.72
2025-04-07,3.82
2025-04-08,3.88
2025-04-09,4.06
2025-04-10,4.04
2025-04-11,4.15
2025-04-14,4.02
2025-04-15,3.98
2025-04-16,3.91
2025-04-17,3.95
2025-04-18,
2025-04-21,3.97
2025-04-22,3.98
2025-04-23,4.00
2025-04-24,3.91
2025-04-25,3.88
2025-04-28,3.81
2025-04-29,3.77
2025-04-30,3.72
2025-05-01,3.81
2025-05-02,3.92
2025-05-05,3.95
2025-05-06,3.90
2025-05-07,3.87
2025-05-08,4.00
2025-05-09,4.00
2025-05-12,4.09
2025-05-13,4.12
2025-05-14,4.17
2025-05-15,4.07
2025-05-16,4.06
2025-05-19,4.07
2025-05-20,4.07
2025-05-21,4.15
2025-05-22,4.11
2025-05-23,4.08
2025-05-26,
2025-05-27,4.04
2025-05-28,4.05
2025-05-29,4.00
2025-05-30,3.96
2025-06-02,4.01
2025-06-03,4.04
2025-06-04,3.93
2025-06-05,3.99
2025-06-06,4.13
2025-06-09,4.09
2025-06-10,4.08
2025-06-11,4.02
2025-06-12,3.97
2025-06-13,4.02
2025-06-16,4.04
2025-06-17,3.99
2025-06-18,3.98
2025-06-19,
2025-06-20,3.96
2025-06-23,3.91
2025-06-24,3.86
2025-06-25,3.83
2025-06-26,3.79
2025-06-27,3.83
2025-06-30,3.79
2025-07-01,3.84
2025-07-02,3.87
2025-07-03,3.94
2025-07-04,
2025-07-07,3.96
2025-07-08,3.99
2025-07-09,3.92
2025-07-10,3.93
2025-07-11,3.99
2025-07-14,3.98
2025-07-15,4.05
2025-07-16,3.99
2025-07-17,4.01
2025-07-18,3.96
2025-07-21,3.91
2025-07-22,3.88
2025-07-23,3.94
2025-07-24,3.98
2025-07-25,3.95
2025-07-28,3.96
2025-07-29,3.90
2025-07-30,3.96
2025-07-31,3.96
2025-08-01,3.77
2025-08-04,3.75
2025-08-05,3.77
2025-08-06,3.77
2025-08-07,3.79
2025-08-08,3.84
2025-08-11,3.83
2025-08-12,3.83
2025-08-13,3.77
2025-08-14,3.82
2025-08-15,3.85
2025-08-18,3.86
2025-08-19,3.82
2025-08-20,3.81
2025-08-21,3.86
2025-08-22,3.76
2025-08-25,3.80
2025-08-26,3.75
2025-08-27,3.69
2025-08-28,3.69
2025-08-29,3.68
2025-09-01,
2025-09-02,3.74
2025-09-03,3.69
2025-09-04,3.65
2025-09-05,3.59
2025-09-08,3.57
2025-09-09,3.61
2025-09-10,3.59
2025-09-11,3.59
2025-09-12,3.63
2025-09-15,3.61
2025-09-16,3.59
2025-09-17,3.62
2025-09-18,3.67
2025-09-19,3.68
2025-09-22,3.71
2025-09-23,3.68
2025-09-24,3.70
2025-09-25,3.75
2025-09-26,3.76
2025-09-29,3.74
2025-09-30,3.74
2025-10-01,3.68
2025-10-02,3.67
2025-10-03,3.72
2025-10-06,3.75
2025-10-07,3.71
2025-10-08,3.72
2025-10-09,3.74
2025-10-10,3.65
2025-10-13,
2025-10-14,3.60
2025-10-15,3.63
2025-10-16,3.55
2025-10-17,3.59
2025-10-20,3.58
2025-10-21,3.56
2025-10-22,3.56
2025-10-23,3.61
2025-10-24,3.61
2025-10-27,3.61
2025-10-28,3.60
2025-10-29,3.70
2025-10-30,3.72
2025-10-31,3.71
2025-11-03,3.72
2025-11-04,3.69
2025-11-05,3.76
2025-11-06,3.69
2025-11-07,3.67
2025-11-10,3.72
2025-11-11,
2025-11-12,3.68
2025-11-13,3.71
2025-11-14,3.74
2025-11-17,3.72
2025-11-18,3.70
2025-11-19,3.71
2025-11-20,3.68
2025-11-21,3.62
2025-11-24,3.61
2025-11-25,3.55
2025-11-26,3.56
2025-11-27,
2025-11-28,3.59
2025-12-01,3.67
2025-12-02,3.66
2025-12-03,3.62
2025-12-04,3.68
2025-12-05,3.72
2025-12-08,3.75
2025-12-09,3.78
2025-12-10,3.72
2025-12-11,3.72
2025-12-12,3.75
2025-12-15,3.73
2025-12-16,3.69
2025-12-17,3.70
2025-12-18,3.66
2025-12-19,3.70
2025-12-22,3.71
2025-12-23,3.72
2025-12-24,3.70
2025-12-25,
2025-12-26,3.68
2025-12-29,3.67
2025-12-30,3.68
2025-12-31,3.73
2026-01-01,
2026-01-02,3.74
2026-01-05,3.71
2026-01-06,3.72
2026-01-07,3.70
2026-01-08,3.74
2026-01-09,3.75
2026-01-12,3.77
2026-01-13,3.75
2026-01-14,3.72
2026-01-15,3.77
2026-01-16,3.82
2026-01-19,
2026-01-20,3.86
2026-01-21,3.83
2026-01-22,3.85
2026-01-23,3.84
2026-01-26,3.82
2026-01-27,3.81
2026-01-28,3.83
2026-01-29,3.80
2026-01-30,3.79
2026-02-02,3.83
2026-02-03,3.83
2026-02-04,3.83
2026-02-05,3.74
2026-02-06,3.76
2026-02-09,3.75
2026-02-10,3.70
2026-02-11,3.75
2026-02-12,3.67
2026-02-13,3.61
2026-02-16,
2026-02-17,3.63
2026-02-18,3.66
2026-02-19,3.65
2026-02-20,3.65
2026-02-23,3.59
2026-02-24,3.61
2026-02-25,3.61
2026-02-26,3.57
2026-02-27,3.51
2026-03-02,3.62
2026-03-03,3.63
2026-03-04,3.67
2026-03-05,3.72
2026-03-06,3.72
2026-03-09,3.71
2026-03-10,3.73
2026-03-11,3.79
2026-03-12,3.88
2026-03-13,3.87
2026-03-16,3.80
2026-03-17,3.79
2026-03-18,3.87
2026-03-19,3.88
2026-03-20,4.01
2026-03-23,3.95
2026-03-24,4.03
2026-03-25,3.96
2026-03-26,4.08
2026-03-27,4.06
2026-03-30,3.97
2026-03-31,3.92
2026-04-01,3.97
2026-04-02,3.94
2026-04-03,3.99
2026-04-06,3.98
2026-04-07,3.95
2026-04-08,3.92
2026-04-09,3.91
2026-04-10,3.94
2026-04-13,3.92
2026-04-14,3.87
2026-04-15,3.90
2026-04-16,3.91
2026-04-17,3.84
2026-04-20,3.86
2026-04-21,3.91
2026-04-22,3.91
2026-04-23,3.96
2026-04-24,3.92
2026-04-27,3.94
2026-04-28,3.97
2026-04-29,4.05
2026-04-30,4.02
2026-05-01,4.02
2026-05-04,4.08
2026-05-05,4.08
2026-05-06,3.99
2026-05-07,4.04
2026-05-08,4.02
2026-05-11,4.07
2026-05-12,4.12
2026-05-13,4.12
2026-05-14,4.13
2026-05-15,4.26
2026-05-18,4.27
2026-05-19,4.32
2026-05-20,4.22
2026-05-21,4.25
2026-05-22,4.27
2026-05-25,
2026-05-26,4.19
2026-05-27,4.17
2026-05-28,4.15
2026-05-29,4.13
2026-06-01,4.18
2026-06-02,4.17
2026-06-03,4.21
2026-06-04,4.18
2026-06-05,4.29
2026-06-08,4.29
2026-06-09,4.26
2026-06-10,4.27
2026-06-11,4.18
2026-06-12,4.21
2026-06-15,4.18
2026-06-16,4.16
2026-06-17,4.27
2026-06-18,4.23
2026-06-19,
2026-06-22,4.29
2026-06-23,4.27
2026-06-24,4.17
2026-06-25,4.15
2026-06-26,4.12
2026-06-29,4.14
2026-06-30,4.19
2026-07-01,4.24
2026-07-02,4.23
2026-07-03,
2026-07-06,4.21
2026-07-07,4.27
2026-07-08,4.31
2026-07-09,4.27
2026-07-10,4.30
2026-07-13,4.37
2026-07-14,4.31
2026-07-15,4.26
2026-07-16,4.28
2026-07-17,4.28
2026-07-20,4.33
2026-07-21,4.37
2026-07-22,4.41
2026-07-23,4.46
2026-07-24,4.43
2026-07-27,4.40
2026-07-28,4.35
2026-07-29,4.37
2026-07-30,4.38
2026-07-31,4.45
2026-08-03,4.40
2026-08-04,4.33
2026-08-05,4.33
2026-08-06,4.40
2026-08-07,4.35
2026-08-10,4.41
2026-08-11,4.39
2026-08-12,4.38
2026-08-13,4.32
2026-08-14,4.36
2026-08-17,4.38
2026-08-18,4.37
2026-08-19,4.35
2026-08-20,4.39
2026-08-21,4.43
2026-08-24,4.41
2026-08-25,4.35
2026-08-26,4.37
2026-08-27,4.38
2026-08-28,4.48
2026-08-31,4.49
2026-09-01,4.55
2026-09-02,4.54
2026-09-03,4.52
2026-09-04,4.54
2026-09-07,
2026-09-08,4.57
2026-09-09,4.61
2026-09-10,4.75
2026-09-11,4.78
2026-09-14,4.80
2026-09-15,4.83
2026-09-16,4.86
2026-09-17,4.78
2026-09-18,4.86
2026-09-21,4.83
2026-09-22,4.83
2026-09-23,4.99
2026-09-24,5.03
2026-09-25,4.98
2026-09-28,5.06
2026-09-29,5.06
2026-09-30,5.09
